{
  "type": "FeatureCollection",
  "name": "kdmp-merah-putih-sample",
  "metadata": {
    "title": "Koperasi Desa/Kelurahan Merah Putih — sample location points",
    "what": "Stratified national SAMPLE (~50 villages per province) of candidate/mandated KDMP locations. KDMP is a presidential program establishing one cooperative per desa/kelurahan; each point is a village centroid, NOT a verified per-cooperative office location.",
    "geometry_source": "Badan Informasi Geospasial (BIG), Batas Wilayah Kelurahan/Desa 10K (RBI), geoservices.big.go.id — village boundary centroids, 2022-2023 vintage.",
    "program_context_source": "Kementerian Koperasi dashboard simkopdes.go.id/pers/dashboard (as of 19/07/2026): 83,381 KDMP with legal entity; 83,765 desa/kelurahan across 38 provinces.",
    "sampling": "Equal 50 per province (stride-sampled by kode_wilayah), so this is geographically representative but NOT density-proportional.",
    "caveats": "BIG layer carries no declared open licence and a note that it is not an official reference pending definitive boundaries. Attribute BIG; confirm reuse terms with BIG before redistribution. This is a demo sample, not the full 83k dataset.",
    "generated": "built 2026-07-19T14:16:06.045Z from BIG Administrasi_AR_KelDesa_10K"
  },
  "features": [
    {
      "type": "Feature",
      "geometry": {
        "type": "Point",
        "coordinates": [97.48365, 2.92903]
      },
      "properties": {
        "name": "KDMP Keude Bakongan",
        "desa": "Keude Bakongan",
        "kecamatan": "Bakongan",
        "kabupaten": "Aceh Selatan",
        "provinsi": "Aceh",
        "kode_wilayah": "11.01.01.2001"
      }
    },
    {
      "type": "Feature",
      "geometry": {
        "type": "Point",
        "coordinates": [97.50003, 2.92028]
      },
      "properties": {
        "name": "KDMP Gampong Baro",
        "desa": "Gampong Baro",
        "kecamatan": "Bakongan",
        "kabupaten": "Aceh Selatan",
        "provinsi": "Aceh",
        "kode_wilayah": "11.01.01.2017"
      }
    },
    {
      "type": "Feature",
      "geometry": {
        "type": "Point",
        "coordinates": [97.32379, 3.09653]
      },
      "properties": {
        "name": "KDMP Jambo Manyang",
        "desa": "Jambo Manyang",
        "kecamatan": "Kluet Utara",
        "kabupaten": "Aceh Selatan",
        "provinsi": "Aceh",
        "kode_wilayah": "11.01.02.2006"
      }
    },
    {
      "type": "Feature",
      "geometry": {
        "type": "Point",
        "coordinates": [97.37169, 3.1229]
      },
      "properties": {
        "name": "KDMP Krueng Kluet",
        "desa": "Krueng Kluet",
        "kecamatan": "Kluet Utara",
        "kabupaten": "Aceh Selatan",
        "provinsi": "Aceh",
        "kode_wilayah": "11.01.02.2012"
      }
    },
    {
      "type": "Feature",
      "geometry": {
        "type": "Point",
        "coordinates": [97.31154, 3.09247]
      },
      "properties": {
        "name": "KDMP Pasi Kuala Ba'U",
        "desa": "Pasi Kuala Ba'U",
        "kecamatan": "Kluet Utara",
        "kabupaten": "Aceh Selatan",
        "provinsi": "Aceh",
        "kode_wilayah": "11.01.02.2018"
      }
    },
    {
      "type": "Feature",
      "geometry": {
        "type": "Point",
        "coordinates": [97.33122, 3.05418]
      },
      "properties": {
        "name": "KDMP Barat Daya",
        "desa": "Barat Daya",
        "kecamatan": "Kluet Selatan",
        "kabupaten": "Aceh Selatan",
        "provinsi": "Aceh",
        "kode_wilayah": "11.01.03.2003"
      }
    },
    {
      "type": "Feature",
      "geometry": {
        "type": "Point",
        "coordinates": [97.32732, 3.06529]
      },
      "properties": {
        "name": "KDMP Gampong Luar",
        "desa": "Gampong Luar",
        "kecamatan": "Kluet Selatan",
        "kabupaten": "Aceh Selatan",
        "provinsi": "Aceh",
        "kode_wilayah": "11.01.03.2009"
      }
    },
    {
      "type": "Feature",
      "geometry": {
        "type": "Point",
        "coordinates": [97.44546, 3.04498]
      },
      "properties": {
        "name": "KDMP Pasie Lembang",
        "desa": "Pasie Lembang",
        "kecamatan": "Kluet Selatan",
        "kabupaten": "Aceh Selatan",
        "provinsi": "Aceh",
        "kode_wilayah": "11.01.03.2015"
      }
    },
    {
      "type": "Feature",
      "geometry": {
        "type": "Point",
        "coordinates": [96.99795, 3.54725]
      },
      "properties": {
        "name": "KDMP Pasar Lama",
        "desa": "Pasar Lama",
        "kecamatan": "Labuhanhaji",
        "kabupaten": "Aceh Selatan",
        "provinsi": "Aceh",
        "kode_wilayah": "11.01.04.2004"
      }
    },
    {
      "type": "Feature",
      "geometry": {
        "type": "Point",
        "coordinates": [96.99756, 3.56275]
      },
      "properties": {
        "name": "KDMP Cacang",
        "desa": "Cacang",
        "kecamatan": "Labuhanhaji",
        "kabupaten": "Aceh Selatan",
        "provinsi": "Aceh",
        "kode_wilayah": "11.01.04.2010"
      }
    },
    {
      "type": "Feature",
      "geometry": {
        "type": "Point",
        "coordinates": [96.98184, 3.56178]
      },
      "properties": {
        "name": "KDMP Padang Baru",
        "desa": "Padang Baru",
        "kecamatan": "Labuhanhaji",
        "kabupaten": "Aceh Selatan",
        "provinsi": "Aceh",
        "kode_wilayah": "11.01.04.2016"
      }
    },
    {
      "type": "Feature",
      "geometry": {
        "type": "Point",
        "coordinates": [97.08352, 3.54129]
      },
      "properties": {
        "name": "KDMP Buket Meuh",
        "desa": "Buket Meuh",
        "kecamatan": "Meukek",
        "kabupaten": "Aceh Selatan",
        "provinsi": "Aceh",
        "kode_wilayah": "11.01.05.2006"
      }
    },
    {
      "type": "Feature",
      "geometry": {
        "type": "Point",
        "coordinates": [97.05233, 3.46701]
      },
      "properties": {
        "name": "KDMP Arun Tunggai",
        "desa": "Arun Tunggai",
        "kecamatan": "Meukek",
        "kabupaten": "Aceh Selatan",
        "provinsi": "Aceh",
        "kode_wilayah": "11.01.05.2012"
      }
    },
    {
      "type": "Feature",
      "geometry": {
        "type": "Point",
        "coordinates": [97.06611, 3.45251]
      },
      "properties": {
        "name": "KDMP Tanjung Harapan",
        "desa": "Tanjung Harapan",
        "kecamatan": "Meukek",
        "kabupaten": "Aceh Selatan",
        "provinsi": "Aceh",
        "kode_wilayah": "11.01.05.2018"
      }
    },
    {
      "type": "Feature",
      "geometry": {
        "type": "Point",
        "coordinates": [97.16055, 3.3448]
      },
      "properties": {
        "name": "KDMP Dalam",
        "desa": "Dalam",
        "kecamatan": "Samadua",
        "kabupaten": "Aceh Selatan",
        "provinsi": "Aceh",
        "kode_wilayah": "11.01.06.2001"
      }
    },
    {
      "type": "Feature",
      "geometry": {
        "type": "Point",
        "coordinates": [97.15102, 3.33753]
      },
      "properties": {
        "name": "KDMP Alur Seumerah",
        "desa": "Alur Seumerah",
        "kecamatan": "Samadua",
        "kabupaten": "Aceh Selatan",
        "provinsi": "Aceh",
        "kode_wilayah": "11.01.06.2007"
      }
    },
    {
      "type": "Feature",
      "geometry": {
        "type": "Point",
        "coordinates": [97.15418, 3.2974]
      },
      "properties": {
        "name": "KDMP Ujung Tanah",
        "desa": "Ujung Tanah",
        "kecamatan": "Samadua",
        "kabupaten": "Aceh Selatan",
        "provinsi": "Aceh",
        "kode_wilayah": "11.01.06.2013"
      }
    },
    {
      "type": "Feature",
      "geometry": {
        "type": "Point",
        "coordinates": [97.1461, 3.30777]
      },
      "properties": {
        "name": "KDMP Tampang",
        "desa": "Tampang",
        "kecamatan": "Samadua",
        "kabupaten": "Aceh Selatan",
        "provinsi": "Aceh",
        "kode_wilayah": "11.01.06.2019"
      }
    },
    {
      "type": "Feature",
      "geometry": {
        "type": "Point",
        "coordinates": [97.1556, 3.31273]
      },
      "properties": {
        "name": "KDMP Air Sialang Hulu",
        "desa": "Air Sialang Hulu",
        "kecamatan": "Samadua",
        "kabupaten": "Aceh Selatan",
        "provinsi": "Aceh",
        "kode_wilayah": "11.01.06.2025"
      }
    },
    {
      "type": "Feature",
      "geometry": {
        "type": "Point",
        "coordinates": [97.09467, 3.3957]
      },
      "properties": {
        "name": "KDMP Meuligo",
        "desa": "Meuligo",
        "kecamatan": "Sawang",
        "kabupaten": "Aceh Selatan",
        "provinsi": "Aceh",
        "kode_wilayah": "11.01.07.2003"
      }
    },
    {
      "type": "Feature",
      "geometry": {
        "type": "Point",
        "coordinates": [97.16326, 3.3963]
      },
      "properties": {
        "name": "KDMP Panton Luas",
        "desa": "Panton Luas",
        "kecamatan": "Sawang",
        "kabupaten": "Aceh Selatan",
        "provinsi": "Aceh",
        "kode_wilayah": "11.01.07.2009"
      }
    },
    {
      "type": "Feature",
      "geometry": {
        "type": "Point",
        "coordinates": [97.07889, 3.41182]
      },
      "properties": {
        "name": "KDMP Sawang Ba'U",
        "desa": "Sawang Ba'U",
        "kecamatan": "Sawang",
        "kabupaten": "Aceh Selatan",
        "provinsi": "Aceh",
        "kode_wilayah": "11.01.07.2015"
      }
    },
    {
      "type": "Feature",
      "geometry": {
        "type": "Point",
        "coordinates": [97.18262, 3.25936]
      },
      "properties": {
        "name": "KDMP Tepi Air",
        "desa": "Tepi Air",
        "kecamatan": "Tapaktuan",
        "kabupaten": "Aceh Selatan",
        "provinsi": "Aceh",
        "kode_wilayah": "11.01.08.2006"
      }
    },
    {
      "type": "Feature",
      "geometry": {
        "type": "Point",
        "coordinates": [97.22239, 3.267]
      },
      "properties": {
        "name": "KDMP Batu Itam",
        "desa": "Batu Itam",
        "kecamatan": "Tapaktuan",
        "kabupaten": "Aceh Selatan",
        "provinsi": "Aceh",
        "kode_wilayah": "11.01.08.2012"
      }
    },
    {
      "type": "Feature",
      "geometry": {
        "type": "Point",
        "coordinates": [97.66008, 2.82871]
      },
      "properties": {
        "name": "KDMP Ujong Tanoh",
        "desa": "Ujong Tanoh",
        "kecamatan": "Trumon",
        "kabupaten": "Aceh Selatan",
        "provinsi": "Aceh",
        "kode_wilayah": "11.01.09.2002"
      }
    },
    {
      "type": "Feature",
      "geometry": {
        "type": "Point",
        "coordinates": [97.72149, 2.62744]
      },
      "properties": {
        "name": "KDMP Kuta Padang",
        "desa": "Kuta Padang",
        "kecamatan": "Trumon",
        "kabupaten": "Aceh Selatan",
        "provinsi": "Aceh",
        "kode_wilayah": "11.01.09.2012"
      }
    },
    {
      "type": "Feature",
      "geometry": {
        "type": "Point",
        "coordinates": [97.28521, 3.22878]
      },
      "properties": {
        "name": "KDMP Pucok Krueng",
        "desa": "Pucok Krueng",
        "kecamatan": "Pasi Raja",
        "kabupaten": "Aceh Selatan",
        "provinsi": "Aceh",
        "kode_wilayah": "11.01.10.2002"
      }
    },
    {
      "type": "Feature",
      "geometry": {
        "type": "Point",
        "coordinates": [97.27015, 3.2111]
      },
      "properties": {
        "name": "KDMP Mata Ie",
        "desa": "Mata Ie",
        "kecamatan": "Pasi Raja",
        "kabupaten": "Aceh Selatan",
        "provinsi": "Aceh",
        "kode_wilayah": "11.01.10.2008"
      }
    },
    {
      "type": "Feature",
      "geometry": {
        "type": "Point",
        "coordinates": [97.30475, 3.15477]
      },
      "properties": {
        "name": "KDMP Ujung Padang Rasian",
        "desa": "Ujung Padang Rasian",
        "kecamatan": "Pasi Raja",
        "kabupaten": "Aceh Selatan",
        "provinsi": "Aceh",
        "kode_wilayah": "11.01.10.2014"
      }
    },
    {
      "type": "Feature",
      "geometry": {
        "type": "Point",
        "coordinates": [97.32634, 3.14772]
      },
      "properties": {
        "name": "KDMP Pulo Ie Ii",
        "desa": "Pulo Ie Ii",
        "kecamatan": "Pasi Raja",
        "kabupaten": "Aceh Selatan",
        "provinsi": "Aceh",
        "kode_wilayah": "11.01.10.2020"
      }
    },
    {
      "type": "Feature",
      "geometry": {
        "type": "Point",
        "coordinates": [97.04352, 3.50744]
      },
      "properties": {
        "name": "KDMP Limau Saring",
        "desa": "Limau Saring",
        "kecamatan": "Labuhan Haji Timur",
        "kabupaten": "Aceh Selatan",
        "provinsi": "Aceh",
        "kode_wilayah": "11.01.11.2005"
      }
    },
    {
      "type": "Feature",
      "geometry": {
        "type": "Point",
        "coordinates": [97.0272, 3.54551]
      },
      "properties": {
        "name": "KDMP Keumumu Seberang",
        "desa": "Keumumu Seberang",
        "kecamatan": "Labuhan Haji Timur",
        "kabupaten": "Aceh Selatan",
        "provinsi": "Aceh",
        "kode_wilayah": "11.01.11.2011"
      }
    },
    {
      "type": "Feature",
      "geometry": {
        "type": "Point",
        "coordinates": [96.97602, 3.56651]
      },
      "properties": {
        "name": "KDMP Ujung Padang",
        "desa": "Ujung Padang",
        "kecamatan": "Labuhan Haji Barat",
        "kabupaten": "Aceh Selatan",
        "provinsi": "Aceh",
        "kode_wilayah": "11.01.12.2005"
      }
    },
    {
      "type": "Feature",
      "geometry": {
        "type": "Point",
        "coordinates": [96.96979, 3.59338]
      },
      "properties": {
        "name": "KDMP Kuta Trieng",
        "desa": "Kuta Trieng",
        "kecamatan": "Labuhan Haji Barat",
        "kabupaten": "Aceh Selatan",
        "provinsi": "Aceh",
        "kode_wilayah": "11.01.12.2011"
      }
    },
    {
      "type": "Feature",
      "geometry": {
        "type": "Point",
        "coordinates": [97.29398, 3.41431]
      },
      "properties": {
        "name": "KDMP Alur Keujrun",
        "desa": "Alur Keujrun",
        "kecamatan": "Kluet Tengah",
        "kabupaten": "Aceh Selatan",
        "provinsi": "Aceh",
        "kode_wilayah": "11.01.13.2002"
      }
    },
    {
      "type": "Feature",
      "geometry": {
        "type": "Point",
        "coordinates": [97.36039, 3.24612]
      },
      "properties": {
        "name": "KDMP Kampung Padang",
        "desa": "Kampung Padang",
        "kecamatan": "Kluet Tengah",
        "kabupaten": "Aceh Selatan",
        "provinsi": "Aceh",
        "kode_wilayah": "11.01.13.2008"
      }
    },
    {
      "type": "Feature",
      "geometry": {
        "type": "Point",
        "coordinates": [97.42085, 3.10846]
      },
      "properties": {
        "name": "KDMP Paya Dapur",
        "desa": "Paya Dapur",
        "kecamatan": "Kluet Timur",
        "kabupaten": "Aceh Selatan",
        "provinsi": "Aceh",
        "kode_wilayah": "11.01.14.2001"
      }
    },
    {
      "type": "Feature",
      "geometry": {
        "type": "Point",
        "coordinates": [97.48754, 3.16139]
      },
      "properties": {
        "name": "KDMP Pucuk Lembang",
        "desa": "Pucuk Lembang",
        "kecamatan": "Kluet Timur",
        "kabupaten": "Aceh Selatan",
        "provinsi": "Aceh",
        "kode_wilayah": "11.01.14.2007"
      }
    },
    {
      "type": "Feature",
      "geometry": {
        "type": "Point",
        "coordinates": [97.57506, 2.90348]
      },
      "properties": {
        "name": "KDMP Sawah Tingkeum",
        "desa": "Sawah Tingkeum",
        "kecamatan": "Bakongan Timur",
        "kabupaten": "Aceh Selatan",
        "provinsi": "Aceh",
        "kode_wilayah": "11.01.15.2004"
      }
    },
    {
      "type": "Feature",
      "geometry": {
        "type": "Point",
        "coordinates": [97.78861, 2.91682]
      },
      "properties": {
        "name": "KDMP Jambo Dalem",
        "desa": "Jambo Dalem",
        "kecamatan": "Trumon Timur",
        "kabupaten": "Aceh Selatan",
        "provinsi": "Aceh",
        "kode_wilayah": "11.01.16.2007"
      }
    },
    {
      "type": "Feature",
      "geometry": {
        "type": "Point",
        "coordinates": [97.49586, 2.98699]
      },
      "properties": {
        "name": "KDMP Buket Gadeng",
        "desa": "Buket Gadeng",
        "kecamatan": "Kota Bahagia",
        "kabupaten": "Aceh Selatan",
        "provinsi": "Aceh",
        "kode_wilayah": "11.01.17.2001"
      }
    },
    {
      "type": "Feature",
      "geometry": {
        "type": "Point",
        "coordinates": [97.53135, 2.98485]
      },
      "properties": {
        "name": "KDMP Ujong Gunung Rayeuk",
        "desa": "Ujong Gunung Rayeuk",
        "kecamatan": "Kota Bahagia",
        "kabupaten": "Aceh Selatan",
        "provinsi": "Aceh",
        "kode_wilayah": "11.01.17.2007"
      }
    },
    {
      "type": "Feature",
      "geometry": {
        "type": "Point",
        "coordinates": [97.61414, 2.92939]
      },
      "properties": {
        "name": "KDMP Kampong Teungoh",
        "desa": "Kampong Teungoh",
        "kecamatan": "Trumon Tengah",
        "kabupaten": "Aceh Selatan",
        "provinsi": "Aceh",
        "kode_wilayah": "11.01.18.2003"
      }
    },
    {
      "type": "Feature",
      "geometry": {
        "type": "Point",
        "coordinates": [97.70003, 2.90414]
      },
      "properties": {
        "name": "KDMP Ie Jeureuneh",
        "desa": "Ie Jeureuneh",
        "kecamatan": "Trumon Tengah",
        "kabupaten": "Aceh Selatan",
        "provinsi": "Aceh",
        "kode_wilayah": "11.01.18.2009"
      }
    },
    {
      "type": "Feature",
      "geometry": {
        "type": "Point",
        "coordinates": [97.81611, 3.41901]
      },
      "properties": {
        "name": "KDMP Lawe Kongker",
        "desa": "Lawe Kongker",
        "kecamatan": "Lawe Alas",
        "kabupaten": "Aceh Tenggara",
        "provinsi": "Aceh",
        "kode_wilayah": "11.02.01.2007"
      }
    },
    {
      "type": "Feature",
      "geometry": {
        "type": "Point",
        "coordinates": [97.69243, 3.40827]
      },
      "properties": {
        "name": "KDMP Lawe Sempilang",
        "desa": "Lawe Sempilang",
        "kecamatan": "Lawe Alas",
        "kabupaten": "Aceh Tenggara",
        "provinsi": "Aceh",
        "kode_wilayah": "11.02.01.2014"
      }
    },
    {
      "type": "Feature",
      "geometry": {
        "type": "Point",
        "coordinates": [97.81944, 3.40808]
      },
      "properties": {
        "name": "KDMP Lawe Lubang Indah",
        "desa": "Lawe Lubang Indah",
        "kecamatan": "Lawe Alas",
        "kabupaten": "Aceh Tenggara",
        "provinsi": "Aceh",
        "kode_wilayah": "11.02.01.2020"
      }
    },
    {
      "type": "Feature",
      "geometry": {
        "type": "Point",
        "coordinates": [97.56228, 3.4146]
      },
      "properties": {
        "name": "KDMP Pintu Khimbe",
        "desa": "Pintu Khimbe",
        "kecamatan": "Lawe Alas",
        "kabupaten": "Aceh Tenggara",
        "provinsi": "Aceh",
        "kode_wilayah": "11.02.01.2026"
      }
    },
    {
      "type": "Feature",
      "geometry": {
        "type": "Point",
        "coordinates": [97.91294, 3.37609]
      },
      "properties": {
        "name": "KDMP Bukit Merdeka",
        "desa": "Bukit Merdeka",
        "kecamatan": "Lawe Sigala-Gala",
        "kabupaten": "Aceh Tenggara",
        "provinsi": "Aceh",
        "kode_wilayah": "11.02.02.2001"
      }
    },
    {
      "type": "Feature",
      "geometry": {
        "type": "Point",
        "coordinates": [97.91672, 3.34981]
      },
      "properties": {
        "name": "KDMP Lawe Sigala Barat",
        "desa": "Lawe Sigala Barat",
        "kecamatan": "Lawe Sigala-Gala",
        "kabupaten": "Aceh Tenggara",
        "provinsi": "Aceh",
        "kode_wilayah": "11.02.02.2007"
      }
    },
    {
      "type": "Feature",
      "geometry": {
        "type": "Point",
        "coordinates": [98.40209, 2.00861]
      },
      "properties": {
        "name": "KDMP Pasar Batu Gerigis",
        "desa": "Pasar Batu Gerigis",
        "kecamatan": "Barus",
        "kabupaten": "Tapanuli Tengah",
        "provinsi": "Sumatera Utara",
        "kode_wilayah": "12.01.01.1001"
      }
    },
    {
      "type": "Feature",
      "geometry": {
        "type": "Point",
        "coordinates": [98.39177, 2.01352]
      },
      "properties": {
        "name": "KDMP Kinali",
        "desa": "Kinali",
        "kecamatan": "Barus",
        "kabupaten": "Tapanuli Tengah",
        "provinsi": "Sumatera Utara",
        "kode_wilayah": "12.01.01.2007"
      }
    },
    {
      "type": "Feature",
      "geometry": {
        "type": "Point",
        "coordinates": [98.42805, 2.01228]
      },
      "properties": {
        "name": "KDMP Kedai Gedang",
        "desa": "Kedai Gedang",
        "kecamatan": "Barus",
        "kabupaten": "Tapanuli Tengah",
        "provinsi": "Sumatera Utara",
        "kode_wilayah": "12.01.01.2018"
      }
    },
    {
      "type": "Feature",
      "geometry": {
        "type": "Point",
        "coordinates": [98.6468, 1.93392]
      },
      "properties": {
        "name": "KDMP Fajar",
        "desa": "Fajar",
        "kecamatan": "Sorkam",
        "kabupaten": "Tapanuli Tengah",
        "provinsi": "Sumatera Utara",
        "kode_wilayah": "12.01.02.2005"
      }
    },
    {
      "type": "Feature",
      "geometry": {
        "type": "Point",
        "coordinates": [98.61079, 1.92249]
      },
      "properties": {
        "name": "KDMP Pea Raja",
        "desa": "Pea Raja",
        "kecamatan": "Sorkam",
        "kabupaten": "Tapanuli Tengah",
        "provinsi": "Sumatera Utara",
        "kode_wilayah": "12.01.02.2014"
      }
    },
    {
      "type": "Feature",
      "geometry": {
        "type": "Point",
        "coordinates": [98.60255, 1.91521]
      },
      "properties": {
        "name": "KDMP Hite Urat",
        "desa": "Hite Urat",
        "kecamatan": "Sorkam",
        "kabupaten": "Tapanuli Tengah",
        "provinsi": "Sumatera Utara",
        "kode_wilayah": "12.01.02.2020"
      }
    },
    {
      "type": "Feature",
      "geometry": {
        "type": "Point",
        "coordinates": [98.83467, 1.68807]
      },
      "properties": {
        "name": "KDMP Aek Tolang",
        "desa": "Aek Tolang",
        "kecamatan": "Pandan",
        "kabupaten": "Tapanuli Tengah",
        "provinsi": "Sumatera Utara",
        "kode_wilayah": "12.01.03.1003"
      }
    },
    {
      "type": "Feature",
      "geometry": {
        "type": "Point",
        "coordinates": [98.83807, 1.66647]
      },
      "properties": {
        "name": "KDMP Kalangan",
        "desa": "Kalangan",
        "kecamatan": "Pandan",
        "kabupaten": "Tapanuli Tengah",
        "provinsi": "Sumatera Utara",
        "kode_wilayah": "12.01.03.1013"
      }
    },
    {
      "type": "Feature",
      "geometry": {
        "type": "Point",
        "coordinates": [98.84597, 1.70697]
      },
      "properties": {
        "name": "KDMP Pasar Baru",
        "desa": "Pasar Baru",
        "kecamatan": "Pandan",
        "kabupaten": "Tapanuli Tengah",
        "provinsi": "Sumatera Utara",
        "kode_wilayah": "12.01.03.1021"
      }
    },
    {
      "type": "Feature",
      "geometry": {
        "type": "Point",
        "coordinates": [98.84753, 1.65656]
      },
      "properties": {
        "name": "KDMP Aek Garut",
        "desa": "Aek Garut",
        "kecamatan": "Pandan",
        "kabupaten": "Tapanuli Tengah",
        "provinsi": "Sumatera Utara",
        "kode_wilayah": "12.01.03.2014"
      }
    },
    {
      "type": "Feature",
      "geometry": {
        "type": "Point",
        "coordinates": [98.9099, 1.5581]
      },
      "properties": {
        "name": "KDMP Sori Nauli",
        "desa": "Sori Nauli",
        "kecamatan": "Pinangsori",
        "kabupaten": "Tapanuli Tengah",
        "provinsi": "Sumatera Utara",
        "kode_wilayah": "12.01.04.1010"
      }
    },
    {
      "type": "Feature",
      "geometry": {
        "type": "Point",
        "coordinates": [98.21163, 2.13185]
      },
      "properties": {
        "name": "KDMP P.O. Manduamas",
        "desa": "P.O. Manduamas",
        "kecamatan": "Manduamas",
        "kabupaten": "Tapanuli Tengah",
        "provinsi": "Sumatera Utara",
        "kode_wilayah": "12.01.05.1001"
      }
    },
    {
      "type": "Feature",
      "geometry": {
        "type": "Point",
        "coordinates": [98.26927, 2.14111]
      },
      "properties": {
        "name": "KDMP Manduamas Lama",
        "desa": "Manduamas Lama",
        "kecamatan": "Manduamas",
        "kabupaten": "Tapanuli Tengah",
        "provinsi": "Sumatera Utara",
        "kode_wilayah": "12.01.05.2006"
      }
    },
    {
      "type": "Feature",
      "geometry": {
        "type": "Point",
        "coordinates": [98.25177, 2.22865]
      },
      "properties": {
        "name": "KDMP Binjohara Uruk",
        "desa": "Binjohara Uruk",
        "kecamatan": "Manduamas",
        "kabupaten": "Tapanuli Tengah",
        "provinsi": "Sumatera Utara",
        "kode_wilayah": "12.01.05.2012"
      }
    },
    {
      "type": "Feature",
      "geometry": {
        "type": "Point",
        "coordinates": [98.26091, 2.19163]
      },
      "properties": {
        "name": "KDMP Parsihotangan",
        "desa": "Parsihotangan",
        "kecamatan": "Manduamas",
        "kabupaten": "Tapanuli Tengah",
        "provinsi": "Sumatera Utara",
        "kode_wilayah": "12.01.05.2018"
      }
    },
    {
      "type": "Feature",
      "geometry": {
        "type": "Point",
        "coordinates": [98.67491, 1.84847]
      },
      "properties": {
        "name": "KDMP Unte Mungkur Ii",
        "desa": "Unte Mungkur Ii",
        "kecamatan": "Kolang",
        "kabupaten": "Tapanuli Tengah",
        "provinsi": "Sumatera Utara",
        "kode_wilayah": "12.01.06.2003"
      }
    },
    {
      "type": "Feature",
      "geometry": {
        "type": "Point",
        "coordinates": [98.65525, 1.79974]
      },
      "properties": {
        "name": "KDMP Makarti Nauli",
        "desa": "Makarti Nauli",
        "kecamatan": "Kolang",
        "kabupaten": "Tapanuli Tengah",
        "provinsi": "Sumatera Utara",
        "kode_wilayah": "12.01.06.2011"
      }
    },
    {
      "type": "Feature",
      "geometry": {
        "type": "Point",
        "coordinates": [98.75275, 1.80803]
      },
      "properties": {
        "name": "KDMP Tapian Nauli Iii",
        "desa": "Tapian Nauli Iii",
        "kecamatan": "Tapian Nauli",
        "kabupaten": "Tapanuli Tengah",
        "provinsi": "Sumatera Utara",
        "kode_wilayah": "12.01.07.2003"
      }
    },
    {
      "type": "Feature",
      "geometry": {
        "type": "Point",
        "coordinates": [98.78461, 1.79406]
      },
      "properties": {
        "name": "KDMP Bair",
        "desa": "Bair",
        "kecamatan": "Tapian Nauli",
        "kabupaten": "Tapanuli Tengah",
        "provinsi": "Sumatera Utara",
        "kode_wilayah": "12.01.07.2009"
      }
    },
    {
      "type": "Feature",
      "geometry": {
        "type": "Point",
        "coordinates": [98.97697, 1.56473]
      },
      "properties": {
        "name": "KDMP Simanosor",
        "desa": "Simanosor",
        "kecamatan": "Sibabangun",
        "kabupaten": "Tapanuli Tengah",
        "provinsi": "Sumatera Utara",
        "kode_wilayah": "12.01.08.2010"
      }
    },
    {
      "type": "Feature",
      "geometry": {
        "type": "Point",
        "coordinates": [98.51891, 1.97071]
      },
      "properties": {
        "name": "KDMP Siantar Ca.",
        "desa": "Siantar Ca.",
        "kecamatan": "Sosorgadong",
        "kabupaten": "Tapanuli Tengah",
        "provinsi": "Sumatera Utara",
        "kode_wilayah": "12.01.09.2005"
      }
    },
    {
      "type": "Feature",
      "geometry": {
        "type": "Point",
        "coordinates": [98.55817, 1.8987]
      },
      "properties": {
        "name": "KDMP Binasi",
        "desa": "Binasi",
        "kecamatan": "Sorkam Barat",
        "kabupaten": "Tapanuli Tengah",
        "provinsi": "Sumatera Utara",
        "kode_wilayah": "12.01.10.1019"
      }
    },
    {
      "type": "Feature",
      "geometry": {
        "type": "Point",
        "coordinates": [98.55681, 1.94459]
      },
      "properties": {
        "name": "KDMP Maduma",
        "desa": "Maduma",
        "kecamatan": "Sorkam Barat",
        "kabupaten": "Tapanuli Tengah",
        "provinsi": "Sumatera Utara",
        "kode_wilayah": "12.01.10.2014"
      }
    },
    {
      "type": "Feature",
      "geometry": {
        "type": "Point",
        "coordinates": [98.33491, 2.07067]
      },
      "properties": {
        "name": "KDMP Sampang Maruhur",
        "desa": "Sampang Maruhur",
        "kecamatan": "Sirandorung",
        "kabupaten": "Tapanuli Tengah",
        "provinsi": "Sumatera Utara",
        "kode_wilayah": "12.01.11.2002"
      }
    },
    {
      "type": "Feature",
      "geometry": {
        "type": "Point",
        "coordinates": [98.27881, 2.11197]
      },
      "properties": {
        "name": "KDMP Muara Ode",
        "desa": "Muara Ode",
        "kecamatan": "Sirandorung",
        "kabupaten": "Tapanuli Tengah",
        "provinsi": "Sumatera Utara",
        "kode_wilayah": "12.01.11.2008"
      }
    },
    {
      "type": "Feature",
      "geometry": {
        "type": "Point",
        "coordinates": [98.39335, 2.08708]
      },
      "properties": {
        "name": "KDMP Sigolang",
        "desa": "Sigolang",
        "kecamatan": "Andam Dewi",
        "kabupaten": "Tapanuli Tengah",
        "provinsi": "Sumatera Utara",
        "kode_wilayah": "12.01.12.2005"
      }
    },
    {
      "type": "Feature",
      "geometry": {
        "type": "Point",
        "coordinates": [98.37363, 2.05783]
      },
      "properties": {
        "name": "KDMP Bondar Sihudon II",
        "desa": "Bondar Sihudon II",
        "kecamatan": "Andam Dewi",
        "kabupaten": "Tapanuli Tengah",
        "provinsi": "Sumatera Utara",
        "kode_wilayah": "12.01.12.2012"
      }
    },
    {
      "type": "Feature",
      "geometry": {
        "type": "Point",
        "coordinates": [98.78408, 1.83898]
      },
      "properties": {
        "name": "KDMP Mardame",
        "desa": "Mardame",
        "kecamatan": "Sitahuis",
        "kabupaten": "Tapanuli Tengah",
        "provinsi": "Sumatera Utara",
        "kode_wilayah": "12.01.13.2004"
      }
    },
    {
      "type": "Feature",
      "geometry": {
        "type": "Point",
        "coordinates": [98.87841, 1.65201]
      },
      "properties": {
        "name": "KDMP Sipange",
        "desa": "Sipange",
        "kecamatan": "Tukka",
        "kabupaten": "Tapanuli Tengah",
        "provinsi": "Sumatera Utara",
        "kode_wilayah": "12.01.14.1007"
      }
    },
    {
      "type": "Feature",
      "geometry": {
        "type": "Point",
        "coordinates": [98.85655, 1.58298]
      },
      "properties": {
        "name": "KDMP Hutabalang",
        "desa": "Hutabalang",
        "kecamatan": "Badiri",
        "kabupaten": "Tapanuli Tengah",
        "provinsi": "Sumatera Utara",
        "kode_wilayah": "12.01.15.1001"
      }
    },
    {
      "type": "Feature",
      "geometry": {
        "type": "Point",
        "coordinates": [98.88256, 1.62958]
      },
      "properties": {
        "name": "KDMP Lubuk Ampolu",
        "desa": "Lubuk Ampolu",
        "kecamatan": "Badiri",
        "kabupaten": "Tapanuli Tengah",
        "provinsi": "Sumatera Utara",
        "kode_wilayah": "12.01.15.2007"
      }
    },
    {
      "type": "Feature",
      "geometry": {
        "type": "Point",
        "coordinates": [98.63384, 1.95527]
      },
      "properties": {
        "name": "KDMP Pasaribu Tobing",
        "desa": "Pasaribu Tobing",
        "kecamatan": "Pasaribu Tobing",
        "kabupaten": "Tapanuli Tengah",
        "provinsi": "Sumatera Utara",
        "kode_wilayah": "12.01.16.2004"
      }
    },
    {
      "type": "Feature",
      "geometry": {
        "type": "Point",
        "coordinates": [98.42158, 2.0497]
      },
      "properties": {
        "name": "KDMP Hutaginjang",
        "desa": "Hutaginjang",
        "kecamatan": "Barus Utara",
        "kabupaten": "Tapanuli Tengah",
        "provinsi": "Sumatera Utara",
        "kode_wilayah": "12.01.17.2001"
      }
    },
    {
      "type": "Feature",
      "geometry": {
        "type": "Point",
        "coordinates": [98.96533, 1.45324]
      },
      "properties": {
        "name": "KDMP Pulo Pakkat",
        "desa": "Pulo Pakkat",
        "kecamatan": "Suka Bangun",
        "kabupaten": "Tapanuli Tengah",
        "provinsi": "Sumatera Utara",
        "kode_wilayah": "12.01.18.2001"
      }
    },
    {
      "type": "Feature",
      "geometry": {
        "type": "Point",
        "coordinates": [98.90348, 1.48776]
      },
      "properties": {
        "name": "KDMP Lumut",
        "desa": "Lumut",
        "kecamatan": "Lumut",
        "kabupaten": "Tapanuli Tengah",
        "provinsi": "Sumatera Utara",
        "kode_wilayah": "12.01.19.1001"
      }
    },
    {
      "type": "Feature",
      "geometry": {
        "type": "Point",
        "coordinates": [98.81783, 1.70752]
      },
      "properties": {
        "name": "KDMP Sibuluan Nalambok",
        "desa": "Sibuluan Nalambok",
        "kecamatan": "Sarudik",
        "kabupaten": "Tapanuli Tengah",
        "provinsi": "Sumatera Utara",
        "kode_wilayah": "12.01.20.1001"
      }
    },
    {
      "type": "Feature",
      "geometry": {
        "type": "Point",
        "coordinates": [98.96171, 2.01383]
      },
      "properties": {
        "name": "KDMP Hutatoruan V",
        "desa": "Hutatoruan V",
        "kecamatan": "Tarutung",
        "kabupaten": "Tapanuli Utara",
        "provinsi": "Sumatera Utara",
        "kode_wilayah": "12.02.01.1002"
      }
    },
    {
      "type": "Feature",
      "geometry": {
        "type": "Point",
        "coordinates": [98.97132, 1.99797]
      },
      "properties": {
        "name": "KDMP Parbubu I",
        "desa": "Parbubu I",
        "kecamatan": "Tarutung",
        "kabupaten": "Tapanuli Utara",
        "provinsi": "Sumatera Utara",
        "kode_wilayah": "12.02.01.2008"
      }
    },
    {
      "type": "Feature",
      "geometry": {
        "type": "Point",
        "coordinates": [98.95997, 1.97847]
      },
      "properties": {
        "name": "KDMP Parbubu Dolok",
        "desa": "Parbubu Dolok",
        "kecamatan": "Tarutung",
        "kabupaten": "Tapanuli Utara",
        "provinsi": "Sumatera Utara",
        "kode_wilayah": "12.02.01.2014"
      }
    },
    {
      "type": "Feature",
      "geometry": {
        "type": "Point",
        "coordinates": [98.93983, 1.99566]
      },
      "properties": {
        "name": "KDMP Hutatoruan Viii",
        "desa": "Hutatoruan Viii",
        "kecamatan": "Tarutung",
        "kabupaten": "Tapanuli Utara",
        "provinsi": "Sumatera Utara",
        "kode_wilayah": "12.02.01.2020"
      }
    },
    {
      "type": "Feature",
      "geometry": {
        "type": "Point",
        "coordinates": [98.95757, 2.03414]
      },
      "properties": {
        "name": "KDMP Siraja Oloan",
        "desa": "Siraja Oloan",
        "kecamatan": "Tarutung",
        "kabupaten": "Tapanuli Utara",
        "provinsi": "Sumatera Utara",
        "kode_wilayah": "12.02.01.2026"
      }
    },
    {
      "type": "Feature",
      "geometry": {
        "type": "Point",
        "coordinates": [98.9848, 1.99664]
      },
      "properties": {
        "name": "KDMP Siraja Hutagalung",
        "desa": "Siraja Hutagalung",
        "kecamatan": "Siatas Barita",
        "kabupaten": "Tapanuli Utara",
        "provinsi": "Sumatera Utara",
        "kode_wilayah": "12.02.02.2001"
      }
    },
    {
      "type": "Feature",
      "geometry": {
        "type": "Point",
        "coordinates": [98.99949, 2.00877]
      },
      "properties": {
        "name": "KDMP Simorangkir Habinsaran",
        "desa": "Simorangkir Habinsaran",
        "kecamatan": "Siatas Barita",
        "kabupaten": "Tapanuli Utara",
        "provinsi": "Sumatera Utara",
        "kode_wilayah": "12.02.02.2007"
      }
    },
    {
      "type": "Feature",
      "geometry": {
        "type": "Point",
        "coordinates": [98.93186, 1.91557]
      },
      "properties": {
        "name": "KDMP Dolok Nauli",
        "desa": "Dolok Nauli",
        "kecamatan": "Adian Koting",
        "kabupaten": "Tapanuli Utara",
        "provinsi": "Sumatera Utara",
        "kode_wilayah": "12.02.03.2001"
      }
    },
    {
      "type": "Feature",
      "geometry": {
        "type": "Point",
        "coordinates": [98.84025, 1.88929]
      },
      "properties": {
        "name": "KDMP Pagaran Lambung Iv",
        "desa": "Pagaran Lambung Iv",
        "kecamatan": "Adian Koting",
        "kabupaten": "Tapanuli Utara",
        "provinsi": "Sumatera Utara",
        "kode_wilayah": "12.02.03.2007"
      }
    },
    {
      "type": "Feature",
      "geometry": {
        "type": "Point",
        "coordinates": [98.87707, 1.80495]
      },
      "properties": {
        "name": "KDMP Pangaran Lambung I",
        "desa": "Pangaran Lambung I",
        "kecamatan": "Adian Koting",
        "kabupaten": "Tapanuli Utara",
        "provinsi": "Sumatera Utara",
        "kode_wilayah": "12.02.03.2013"
      }
    },
    {
      "type": "Feature",
      "geometry": {
        "type": "Point",
        "coordinates": [98.93097, 2.04925]
      },
      "properties": {
        "name": "KDMP Simanungkalit",
        "desa": "Simanungkalit",
        "kecamatan": "Sipoholon",
        "kabupaten": "Tapanuli Utara",
        "provinsi": "Sumatera Utara",
        "kode_wilayah": "12.02.04.2003"
      }
    },
    {
      "type": "Feature",
      "geometry": {
        "type": "Point",
        "coordinates": [98.88934, 2.02448]
      },
      "properties": {
        "name": "KDMP Rura Julu Dolok",
        "desa": "Rura Julu Dolok",
        "kecamatan": "Sipoholon",
        "kabupaten": "Tapanuli Utara",
        "provinsi": "Sumatera Utara",
        "kode_wilayah": "12.02.04.2010"
      }
    },
    {
      "type": "Feature",
      "geometry": {
        "type": "Point",
        "coordinates": [99.06819, 1.90427]
      },
      "properties": {
        "name": "KDMP Onan Hasang",
        "desa": "Onan Hasang",
        "kecamatan": "Pahae Julu",
        "kabupaten": "Tapanuli Utara",
        "provinsi": "Sumatera Utara",
        "kode_wilayah": "12.02.05.1001"
      }
    },
    {
      "type": "Feature",
      "geometry": {
        "type": "Point",
        "coordinates": [99.07967, 1.84821]
      },
      "properties": {
        "name": "KDMP Sitolu Ama",
        "desa": "Sitolu Ama",
        "kecamatan": "Pahae Julu",
        "kabupaten": "Tapanuli Utara",
        "provinsi": "Sumatera Utara",
        "kode_wilayah": "12.02.05.2007"
      }
    },
    {
      "type": "Feature",
      "geometry": {
        "type": "Point",
        "coordinates": [100.97223, -2.07058]
      },
      "properties": {
        "name": "KDMP Inderapura",
        "desa": "Inderapura",
        "kecamatan": "Pancung Soal",
        "kabupaten": "Pesisir Selatan",
        "provinsi": "Sumatera Barat",
        "kode_wilayah": "13.01.01.2001"
      }
    },
    {
      "type": "Feature",
      "geometry": {
        "type": "Point",
        "coordinates": [100.95992, -2.08209]
      },
      "properties": {
        "name": "KDMP Simpang Lama Inderapura",
        "desa": "Simpang Lama Inderapura",
        "kecamatan": "Pancung Soal",
        "kabupaten": "Pesisir Selatan",
        "provinsi": "Sumatera Barat",
        "kode_wilayah": "13.01.01.2009"
      }
    },
    {
      "type": "Feature",
      "geometry": {
        "type": "Point",
        "coordinates": [100.84584, -1.81084]
      },
      "properties": {
        "name": "KDMP Sungai Tunu Utara",
        "desa": "Sungai Tunu Utara",
        "kecamatan": "Ranah Pesisir",
        "kabupaten": "Pesisir Selatan",
        "provinsi": "Sumatera Barat",
        "kode_wilayah": "13.01.02.2003"
      }
    },
    {
      "type": "Feature",
      "geometry": {
        "type": "Point",
        "coordinates": [100.96055, -1.7259]
      },
      "properties": {
        "name": "KDMP Pelangai Kaciak",
        "desa": "Pelangai Kaciak",
        "kecamatan": "Ranah Pesisir",
        "kabupaten": "Pesisir Selatan",
        "provinsi": "Sumatera Barat",
        "kode_wilayah": "13.01.02.2009"
      }
    },
    {
      "type": "Feature",
      "geometry": {
        "type": "Point",
        "coordinates": [100.71627, -1.68549]
      },
      "properties": {
        "name": "KDMP Kambang Barat",
        "desa": "Kambang Barat",
        "kecamatan": "Lengayang",
        "kabupaten": "Pesisir Selatan",
        "provinsi": "Sumatera Barat",
        "kode_wilayah": "13.01.03.2005"
      }
    },
    {
      "type": "Feature",
      "geometry": {
        "type": "Point",
        "coordinates": [100.6333, -1.42116]
      },
      "properties": {
        "name": "KDMP Iv Koto Mudiek",
        "desa": "Iv Koto Mudiek",
        "kecamatan": "Batang Kapas",
        "kabupaten": "Pesisir Selatan",
        "provinsi": "Sumatera Barat",
        "kode_wilayah": "13.01.04.2002"
      }
    },
    {
      "type": "Feature",
      "geometry": {
        "type": "Point",
        "coordinates": [100.63753, -1.46296]
      },
      "properties": {
        "name": "KDMP Sungai Nyalo Iv Koto Mudiek",
        "desa": "Sungai Nyalo Iv Koto Mudiek",
        "kecamatan": "Batang Kapas",
        "kabupaten": "Pesisir Selatan",
        "provinsi": "Sumatera Barat",
        "kode_wilayah": "13.01.04.2008"
      }
    },
    {
      "type": "Feature",
      "geometry": {
        "type": "Point",
        "coordinates": [100.60139, -1.32682]
      },
      "properties": {
        "name": "KDMP Bunga Pasang Salido",
        "desa": "Bunga Pasang Salido",
        "kecamatan": "Iv Jurai",
        "kabupaten": "Pesisir Selatan",
        "provinsi": "Sumatera Barat",
        "kode_wilayah": "13.01.05.2005"
      }
    },
    {
      "type": "Feature",
      "geometry": {
        "type": "Point",
        "coordinates": [100.60238, -1.2642]
      },
      "properties": {
        "name": "KDMP Taratak Tangah Lumpo",
        "desa": "Taratak Tangah Lumpo",
        "kecamatan": "Iv Jurai",
        "kabupaten": "Pesisir Selatan",
        "provinsi": "Sumatera Barat",
        "kode_wilayah": "13.01.05.2011"
      }
    },
    {
      "type": "Feature",
      "geometry": {
        "type": "Point",
        "coordinates": [100.55936, -1.27737]
      },
      "properties": {
        "name": "KDMP Bukik Kaciak Lumpo",
        "desa": "Bukik Kaciak Lumpo",
        "kecamatan": "Iv Jurai",
        "kabupaten": "Pesisir Selatan",
        "provinsi": "Sumatera Barat",
        "kode_wilayah": "13.01.05.2017"
      }
    },
    {
      "type": "Feature",
      "geometry": {
        "type": "Point",
        "coordinates": [100.51526, -1.30458]
      },
      "properties": {
        "name": "KDMP Pasar Baru",
        "desa": "Pasar Baru",
        "kecamatan": "Bayang",
        "kabupaten": "Pesisir Selatan",
        "provinsi": "Sumatera Barat",
        "kode_wilayah": "13.01.06.2007"
      }
    },
    {
      "type": "Feature",
      "geometry": {
        "type": "Point",
        "coordinates": [100.51069, -1.25869]
      },
      "properties": {
        "name": "KDMP Kapeh Panji Jaya Talaok",
        "desa": "Kapeh Panji Jaya Talaok",
        "kecamatan": "Bayang",
        "kabupaten": "Pesisir Selatan",
        "provinsi": "Sumatera Barat",
        "kode_wilayah": "13.01.06.2013"
      }
    },
    {
      "type": "Feature",
      "geometry": {
        "type": "Point",
        "coordinates": [100.54, -1.27418]
      },
      "properties": {
        "name": "KDMP Gurun Panjang Utara",
        "desa": "Gurun Panjang Utara",
        "kecamatan": "Bayang",
        "kabupaten": "Pesisir Selatan",
        "provinsi": "Sumatera Barat",
        "kode_wilayah": "13.01.06.2019"
      }
    },
    {
      "type": "Feature",
      "geometry": {
        "type": "Point",
        "coordinates": [100.48996, -1.23693]
      },
      "properties": {
        "name": "KDMP Batu Hampa",
        "desa": "Batu Hampa",
        "kecamatan": "Koto Xi Tarusan",
        "kabupaten": "Pesisir Selatan",
        "provinsi": "Sumatera Barat",
        "kode_wilayah": "13.01.07.2004"
      }
    },
    {
      "type": "Feature",
      "geometry": {
        "type": "Point",
        "coordinates": [100.44644, -1.18825]
      },
      "properties": {
        "name": "KDMP Mandeh",
        "desa": "Mandeh",
        "kecamatan": "Koto Xi Tarusan",
        "kabupaten": "Pesisir Selatan",
        "provinsi": "Sumatera Barat",
        "kode_wilayah": "13.01.07.2010"
      }
    },
    {
      "type": "Feature",
      "geometry": {
        "type": "Point",
        "coordinates": [100.464, -1.2652]
      },
      "properties": {
        "name": "KDMP Pulau Karam Ampang Pulai",
        "desa": "Pulau Karam Ampang Pulai",
        "kecamatan": "Koto Xi Tarusan",
        "kabupaten": "Pesisir Selatan",
        "provinsi": "Sumatera Barat",
        "kode_wilayah": "13.01.07.2016"
      }
    },
    {
      "type": "Feature",
      "geometry": {
        "type": "Point",
        "coordinates": [100.53848, -1.14039]
      },
      "properties": {
        "name": "KDMP Barung-Barung Balantai Tengah",
        "desa": "Barung-Barung Balantai Tengah",
        "kecamatan": "Koto Xi Tarusan",
        "kabupaten": "Pesisir Selatan",
        "provinsi": "Sumatera Barat",
        "kode_wilayah": "13.01.07.2022"
      }
    },
    {
      "type": "Feature",
      "geometry": {
        "type": "Point",
        "coordinates": [100.64043, -1.52864]
      },
      "properties": {
        "name": "KDMP Koto Taratak",
        "desa": "Koto Taratak",
        "kecamatan": "Sutera",
        "kabupaten": "Pesisir Selatan",
        "provinsi": "Sumatera Barat",
        "kode_wilayah": "13.01.08.2005"
      }
    },
    {
      "type": "Feature",
      "geometry": {
        "type": "Point",
        "coordinates": [100.69319, -1.49901]
      },
      "properties": {
        "name": "KDMP Ganting Mudiak Selatan Surantih",
        "desa": "Ganting Mudiak Selatan Surantih",
        "kecamatan": "Sutera",
        "kabupaten": "Pesisir Selatan",
        "provinsi": "Sumatera Barat",
        "kode_wilayah": "13.01.08.2011"
      }
    },
    {
      "type": "Feature",
      "geometry": {
        "type": "Point",
        "coordinates": [100.97556, -1.76018]
      },
      "properties": {
        "name": "KDMP Padang Xi Punggasan",
        "desa": "Padang Xi Punggasan",
        "kecamatan": "Linggo Sari Baganti",
        "kabupaten": "Pesisir Selatan",
        "provinsi": "Sumatera Barat",
        "kode_wilayah": "13.01.09.2005"
      }
    },
    {
      "type": "Feature",
      "geometry": {
        "type": "Point",
        "coordinates": [100.87922, -1.93881]
      },
      "properties": {
        "name": "KDMP Air Haji Barat",
        "desa": "Air Haji Barat",
        "kecamatan": "Linggo Sari Baganti",
        "kabupaten": "Pesisir Selatan",
        "provinsi": "Sumatera Barat",
        "kode_wilayah": "13.01.09.2011"
      }
    },
    {
      "type": "Feature",
      "geometry": {
        "type": "Point",
        "coordinates": [101.17428, -2.22734]
      },
      "properties": {
        "name": "KDMP Lunang",
        "desa": "Lunang",
        "kecamatan": "Lunang",
        "kabupaten": "Pesisir Selatan",
        "provinsi": "Sumatera Barat",
        "kode_wilayah": "13.01.10.2001"
      }
    },
    {
      "type": "Feature",
      "geometry": {
        "type": "Point",
        "coordinates": [101.19931, -2.18671]
      },
      "properties": {
        "name": "KDMP Lunang Tengah",
        "desa": "Lunang Tengah",
        "kecamatan": "Lunang",
        "kabupaten": "Pesisir Selatan",
        "provinsi": "Sumatera Barat",
        "kode_wilayah": "13.01.10.2017"
      }
    },
    {
      "type": "Feature",
      "geometry": {
        "type": "Point",
        "coordinates": [101.08376, -2.16887]
      },
      "properties": {
        "name": "KDMP Batang Arah Tapan",
        "desa": "Batang Arah Tapan",
        "kecamatan": "Basa Ampek Balai Tapan",
        "kabupaten": "Pesisir Selatan",
        "provinsi": "Sumatera Barat",
        "kode_wilayah": "13.01.11.2007"
      }
    },
    {
      "type": "Feature",
      "geometry": {
        "type": "Point",
        "coordinates": [100.99927, -2.14229]
      },
      "properties": {
        "name": "KDMP Koto Anau Tapan",
        "desa": "Koto Anau Tapan",
        "kecamatan": "Basa Ampek Balai Tapan",
        "kabupaten": "Pesisir Selatan",
        "provinsi": "Sumatera Barat",
        "kode_wilayah": "13.01.11.2018"
      }
    },
    {
      "type": "Feature",
      "geometry": {
        "type": "Point",
        "coordinates": [100.57104, -1.18728]
      },
      "properties": {
        "name": "KDMP Puluik-Puluik Selatan",
        "desa": "Puluik-Puluik Selatan",
        "kecamatan": "Iv Nagari Bayang Utara",
        "kabupaten": "Pesisir Selatan",
        "provinsi": "Sumatera Barat",
        "kode_wilayah": "13.01.12.2005"
      }
    },
    {
      "type": "Feature",
      "geometry": {
        "type": "Point",
        "coordinates": [100.92623, -2.03149]
      },
      "properties": {
        "name": "KDMP Palokan Inderapura",
        "desa": "Palokan Inderapura",
        "kecamatan": "Airpura",
        "kabupaten": "Pesisir Selatan",
        "provinsi": "Sumatera Barat",
        "kode_wilayah": "13.01.13.2005"
      }
    },
    {
      "type": "Feature",
      "geometry": {
        "type": "Point",
        "coordinates": [101.19698, -2.10885]
      },
      "properties": {
        "name": "KDMP Sungai Gambir Sako Tapan",
        "desa": "Sungai Gambir Sako Tapan",
        "kecamatan": "Ranah Ampek Hulu Tapan",
        "kabupaten": "Pesisir Selatan",
        "provinsi": "Sumatera Barat",
        "kode_wilayah": "13.01.14.2001"
      }
    },
    {
      "type": "Feature",
      "geometry": {
        "type": "Point",
        "coordinates": [101.08519, -2.15265]
      },
      "properties": {
        "name": "KDMP Talang Koto Pulai Tapan",
        "desa": "Talang Koto Pulai Tapan",
        "kecamatan": "Ranah Ampek Hulu Tapan",
        "kabupaten": "Pesisir Selatan",
        "provinsi": "Sumatera Barat",
        "kode_wilayah": "13.01.14.2007"
      }
    },
    {
      "type": "Feature",
      "geometry": {
        "type": "Point",
        "coordinates": [101.12449, -2.39628]
      },
      "properties": {
        "name": "KDMP Sungai Sarik",
        "desa": "Sungai Sarik",
        "kecamatan": "Silaut",
        "kabupaten": "Pesisir Selatan",
        "provinsi": "Sumatera Barat",
        "kode_wilayah": "13.01.15.2003"
      }
    },
    {
      "type": "Feature",
      "geometry": {
        "type": "Point",
        "coordinates": [101.02538, -2.38824]
      },
      "properties": {
        "name": "KDMP Air Hitam",
        "desa": "Air Hitam",
        "kecamatan": "Silaut",
        "kabupaten": "Pesisir Selatan",
        "provinsi": "Sumatera Barat",
        "kode_wilayah": "13.01.15.2009"
      }
    },
    {
      "type": "Feature",
      "geometry": {
        "type": "Point",
        "coordinates": [100.82544, -1.0611]
      },
      "properties": {
        "name": "KDMP Salimpat",
        "desa": "Salimpat",
        "kecamatan": "Lembah Gumanti",
        "kabupaten": "Solok",
        "provinsi": "Sumatera Barat",
        "kode_wilayah": "13.02.04.2003"
      }
    },
    {
      "type": "Feature",
      "geometry": {
        "type": "Point",
        "coordinates": [100.70787, -0.95021]
      },
      "properties": {
        "name": "KDMP Batu Bajanjang",
        "desa": "Batu Bajanjang",
        "kecamatan": "Lembang Jaya",
        "kabupaten": "Solok",
        "provinsi": "Sumatera Barat",
        "kode_wilayah": "13.02.06.2002"
      }
    },
    {
      "type": "Feature",
      "geometry": {
        "type": "Point",
        "coordinates": [100.64739, -0.90921]
      },
      "properties": {
        "name": "KDMP Talang",
        "desa": "Talang",
        "kecamatan": "Gunung Talang",
        "kabupaten": "Solok",
        "provinsi": "Sumatera Barat",
        "kode_wilayah": "13.02.07.2002"
      }
    },
    {
      "type": "Feature",
      "geometry": {
        "type": "Point",
        "coordinates": [100.60105, -0.93114]
      },
      "properties": {
        "name": "KDMP Koto Gaek Guguk",
        "desa": "Koto Gaek Guguk",
        "kecamatan": "Gunung Talang",
        "kabupaten": "Solok",
        "provinsi": "Sumatera Barat",
        "kode_wilayah": "13.02.07.2008"
      }
    },
    {
      "type": "Feature",
      "geometry": {
        "type": "Point",
        "coordinates": [100.75949, -0.78132]
      },
      "properties": {
        "name": "KDMP Taruang-Taruang",
        "desa": "Taruang-Taruang",
        "kecamatan": "Ix Koto Sungai Lasi",
        "kabupaten": "Solok",
        "provinsi": "Sumatera Barat",
        "kode_wilayah": "13.02.09.2001"
      }
    },
    {
      "type": "Feature",
      "geometry": {
        "type": "Point",
        "coordinates": [100.69782, -0.76373]
      },
      "properties": {
        "name": "KDMP Guguak Sarai",
        "desa": "Guguak Sarai",
        "kecamatan": "Ix Koto Sungai Lasi",
        "kabupaten": "Solok",
        "provinsi": "Sumatera Barat",
        "kode_wilayah": "13.02.09.2007"
      }
    },
    {
      "type": "Feature",
      "geometry": {
        "type": "Point",
        "coordinates": [100.69967, -0.79866]
      },
      "properties": {
        "name": "KDMP Gaung",
        "desa": "Gaung",
        "kecamatan": "Kubung",
        "kabupaten": "Solok",
        "provinsi": "Sumatera Barat",
        "kode_wilayah": "13.02.10.2004"
      }
    },
    {
      "type": "Feature",
      "geometry": {
        "type": "Point",
        "coordinates": [100.59151, -0.67248]
      },
      "properties": {
        "name": "KDMP Tikalak",
        "desa": "Tikalak",
        "kecamatan": "X Koto Singkarak",
        "kabupaten": "Solok",
        "provinsi": "Sumatera Barat",
        "kode_wilayah": "13.02.11.2002"
      }
    },
    {
      "type": "Feature",
      "geometry": {
        "type": "Point",
        "coordinates": [100.52999, -0.74331]
      },
      "properties": {
        "name": "KDMP Saniangbaka",
        "desa": "Saniangbaka",
        "kecamatan": "X Koto Singkarak",
        "kabupaten": "Solok",
        "provinsi": "Sumatera Barat",
        "kode_wilayah": "13.02.11.2008"
      }
    },
    {
      "type": "Feature",
      "geometry": {
        "type": "Point",
        "coordinates": [100.65883, -0.56258]
      },
      "properties": {
        "name": "KDMP Pasilihan",
        "desa": "Pasilihan",
        "kecamatan": "X Koto Diatas",
        "kabupaten": "Solok",
        "provinsi": "Sumatera Barat",
        "kode_wilayah": "13.02.12.2006"
      }
    },
    {
      "type": "Feature",
      "geometry": {
        "type": "Point",
        "coordinates": [100.87004, -1.10395]
      },
      "properties": {
        "name": "KDMP Talang Babungo",
        "desa": "Talang Babungo",
        "kecamatan": "Hiliran Gumanti",
        "kabupaten": "Solok",
        "provinsi": "Sumatera Barat",
        "kode_wilayah": "13.02.17.2001"
      }
    },
    {
      "type": "Feature",
      "geometry": {
        "type": "Point",
        "coordinates": [100.98023, -0.90448]
      },
      "properties": {
        "name": "KDMP Tanjung Balik Sumiso",
        "desa": "Tanjung Balik Sumiso",
        "kecamatan": "Tigo Lurah",
        "kabupaten": "Solok",
        "provinsi": "Sumatera Barat",
        "kode_wilayah": "13.02.18.2004"
      }
    },
    {
      "type": "Feature",
      "geometry": {
        "type": "Point",
        "coordinates": [101.07656, -0.80014]
      },
      "properties": {
        "name": "KDMP Taratak Baru",
        "desa": "Taratak Baru",
        "kecamatan": "Tanjung Gadang",
        "kabupaten": "Sijunjung",
        "provinsi": "Sumatera Barat",
        "kode_wilayah": "13.03.03.2003"
      }
    },
    {
      "type": "Feature",
      "geometry": {
        "type": "Point",
        "coordinates": [101.07696, -0.77948]
      },
      "properties": {
        "name": "KDMP Sinyamu",
        "desa": "Sinyamu",
        "kecamatan": "Tanjung Gadang",
        "kabupaten": "Sijunjung",
        "provinsi": "Sumatera Barat",
        "kode_wilayah": "13.03.03.2009"
      }
    },
    {
      "type": "Feature",
      "geometry": {
        "type": "Point",
        "coordinates": [101.10979, -0.63615]
      },
      "properties": {
        "name": "KDMP Paru",
        "desa": "Paru",
        "kecamatan": "Sijunjung",
        "kabupaten": "Sijunjung",
        "provinsi": "Sumatera Barat",
        "kode_wilayah": "13.03.04.2006"
      }
    },
    {
      "type": "Feature",
      "geometry": {
        "type": "Point",
        "coordinates": [100.88102, -0.69754]
      },
      "properties": {
        "name": "KDMP Muaro Bodi",
        "desa": "Muaro Bodi",
        "kecamatan": "Iv Nagari",
        "kabupaten": "Sijunjung",
        "provinsi": "Sumatera Barat",
        "kode_wilayah": "13.03.05.2003"
      }
    },
    {
      "type": "Feature",
      "geometry": {
        "type": "Point",
        "coordinates": [101.2945, -0.7169]
      },
      "properties": {
        "name": "KDMP Aie Amo",
        "desa": "Aie Amo",
        "kecamatan": "Kamang Baru",
        "kabupaten": "Sijunjung",
        "provinsi": "Sumatera Barat",
        "kode_wilayah": "13.03.06.2004"
      }
    },
    {
      "type": "Feature",
      "geometry": {
        "type": "Point",
        "coordinates": [101.2813, -0.91571]
      },
      "properties": {
        "name": "KDMP Lubuk Tarantang",
        "desa": "Lubuk Tarantang",
        "kecamatan": "Kamang Baru",
        "kabupaten": "Sijunjung",
        "provinsi": "Sumatera Barat",
        "kode_wilayah": "13.03.06.2010"
      }
    },
    {
      "type": "Feature",
      "geometry": {
        "type": "Point",
        "coordinates": [101.06084, -0.82462]
      },
      "properties": {
        "name": "KDMP Silongo",
        "desa": "Silongo",
        "kecamatan": "Lubuak Tarok",
        "kabupaten": "Sijunjung",
        "provinsi": "Sumatera Barat",
        "kode_wilayah": "13.03.07.2005"
      }
    },
    {
      "type": "Feature",
      "geometry": {
        "type": "Point",
        "coordinates": [101.03299, 0.32678]
      },
      "properties": {
        "name": "KDMP Bangkinang",
        "desa": "Bangkinang",
        "kecamatan": "Bangkinang Kota",
        "kabupaten": "Kampar",
        "provinsi": "Riau",
        "kode_wilayah": "14.01.01.1011"
      }
    },
    {
      "type": "Feature",
      "geometry": {
        "type": "Point",
        "coordinates": [101.16926, 0.19974]
      },
      "properties": {
        "name": "KDMP Tanjung Berulak",
        "desa": "Tanjung Berulak",
        "kecamatan": "Kampar",
        "kabupaten": "Kampar",
        "provinsi": "Riau",
        "kode_wilayah": "14.01.02.2003"
      }
    },
    {
      "type": "Feature",
      "geometry": {
        "type": "Point",
        "coordinates": [101.08797, 0.3051]
      },
      "properties": {
        "name": "KDMP Tanjung Rambutan",
        "desa": "Tanjung Rambutan",
        "kecamatan": "Kampar",
        "kabupaten": "Kampar",
        "provinsi": "Riau",
        "kode_wilayah": "14.01.02.2024"
      }
    },
    {
      "type": "Feature",
      "geometry": {
        "type": "Point",
        "coordinates": [101.10812, 0.34718]
      },
      "properties": {
        "name": "KDMP Bukit Ranah",
        "desa": "Bukit Ranah",
        "kecamatan": "Kampar",
        "kabupaten": "Kampar",
        "provinsi": "Riau",
        "kode_wilayah": "14.01.02.2033"
      }
    },
    {
      "type": "Feature",
      "geometry": {
        "type": "Point",
        "coordinates": [101.28749, 0.31412]
      },
      "properties": {
        "name": "KDMP Gobah",
        "desa": "Gobah",
        "kecamatan": "Tambang",
        "kabupaten": "Kampar",
        "provinsi": "Riau",
        "kode_wilayah": "14.01.03.2003"
      }
    },
    {
      "type": "Feature",
      "geometry": {
        "type": "Point",
        "coordinates": [101.31315, 0.44444]
      },
      "properties": {
        "name": "KDMP Rimbo Panjang",
        "desa": "Rimbo Panjang",
        "kecamatan": "Tambang",
        "kabupaten": "Kampar",
        "provinsi": "Riau",
        "kode_wilayah": "14.01.03.2009"
      }
    },
    {
      "type": "Feature",
      "geometry": {
        "type": "Point",
        "coordinates": [101.2383, 0.37659]
      },
      "properties": {
        "name": "KDMP Balam Jaya",
        "desa": "Balam Jaya",
        "kecamatan": "Tambang",
        "kabupaten": "Kampar",
        "provinsi": "Riau",
        "kode_wilayah": "14.01.03.2015"
      }
    },
    {
      "type": "Feature",
      "geometry": {
        "type": "Point",
        "coordinates": [100.9298, 0.13013]
      },
      "properties": {
        "name": "KDMP Balung",
        "desa": "Balung",
        "kecamatan": "Xiii Koto Kampar",
        "kabupaten": "Kampar",
        "provinsi": "Riau",
        "kode_wilayah": "14.01.04.2006"
      }
    },
    {
      "type": "Feature",
      "geometry": {
        "type": "Point",
        "coordinates": [100.8463, 0.32286]
      },
      "properties": {
        "name": "KDMP Koto Mesjid",
        "desa": "Koto Mesjid",
        "kecamatan": "Xiii Koto Kampar",
        "kabupaten": "Kampar",
        "provinsi": "Riau",
        "kode_wilayah": "14.01.04.2014"
      }
    },
    {
      "type": "Feature",
      "geometry": {
        "type": "Point",
        "coordinates": [100.92098, 0.37229]
      },
      "properties": {
        "name": "KDMP Empat Balai",
        "desa": "Empat Balai",
        "kecamatan": "Kuok",
        "kabupaten": "Kampar",
        "provinsi": "Riau",
        "kode_wilayah": "14.01.05.2006"
      }
    },
    {
      "type": "Feature",
      "geometry": {
        "type": "Point",
        "coordinates": [100.84879, 0.43213]
      },
      "properties": {
        "name": "KDMP Batu Langka Kecil",
        "desa": "Batu Langka Kecil",
        "kecamatan": "Kuok",
        "kabupaten": "Kampar",
        "provinsi": "Riau",
        "kode_wilayah": "14.01.05.2013"
      }
    },
    {
      "type": "Feature",
      "geometry": {
        "type": "Point",
        "coordinates": [101.61918, 0.31132]
      },
      "properties": {
        "name": "KDMP Buluh Nipis",
        "desa": "Buluh Nipis",
        "kecamatan": "Siak Hulu",
        "kabupaten": "Kampar",
        "provinsi": "Riau",
        "kode_wilayah": "14.01.06.2007"
      }
    },
    {
      "type": "Feature",
      "geometry": {
        "type": "Point",
        "coordinates": [101.41962, 0.42049]
      },
      "properties": {
        "name": "KDMP Kubang Jaya",
        "desa": "Kubang Jaya",
        "kecamatan": "Siak Hulu",
        "kabupaten": "Kampar",
        "provinsi": "Riau",
        "kode_wilayah": "14.01.06.2016"
      }
    },
    {
      "type": "Feature",
      "geometry": {
        "type": "Point",
        "coordinates": [101.18428, -0.04892]
      },
      "properties": {
        "name": "KDMP Teluk Paman",
        "desa": "Teluk Paman",
        "kecamatan": "Kampar Kiri",
        "kabupaten": "Kampar",
        "provinsi": "Riau",
        "kode_wilayah": "14.01.07.2008"
      }
    },
    {
      "type": "Feature",
      "geometry": {
        "type": "Point",
        "coordinates": [101.02698, -0.02089]
      },
      "properties": {
        "name": "KDMP Sungai Raja",
        "desa": "Sungai Raja",
        "kecamatan": "Kampar Kiri",
        "kabupaten": "Kampar",
        "provinsi": "Riau",
        "kode_wilayah": "14.01.07.2023"
      }
    },
    {
      "type": "Feature",
      "geometry": {
        "type": "Point",
        "coordinates": [101.02697, -0.05269]
      },
      "properties": {
        "name": "KDMP Sungai Harapan",
        "desa": "Sungai Harapan",
        "kecamatan": "Kampar Kiri",
        "kabupaten": "Kampar",
        "provinsi": "Riau",
        "kode_wilayah": "14.01.07.2032"
      }
    },
    {
      "type": "Feature",
      "geometry": {
        "type": "Point",
        "coordinates": [101.5323, 0.24241]
      },
      "properties": {
        "name": "KDMP Sungai Bungo",
        "desa": "Sungai Bungo",
        "kecamatan": "Kampar Kiri Hilir",
        "kabupaten": "Kampar",
        "provinsi": "Riau",
        "kode_wilayah": "14.01.08.2004"
      }
    },
    {
      "type": "Feature",
      "geometry": {
        "type": "Point",
        "coordinates": [101.11846, -0.19746]
      },
      "properties": {
        "name": "KDMP Tanjung Belit",
        "desa": "Tanjung Belit",
        "kecamatan": "Kampar Kiri Hulu",
        "kabupaten": "Kampar",
        "provinsi": "Riau",
        "kode_wilayah": "14.01.09.2002"
      }
    },
    {
      "type": "Feature",
      "geometry": {
        "type": "Point",
        "coordinates": [100.89862, -0.03147]
      },
      "properties": {
        "name": "KDMP Tanjung Karang",
        "desa": "Tanjung Karang",
        "kecamatan": "Kampar Kiri Hulu",
        "kabupaten": "Kampar",
        "provinsi": "Riau",
        "kode_wilayah": "14.01.09.2008"
      }
    },
    {
      "type": "Feature",
      "geometry": {
        "type": "Point",
        "coordinates": [101.01557, -0.09015]
      },
      "properties": {
        "name": "KDMP Danau Sontul",
        "desa": "Danau Sontul",
        "kecamatan": "Kampar Kiri Hulu",
        "kabupaten": "Kampar",
        "provinsi": "Riau",
        "kode_wilayah": "14.01.09.2014"
      }
    },
    {
      "type": "Feature",
      "geometry": {
        "type": "Point",
        "coordinates": [101.01517, -0.30364]
      },
      "properties": {
        "name": "KDMP Subayang Jaya",
        "desa": "Subayang Jaya",
        "kecamatan": "Kampar Kiri Hulu",
        "kabupaten": "Kampar",
        "provinsi": "Riau",
        "kode_wilayah": "14.01.09.2020"
      }
    },
    {
      "type": "Feature",
      "geometry": {
        "type": "Point",
        "coordinates": [101.18602, 0.60911]
      },
      "properties": {
        "name": "KDMP Pantai Cermin",
        "desa": "Pantai Cermin",
        "kecamatan": "Tapung",
        "kabupaten": "Kampar",
        "provinsi": "Riau",
        "kode_wilayah": "14.01.10.2002"
      }
    },
    {
      "type": "Feature",
      "geometry": {
        "type": "Point",
        "coordinates": [101.07442, 0.6506]
      },
      "properties": {
        "name": "KDMP Sumber Makmur",
        "desa": "Sumber Makmur",
        "kecamatan": "Tapung",
        "kabupaten": "Kampar",
        "provinsi": "Riau",
        "kode_wilayah": "14.01.10.2008"
      }
    },
    {
      "type": "Feature",
      "geometry": {
        "type": "Point",
        "coordinates": [101.24455, 0.47408]
      },
      "properties": {
        "name": "KDMP Pagaruyung",
        "desa": "Pagaruyung",
        "kecamatan": "Tapung",
        "kabupaten": "Kampar",
        "provinsi": "Riau",
        "kode_wilayah": "14.01.10.2014"
      }
    },
    {
      "type": "Feature",
      "geometry": {
        "type": "Point",
        "coordinates": [101.09257, 0.49917]
      },
      "properties": {
        "name": "KDMP Muara Mahat Baru",
        "desa": "Muara Mahat Baru",
        "kecamatan": "Tapung",
        "kabupaten": "Kampar",
        "provinsi": "Riau",
        "kode_wilayah": "14.01.10.2020"
      }
    },
    {
      "type": "Feature",
      "geometry": {
        "type": "Point",
        "coordinates": [101.27292, 0.72305]
      },
      "properties": {
        "name": "KDMP Koto Garo",
        "desa": "Koto Garo",
        "kecamatan": "Tapung Hilir",
        "kabupaten": "Kampar",
        "provinsi": "Riau",
        "kode_wilayah": "14.01.11.2001"
      }
    },
    {
      "type": "Feature",
      "geometry": {
        "type": "Point",
        "coordinates": [101.2463, 0.75645]
      },
      "properties": {
        "name": "KDMP Kota Baru",
        "desa": "Kota Baru",
        "kecamatan": "Tapung Hilir",
        "kabupaten": "Kampar",
        "provinsi": "Riau",
        "kode_wilayah": "14.01.11.2007"
      }
    },
    {
      "type": "Feature",
      "geometry": {
        "type": "Point",
        "coordinates": [101.14833, 0.8753]
      },
      "properties": {
        "name": "KDMP Tandan Sari",
        "desa": "Tandan Sari",
        "kecamatan": "Tapung Hilir",
        "kabupaten": "Kampar",
        "provinsi": "Riau",
        "kode_wilayah": "14.01.11.2013"
      }
    },
    {
      "type": "Feature",
      "geometry": {
        "type": "Point",
        "coordinates": [100.93326, 0.64085]
      },
      "properties": {
        "name": "KDMP Bukit Kemuning",
        "desa": "Bukit Kemuning",
        "kecamatan": "Tapung Hulu",
        "kabupaten": "Kampar",
        "provinsi": "Riau",
        "kode_wilayah": "14.01.12.2003"
      }
    },
    {
      "type": "Feature",
      "geometry": {
        "type": "Point",
        "coordinates": [100.67705, 0.73358]
      },
      "properties": {
        "name": "KDMP Rimba Makmur",
        "desa": "Rimba Makmur",
        "kecamatan": "Tapung Hulu",
        "kabupaten": "Kampar",
        "provinsi": "Riau",
        "kode_wilayah": "14.01.12.2009"
      }
    },
    {
      "type": "Feature",
      "geometry": {
        "type": "Point",
        "coordinates": [101.00678, 0.30054]
      },
      "properties": {
        "name": "KDMP Salo",
        "desa": "Salo",
        "kecamatan": "Salo",
        "kabupaten": "Kampar",
        "provinsi": "Riau",
        "kode_wilayah": "14.01.13.2001"
      }
    },
    {
      "type": "Feature",
      "geometry": {
        "type": "Point",
        "coordinates": [101.14231, 0.3668]
      },
      "properties": {
        "name": "KDMP Pulau Payung",
        "desa": "Pulau Payung",
        "kecamatan": "Rumbio Jaya",
        "kabupaten": "Kampar",
        "provinsi": "Riau",
        "kode_wilayah": "14.01.14.2001"
      }
    },
    {
      "type": "Feature",
      "geometry": {
        "type": "Point",
        "coordinates": [101.12426, 0.38955]
      },
      "properties": {
        "name": "KDMP Simpang Petai",
        "desa": "Simpang Petai",
        "kecamatan": "Rumbio Jaya",
        "kabupaten": "Kampar",
        "provinsi": "Riau",
        "kode_wilayah": "14.01.14.2007"
      }
    },
    {
      "type": "Feature",
      "geometry": {
        "type": "Point",
        "coordinates": [101.05678, 0.46894]
      },
      "properties": {
        "name": "KDMP Bukit Payung",
        "desa": "Bukit Payung",
        "kecamatan": "Bangkinang",
        "kabupaten": "Kampar",
        "provinsi": "Riau",
        "kode_wilayah": "14.01.15.2004"
      }
    },
    {
      "type": "Feature",
      "geometry": {
        "type": "Point",
        "coordinates": [101.38444, 0.30704]
      },
      "properties": {
        "name": "KDMP Hangtuah",
        "desa": "Hangtuah",
        "kecamatan": "Perhentian Raja",
        "kabupaten": "Kampar",
        "provinsi": "Riau",
        "kode_wilayah": "14.01.16.2003"
      }
    },
    {
      "type": "Feature",
      "geometry": {
        "type": "Point",
        "coordinates": [101.22745, 0.33375]
      },
      "properties": {
        "name": "KDMP Koto Perambahan",
        "desa": "Koto Perambahan",
        "kecamatan": "Kampa",
        "kabupaten": "Kampar",
        "provinsi": "Riau",
        "kode_wilayah": "14.01.17.2004"
      }
    },
    {
      "type": "Feature",
      "geometry": {
        "type": "Point",
        "coordinates": [101.0646, 0.40292]
      },
      "properties": {
        "name": "KDMP Muara Jalai",
        "desa": "Muara Jalai",
        "kecamatan": "Kampar Utara",
        "kabupaten": "Kampar",
        "provinsi": "Riau",
        "kode_wilayah": "14.01.18.2001"
      }
    },
    {
      "type": "Feature",
      "geometry": {
        "type": "Point",
        "coordinates": [101.12485, 0.4021]
      },
      "properties": {
        "name": "KDMP Sendayan",
        "desa": "Sendayan",
        "kecamatan": "Kampar Utara",
        "kabupaten": "Kampar",
        "provinsi": "Riau",
        "kode_wilayah": "14.01.18.2007"
      }
    },
    {
      "type": "Feature",
      "geometry": {
        "type": "Point",
        "coordinates": [101.29451, 0.21759]
      },
      "properties": {
        "name": "KDMP Lubuk Sakai",
        "desa": "Lubuk Sakai",
        "kecamatan": "Kampar Kiri Tengah",
        "kabupaten": "Kampar",
        "provinsi": "Riau",
        "kode_wilayah": "14.01.19.2005"
      }
    },
    {
      "type": "Feature",
      "geometry": {
        "type": "Point",
        "coordinates": [101.32111, 0.25677]
      },
      "properties": {
        "name": "KDMP Mekar Jaya",
        "desa": "Mekar Jaya",
        "kecamatan": "Kampar Kiri Tengah",
        "kabupaten": "Kampar",
        "provinsi": "Riau",
        "kode_wilayah": "14.01.19.2011"
      }
    },
    {
      "type": "Feature",
      "geometry": {
        "type": "Point",
        "coordinates": [101.23828, 0.15766]
      },
      "properties": {
        "name": "KDMP Sungai Lipai",
        "desa": "Sungai Lipai",
        "kecamatan": "Gunung Sahilan",
        "kabupaten": "Kampar",
        "provinsi": "Riau",
        "kode_wilayah": "14.01.20.2006"
      }
    },
    {
      "type": "Feature",
      "geometry": {
        "type": "Point",
        "coordinates": [100.55043, 0.3639]
      },
      "properties": {
        "name": "KDMP Gunung Malelo",
        "desa": "Gunung Malelo",
        "kecamatan": "Koto Kampar Hulu",
        "kabupaten": "Kampar",
        "provinsi": "Riau",
        "kode_wilayah": "14.01.21.2003"
      }
    },
    {
      "type": "Feature",
      "geometry": {
        "type": "Point",
        "coordinates": [102.53813, -0.37208]
      },
      "properties": {
        "name": "KDMP Kampung Besar Kota",
        "desa": "Kampung Besar Kota",
        "kecamatan": "Rengat",
        "kabupaten": "Indragiri Hulu",
        "provinsi": "Riau",
        "kode_wilayah": "14.02.01.1007"
      }
    },
    {
      "type": "Feature",
      "geometry": {
        "type": "Point",
        "coordinates": [102.5205, -0.25731]
      },
      "properties": {
        "name": "KDMP Kuantan Babu",
        "desa": "Kuantan Babu",
        "kecamatan": "Rengat",
        "kabupaten": "Indragiri Hulu",
        "provinsi": "Riau",
        "kode_wilayah": "14.02.01.2003"
      }
    },
    {
      "type": "Feature",
      "geometry": {
        "type": "Point",
        "coordinates": [102.55908, -0.46337]
      },
      "properties": {
        "name": "KDMP Sungai Raya",
        "desa": "Sungai Raya",
        "kecamatan": "Rengat",
        "kabupaten": "Indragiri Hulu",
        "provinsi": "Riau",
        "kode_wilayah": "14.02.01.2014"
      }
    },
    {
      "type": "Feature",
      "geometry": {
        "type": "Point",
        "coordinates": [102.4322, -0.25161]
      },
      "properties": {
        "name": "KDMP Redang",
        "desa": "Redang",
        "kecamatan": "Rengat Barat",
        "kabupaten": "Indragiri Hulu",
        "provinsi": "Riau",
        "kode_wilayah": "14.02.02.2004"
      }
    },
    {
      "type": "Feature",
      "geometry": {
        "type": "Point",
        "coordinates": [102.38176, -0.43622]
      },
      "properties": {
        "name": "KDMP Bukit Petaling",
        "desa": "Bukit Petaling",
        "kecamatan": "Rengat Barat",
        "kabupaten": "Indragiri Hulu",
        "provinsi": "Riau",
        "kode_wilayah": "14.02.02.2011"
      }
    },
    {
      "type": "Feature",
      "geometry": {
        "type": "Point",
        "coordinates": [102.41079, -0.48332]
      },
      "properties": {
        "name": "KDMP Danau Tiga",
        "desa": "Danau Tiga",
        "kecamatan": "Rengat Barat",
        "kabupaten": "Indragiri Hulu",
        "provinsi": "Riau",
        "kode_wilayah": "14.02.02.2017"
      }
    },
    {
      "type": "Feature",
      "geometry": {
        "type": "Point",
        "coordinates": [102.09761, -0.49546]
      },
      "properties": {
        "name": "KDMP Polak Pisang",
        "desa": "Polak Pisang",
        "kecamatan": "Kelayang",
        "kabupaten": "Indragiri Hulu",
        "provinsi": "Riau",
        "kode_wilayah": "14.02.03.2010"
      }
    },
    {
      "type": "Feature",
      "geometry": {
        "type": "Point",
        "coordinates": [102.02881, -0.46773]
      },
      "properties": {
        "name": "KDMP Tanjung Beludu",
        "desa": "Tanjung Beludu",
        "kecamatan": "Kelayang",
        "kabupaten": "Indragiri Hulu",
        "provinsi": "Riau",
        "kode_wilayah": "14.02.03.2025"
      }
    },
    {
      "type": "Feature",
      "geometry": {
        "type": "Point",
        "coordinates": [104.61936, 1.00185]
      },
      "properties": {
        "name": "KDMP Kawal",
        "desa": "Kawal",
        "kecamatan": "Gunung Kijang",
        "kabupaten": "Bintan",
        "provinsi": "Kepulauan Riau",
        "kode_wilayah": "21.01.04.1005"
      }
    },
    {
      "type": "Feature",
      "geometry": {
        "type": "Point",
        "coordinates": [104.56089, 0.86734]
      },
      "properties": {
        "name": "KDMP Gunung Lengkuas",
        "desa": "Gunung Lengkuas",
        "kecamatan": "Bintan Timur",
        "kabupaten": "Bintan",
        "provinsi": "Kepulauan Riau",
        "kode_wilayah": "21.01.06.1010"
      }
    },
    {
      "type": "Feature",
      "geometry": {
        "type": "Point",
        "coordinates": [104.2693, 1.08477]
      },
      "properties": {
        "name": "KDMP Lancang Kuning",
        "desa": "Lancang Kuning",
        "kecamatan": "Bintan Utara",
        "kabupaten": "Bintan",
        "provinsi": "Kepulauan Riau",
        "kode_wilayah": "21.01.07.2005"
      }
    },
    {
      "type": "Feature",
      "geometry": {
        "type": "Point",
        "coordinates": [104.50021, 1.04301]
      },
      "properties": {
        "name": "KDMP Tembeling",
        "desa": "Tembeling",
        "kecamatan": "Teluk Bintan",
        "kabupaten": "Bintan",
        "provinsi": "Kepulauan Riau",
        "kode_wilayah": "21.01.08.2005"
      }
    },
    {
      "type": "Feature",
      "geometry": {
        "type": "Point",
        "coordinates": [107.01679, 0.63585]
      },
      "properties": {
        "name": "KDMP Pulau Pinang",
        "desa": "Pulau Pinang",
        "kecamatan": "Tambelan",
        "kabupaten": "Bintan",
        "provinsi": "Kepulauan Riau",
        "kode_wilayah": "21.01.09.2006"
      }
    },
    {
      "type": "Feature",
      "geometry": {
        "type": "Point",
        "coordinates": [104.51243, 1.14852]
      },
      "properties": {
        "name": "KDMP Pengudang",
        "desa": "Pengudang",
        "kecamatan": "Telok Sebong",
        "kabupaten": "Bintan",
        "provinsi": "Kepulauan Riau",
        "kode_wilayah": "21.01.10.2003"
      }
    },
    {
      "type": "Feature",
      "geometry": {
        "type": "Point",
        "coordinates": [104.54109, 1.0811]
      },
      "properties": {
        "name": "KDMP Toapaya Utara",
        "desa": "Toapaya Utara",
        "kecamatan": "Toapaya",
        "kabupaten": "Bintan",
        "provinsi": "Kepulauan Riau",
        "kode_wilayah": "21.01.12.2002"
      }
    },
    {
      "type": "Feature",
      "geometry": {
        "type": "Point",
        "coordinates": [104.64889, 0.84342]
      },
      "properties": {
        "name": "KDMP Kelong",
        "desa": "Kelong",
        "kecamatan": "Bintan Pesisir",
        "kabupaten": "Bintan",
        "provinsi": "Kepulauan Riau",
        "kode_wilayah": "21.01.14.2001"
      }
    },
    {
      "type": "Feature",
      "geometry": {
        "type": "Point",
        "coordinates": [104.31659, 1.01628]
      },
      "properties": {
        "name": "KDMP Busung",
        "desa": "Busung",
        "kecamatan": "Seri Kuala Lobam",
        "kabupaten": "Bintan",
        "provinsi": "Kepulauan Riau",
        "kode_wilayah": "21.01.15.2001"
      }
    },
    {
      "type": "Feature",
      "geometry": {
        "type": "Point",
        "coordinates": [103.72628, 0.71101]
      },
      "properties": {
        "name": "KDMP Jang",
        "desa": "Jang",
        "kecamatan": "Moro",
        "kabupaten": "Karimun",
        "provinsi": "Kepulauan Riau",
        "kode_wilayah": "21.02.01.2009"
      }
    },
    {
      "type": "Feature",
      "geometry": {
        "type": "Point",
        "coordinates": [103.46355, 0.72025]
      },
      "properties": {
        "name": "KDMP Sungai Ungar",
        "desa": "Sungai Ungar",
        "kecamatan": "Kundur",
        "kabupaten": "Karimun",
        "provinsi": "Kepulauan Riau",
        "kode_wilayah": "21.02.02.2005"
      }
    },
    {
      "type": "Feature",
      "geometry": {
        "type": "Point",
        "coordinates": [103.43388, 0.99369]
      },
      "properties": {
        "name": "KDMP Tanjung Balai Kota",
        "desa": "Tanjung Balai Kota",
        "kecamatan": "Karimun",
        "kabupaten": "Karimun",
        "provinsi": "Kepulauan Riau",
        "kode_wilayah": "21.02.03.1007"
      }
    },
    {
      "type": "Feature",
      "geometry": {
        "type": "Point",
        "coordinates": [103.39648, 1.01474]
      },
      "properties": {
        "name": "KDMP Sungai Pasir",
        "desa": "Sungai Pasir",
        "kecamatan": "Meral",
        "kabupaten": "Karimun",
        "provinsi": "Kepulauan Riau",
        "kode_wilayah": "21.02.04.1007"
      }
    },
    {
      "type": "Feature",
      "geometry": {
        "type": "Point",
        "coordinates": [103.40994, 1.02412]
      },
      "properties": {
        "name": "KDMP Harjosari",
        "desa": "Harjosari",
        "kecamatan": "Tebing",
        "kabupaten": "Karimun",
        "provinsi": "Kepulauan Riau",
        "kode_wilayah": "21.02.05.1008"
      }
    },
    {
      "type": "Feature",
      "geometry": {
        "type": "Point",
        "coordinates": [103.47535, 0.77588]
      },
      "properties": {
        "name": "KDMP Tanjung Berlian Kota",
        "desa": "Tanjung Berlian Kota",
        "kecamatan": "Kundur Utara",
        "kabupaten": "Karimun",
        "provinsi": "Kepulauan Riau",
        "kode_wilayah": "21.02.07.1012"
      }
    },
    {
      "type": "Feature",
      "geometry": {
        "type": "Point",
        "coordinates": [103.39521, 0.7216]
      },
      "properties": {
        "name": "KDMP Sawang Selatan",
        "desa": "Sawang Selatan",
        "kecamatan": "Kundur Barat",
        "kabupaten": "Karimun",
        "provinsi": "Kepulauan Riau",
        "kode_wilayah": "21.02.08.2002"
      }
    },
    {
      "type": "Feature",
      "geometry": {
        "type": "Point",
        "coordinates": [103.6296, 0.52574]
      },
      "properties": {
        "name": "KDMP Semembang",
        "desa": "Semembang",
        "kecamatan": "Durai",
        "kabupaten": "Karimun",
        "provinsi": "Kepulauan Riau",
        "kode_wilayah": "21.02.09.2004"
      }
    },
    {
      "type": "Feature",
      "geometry": {
        "type": "Point",
        "coordinates": [103.49546, 0.65874]
      },
      "properties": {
        "name": "KDMP Alai",
        "desa": "Alai",
        "kecamatan": "Ungar",
        "kabupaten": "Karimun",
        "provinsi": "Kepulauan Riau",
        "kode_wilayah": "21.02.11.1001"
      }
    },
    {
      "type": "Feature",
      "geometry": {
        "type": "Point",
        "coordinates": [103.51268, 0.81385]
      },
      "properties": {
        "name": "KDMP Penarah",
        "desa": "Penarah",
        "kecamatan": "Belat",
        "kabupaten": "Karimun",
        "provinsi": "Kepulauan Riau",
        "kode_wilayah": "21.02.12.2003"
      }
    },
    {
      "type": "Feature",
      "geometry": {
        "type": "Point",
        "coordinates": [103.46803, 0.93475]
      },
      "properties": {
        "name": "KDMP Selat Mendaun",
        "desa": "Selat Mendaun",
        "kecamatan": "Selat Gelam",
        "kabupaten": "Karimun",
        "provinsi": "Kepulauan Riau",
        "kode_wilayah": "21.02.13.2003"
      }
    },
    {
      "type": "Feature",
      "geometry": {
        "type": "Point",
        "coordinates": [103.91398, 0.79255]
      },
      "properties": {
        "name": "KDMP Buluh Patah",
        "desa": "Buluh Patah",
        "kecamatan": "Sugie Besar",
        "kabupaten": "Karimun",
        "provinsi": "Kepulauan Riau",
        "kode_wilayah": "21.02.14.2006"
      }
    },
    {
      "type": "Feature",
      "geometry": {
        "type": "Point",
        "coordinates": [108.1708, 3.73047]
      },
      "properties": {
        "name": "KDMP Mekar Jaya",
        "desa": "Mekar Jaya",
        "kecamatan": "Bunguran Barat",
        "kabupaten": "Natuna",
        "provinsi": "Kepulauan Riau",
        "kode_wilayah": "21.03.05.2007"
      }
    },
    {
      "type": "Feature",
      "geometry": {
        "type": "Point",
        "coordinates": [108.94967, 2.48722]
      },
      "properties": {
        "name": "KDMP Batu Berlian",
        "desa": "Batu Berlian",
        "kecamatan": "Serasan",
        "kabupaten": "Natuna",
        "provinsi": "Kepulauan Riau",
        "kode_wilayah": "21.03.06.2005"
      }
    },
    {
      "type": "Feature",
      "geometry": {
        "type": "Point",
        "coordinates": [108.35926, 3.95542]
      },
      "properties": {
        "name": "KDMP Ranai Darat",
        "desa": "Ranai Darat",
        "kecamatan": "Bunguran Timur",
        "kabupaten": "Natuna",
        "provinsi": "Kepulauan Riau",
        "kode_wilayah": "21.03.07.1016"
      }
    },
    {
      "type": "Feature",
      "geometry": {
        "type": "Point",
        "coordinates": [108.10637, 4.0308]
      },
      "properties": {
        "name": "KDMP Kelarik Utara",
        "desa": "Kelarik Utara",
        "kecamatan": "Bunguran Utara",
        "kabupaten": "Natuna",
        "provinsi": "Kepulauan Riau",
        "kode_wilayah": "21.03.08.2001"
      }
    },
    {
      "type": "Feature",
      "geometry": {
        "type": "Point",
        "coordinates": [108.86357, 3.02089]
      },
      "properties": {
        "name": "KDMP Subi",
        "desa": "Subi",
        "kecamatan": "Subi",
        "kabupaten": "Natuna",
        "provinsi": "Kepulauan Riau",
        "kode_wilayah": "21.03.09.2001"
      }
    },
    {
      "type": "Feature",
      "geometry": {
        "type": "Point",
        "coordinates": [107.98889, 4.72759]
      },
      "properties": {
        "name": "KDMP Tanjung Pala",
        "desa": "Tanjung Pala",
        "kecamatan": "Pulau Laut",
        "kabupaten": "Natuna",
        "provinsi": "Kepulauan Riau",
        "kode_wilayah": "21.03.10.2001"
      }
    },
    {
      "type": "Feature",
      "geometry": {
        "type": "Point",
        "coordinates": [108.09396, 3.60023]
      },
      "properties": {
        "name": "KDMP Serantas",
        "desa": "Serantas",
        "kecamatan": "Pulau Tiga",
        "kabupaten": "Natuna",
        "provinsi": "Kepulauan Riau",
        "kode_wilayah": "21.03.11.2005"
      }
    },
    {
      "type": "Feature",
      "geometry": {
        "type": "Point",
        "coordinates": [108.22942, 4.09897]
      },
      "properties": {
        "name": "KDMP Pengadah",
        "desa": "Pengadah",
        "kecamatan": "Bunguran Timur Laut",
        "kabupaten": "Natuna",
        "provinsi": "Kepulauan Riau",
        "kode_wilayah": "21.03.15.2004"
      }
    },
    {
      "type": "Feature",
      "geometry": {
        "type": "Point",
        "coordinates": [108.25493, 3.92568]
      },
      "properties": {
        "name": "KDMP Air Lengit",
        "desa": "Air Lengit",
        "kecamatan": "Bunguran Tengah",
        "kabupaten": "Natuna",
        "provinsi": "Kepulauan Riau",
        "kode_wilayah": "21.03.16.2003"
      }
    },
    {
      "type": "Feature",
      "geometry": {
        "type": "Point",
        "coordinates": [109.10101, 2.50896]
      },
      "properties": {
        "name": "KDMP Air Nusa",
        "desa": "Air Nusa",
        "kecamatan": "Serasan Timur",
        "kabupaten": "Natuna",
        "provinsi": "Kepulauan Riau",
        "kode_wilayah": "21.03.19.2002"
      }
    },
    {
      "type": "Feature",
      "geometry": {
        "type": "Point",
        "coordinates": [108.20123, 3.86549]
      },
      "properties": {
        "name": "KDMP Sedanau Timur",
        "desa": "Sedanau Timur",
        "kecamatan": "Bunguran Batubi",
        "kabupaten": "Natuna",
        "provinsi": "Kepulauan Riau",
        "kode_wilayah": "21.03.20.2004"
      }
    },
    {
      "type": "Feature",
      "geometry": {
        "type": "Point",
        "coordinates": [107.78126, 3.01182]
      },
      "properties": {
        "name": "KDMP Air Kumpai",
        "desa": "Air Kumpai",
        "kecamatan": "Suak Midai",
        "kabupaten": "Natuna",
        "provinsi": "Kepulauan Riau",
        "kode_wilayah": "21.03.22.2001"
      }
    },
    {
      "type": "Feature",
      "geometry": {
        "type": "Point",
        "coordinates": [107.85215, 4.13349]
      },
      "properties": {
        "name": "KDMP Seluan Barat",
        "desa": "Seluan Barat",
        "kecamatan": "Pulau Seluan",
        "kabupaten": "Natuna",
        "provinsi": "Kepulauan Riau",
        "kode_wilayah": "21.03.24.2002"
      }
    },
    {
      "type": "Feature",
      "geometry": {
        "type": "Point",
        "coordinates": [104.50148, -0.47993]
      },
      "properties": {
        "name": "KDMP Batu Kacang",
        "desa": "Batu Kacang",
        "kecamatan": "Singkep",
        "kabupaten": "Lingga",
        "provinsi": "Kepulauan Riau",
        "kode_wilayah": "21.04.01.2010"
      }
    },
    {
      "type": "Feature",
      "geometry": {
        "type": "Point",
        "coordinates": [104.51019, -0.12108]
      },
      "properties": {
        "name": "KDMP Mentuda",
        "desa": "Mentuda",
        "kecamatan": "Lingga",
        "kabupaten": "Lingga",
        "provinsi": "Kepulauan Riau",
        "kode_wilayah": "21.04.02.2007"
      }
    },
    {
      "type": "Feature",
      "geometry": {
        "type": "Point",
        "coordinates": [104.61366, 0.09048]
      },
      "properties": {
        "name": "KDMP Senayang",
        "desa": "Senayang",
        "kecamatan": "Senayang",
        "kabupaten": "Lingga",
        "provinsi": "Kepulauan Riau",
        "kode_wilayah": "21.04.03.1001"
      }
    },
    {
      "type": "Feature",
      "geometry": {
        "type": "Point",
        "coordinates": [104.32127, -0.38478]
      },
      "properties": {
        "name": "KDMP Bakong",
        "desa": "Bakong",
        "kecamatan": "Singkep Barat",
        "kabupaten": "Lingga",
        "provinsi": "Kepulauan Riau",
        "kode_wilayah": "21.04.04.2001"
      }
    },
    {
      "type": "Feature",
      "geometry": {
        "type": "Point",
        "coordinates": [104.46596, -0.35075]
      },
      "properties": {
        "name": "KDMP Jagoh",
        "desa": "Jagoh",
        "kecamatan": "Singkep Barat",
        "kabupaten": "Lingga",
        "provinsi": "Kepulauan Riau",
        "kode_wilayah": "21.04.04.2009"
      }
    },
    {
      "type": "Feature",
      "geometry": {
        "type": "Point",
        "coordinates": [104.75285, -0.19339]
      },
      "properties": {
        "name": "KDMP Bukit Harapan",
        "desa": "Bukit Harapan",
        "kecamatan": "Lingga Utara",
        "kabupaten": "Lingga",
        "provinsi": "Kepulauan Riau",
        "kode_wilayah": "21.04.05.2001"
      }
    },
    {
      "type": "Feature",
      "geometry": {
        "type": "Point",
        "coordinates": [104.58015, -0.06028]
      },
      "properties": {
        "name": "KDMP Sungaibesar",
        "desa": "Sungaibesar",
        "kecamatan": "Lingga Utara",
        "kabupaten": "Lingga",
        "provinsi": "Kepulauan Riau",
        "kode_wilayah": "21.04.05.2009"
      }
    },
    {
      "type": "Feature",
      "geometry": {
        "type": "Point",
        "coordinates": [104.50587, -0.3871]
      },
      "properties": {
        "name": "KDMP Kote",
        "desa": "Kote",
        "kecamatan": "Singkep Pesisir",
        "kabupaten": "Lingga",
        "provinsi": "Kepulauan Riau",
        "kode_wilayah": "21.04.06.2004"
      }
    },
    {
      "type": "Feature",
      "geometry": {
        "type": "Point",
        "coordinates": [104.73554, -0.20818]
      },
      "properties": {
        "name": "KDMP Kerandin",
        "desa": "Kerandin",
        "kecamatan": "Lingga Timur",
        "kabupaten": "Lingga",
        "provinsi": "Kepulauan Riau",
        "kode_wilayah": "21.04.07.2004"
      }
    },
    {
      "type": "Feature",
      "geometry": {
        "type": "Point",
        "coordinates": [104.45389, -0.30845]
      },
      "properties": {
        "name": "KDMP Penuba",
        "desa": "Penuba",
        "kecamatan": "Selayar",
        "kabupaten": "Lingga",
        "provinsi": "Kepulauan Riau",
        "kode_wilayah": "21.04.08.2002"
      }
    },
    {
      "type": "Feature",
      "geometry": {
        "type": "Point",
        "coordinates": [104.22881, -0.34213]
      },
      "properties": {
        "name": "KDMP Busung Panjang",
        "desa": "Busung Panjang",
        "kecamatan": "Kepulauan Posek",
        "kabupaten": "Lingga",
        "provinsi": "Kepulauan Riau",
        "kode_wilayah": "21.04.10.2001"
      }
    },
    {
      "type": "Feature",
      "geometry": {
        "type": "Point",
        "coordinates": [104.47292, 0.35268]
      },
      "properties": {
        "name": "KDMP Pulau Duyung",
        "desa": "Pulau Duyung",
        "kecamatan": "Katang Bidare",
        "kabupaten": "Lingga",
        "provinsi": "Kepulauan Riau",
        "kode_wilayah": "21.04.11.2004"
      }
    },
    {
      "type": "Feature",
      "geometry": {
        "type": "Point",
        "coordinates": [104.31021, 0.13658]
      },
      "properties": {
        "name": "KDMP Cempa",
        "desa": "Cempa",
        "kecamatan": "Bakung Serumpun",
        "kabupaten": "Lingga",
        "provinsi": "Kepulauan Riau",
        "kode_wilayah": "21.04.13.2002"
      }
    },
    {
      "type": "Feature",
      "geometry": {
        "type": "Point",
        "coordinates": [106.20488, 3.21291]
      },
      "properties": {
        "name": "KDMP Terempa Barat",
        "desa": "Terempa Barat",
        "kecamatan": "Siantan",
        "kabupaten": "Kepulauan Anambas",
        "provinsi": "Kepulauan Riau",
        "kode_wilayah": "21.05.01.2002"
      }
    },
    {
      "type": "Feature",
      "geometry": {
        "type": "Point",
        "coordinates": [106.29014, 3.31752]
      },
      "properties": {
        "name": "KDMP Tebang",
        "desa": "Tebang",
        "kecamatan": "Palmatak",
        "kabupaten": "Kepulauan Anambas",
        "provinsi": "Kepulauan Riau",
        "kode_wilayah": "21.05.02.2002"
      }
    },
    {
      "type": "Feature",
      "geometry": {
        "type": "Point",
        "coordinates": [106.43666, 3.38252]
      },
      "properties": {
        "name": "KDMP Belibak",
        "desa": "Belibak",
        "kecamatan": "Palmatak",
        "kabupaten": "Kepulauan Anambas",
        "provinsi": "Kepulauan Riau",
        "kode_wilayah": "21.05.02.2015"
      }
    },
    {
      "type": "Feature",
      "geometry": {
        "type": "Point",
        "coordinates": [101.53776, -2.25628]
      },
      "properties": {
        "name": "KDMP Lempur Tengah",
        "desa": "Lempur Tengah",
        "kecamatan": "Gunung Raya",
        "kabupaten": "Kerinci",
        "provinsi": "Jambi",
        "kode_wilayah": "15.01.01.1004"
      }
    },
    {
      "type": "Feature",
      "geometry": {
        "type": "Point",
        "coordinates": [101.57908, -2.219]
      },
      "properties": {
        "name": "KDMP Kebun Baru",
        "desa": "Kebun Baru",
        "kecamatan": "Gunung Raya",
        "kabupaten": "Kerinci",
        "provinsi": "Jambi",
        "kode_wilayah": "15.01.01.2011"
      }
    },
    {
      "type": "Feature",
      "geometry": {
        "type": "Point",
        "coordinates": [101.51935, -2.12424]
      },
      "properties": {
        "name": "KDMP Sanggaran Agung",
        "desa": "Sanggaran Agung",
        "kecamatan": "Danau Kerinci",
        "kabupaten": "Kerinci",
        "provinsi": "Jambi",
        "kode_wilayah": "15.01.02.2001"
      }
    },
    {
      "type": "Feature",
      "geometry": {
        "type": "Point",
        "coordinates": [101.48612, -2.11726]
      },
      "properties": {
        "name": "KDMP Tanjungtanah",
        "desa": "Tanjungtanah",
        "kecamatan": "Danau Kerinci",
        "kabupaten": "Kerinci",
        "provinsi": "Jambi",
        "kode_wilayah": "15.01.02.2007"
      }
    },
    {
      "type": "Feature",
      "geometry": {
        "type": "Point",
        "coordinates": [101.48425, -2.09158]
      },
      "properties": {
        "name": "KDMP Tanjungharapan",
        "desa": "Tanjungharapan",
        "kecamatan": "Danau Kerinci",
        "kabupaten": "Kerinci",
        "provinsi": "Jambi",
        "kode_wilayah": "15.01.02.2018"
      }
    },
    {
      "type": "Feature",
      "geometry": {
        "type": "Point",
        "coordinates": [101.46808, -2.07286]
      },
      "properties": {
        "name": "KDMP Koto Baru Hiang",
        "desa": "Koto Baru Hiang",
        "kecamatan": "Sitinjau Laut",
        "kabupaten": "Kerinci",
        "provinsi": "Jambi",
        "kode_wilayah": "15.01.04.2013"
      }
    },
    {
      "type": "Feature",
      "geometry": {
        "type": "Point",
        "coordinates": [101.48088, -2.07425]
      },
      "properties": {
        "name": "KDMP Hiang Sakti",
        "desa": "Hiang Sakti",
        "kecamatan": "Sitinjau Laut",
        "kabupaten": "Kerinci",
        "provinsi": "Jambi",
        "kode_wilayah": "15.01.04.2031"
      }
    },
    {
      "type": "Feature",
      "geometry": {
        "type": "Point",
        "coordinates": [101.36707, -2.00232]
      },
      "properties": {
        "name": "KDMP Pasar Semurup",
        "desa": "Pasar Semurup",
        "kecamatan": "Air Hangat",
        "kabupaten": "Kerinci",
        "provinsi": "Jambi",
        "kode_wilayah": "15.01.05.2013"
      }
    },
    {
      "type": "Feature",
      "geometry": {
        "type": "Point",
        "coordinates": [101.36236, -2.00122]
      },
      "properties": {
        "name": "KDMP Muara Semerah",
        "desa": "Muara Semerah",
        "kecamatan": "Air Hangat",
        "kabupaten": "Kerinci",
        "provinsi": "Jambi",
        "kode_wilayah": "15.01.05.2024"
      }
    },
    {
      "type": "Feature",
      "geometry": {
        "type": "Point",
        "coordinates": [101.40142, -1.97085]
      },
      "properties": {
        "name": "KDMP Pendung Tengah",
        "desa": "Pendung Tengah",
        "kecamatan": "Air Hangat",
        "kabupaten": "Kerinci",
        "provinsi": "Jambi",
        "kode_wilayah": "15.01.05.2039"
      }
    },
    {
      "type": "Feature",
      "geometry": {
        "type": "Point",
        "coordinates": [101.19078, -1.91258]
      },
      "properties": {
        "name": "KDMP Suko Pangkat",
        "desa": "Suko Pangkat",
        "kecamatan": "Gunung Kerinci",
        "kabupaten": "Kerinci",
        "provinsi": "Jambi",
        "kode_wilayah": "15.01.06.2014"
      }
    },
    {
      "type": "Feature",
      "geometry": {
        "type": "Point",
        "coordinates": [101.26349, -1.87592]
      },
      "properties": {
        "name": "KDMP Sungai Batu Gantih Hilir",
        "desa": "Sungai Batu Gantih Hilir",
        "kecamatan": "Gunung Kerinci",
        "kabupaten": "Kerinci",
        "provinsi": "Jambi",
        "kode_wilayah": "15.01.06.2039"
      }
    },
    {
      "type": "Feature",
      "geometry": {
        "type": "Point",
        "coordinates": [101.61718, -2.18901]
      },
      "properties": {
        "name": "KDMP Lubuk Paku",
        "desa": "Lubuk Paku",
        "kecamatan": "Batang Merangin",
        "kabupaten": "Kerinci",
        "provinsi": "Jambi",
        "kode_wilayah": "15.01.07.2006"
      }
    },
    {
      "type": "Feature",
      "geometry": {
        "type": "Point",
        "coordinates": [101.69989, -2.18336]
      },
      "properties": {
        "name": "KDMP Batang Merangin",
        "desa": "Batang Merangin",
        "kecamatan": "Batang Merangin",
        "kabupaten": "Kerinci",
        "provinsi": "Jambi",
        "kode_wilayah": "15.01.07.2013"
      }
    },
    {
      "type": "Feature",
      "geometry": {
        "type": "Point",
        "coordinates": [101.52562, -2.15298]
      },
      "properties": {
        "name": "KDMP Tanjungbatu",
        "desa": "Tanjungbatu",
        "kecamatan": "Keliling Danau",
        "kabupaten": "Kerinci",
        "provinsi": "Jambi",
        "kode_wilayah": "15.01.08.2005"
      }
    },
    {
      "type": "Feature",
      "geometry": {
        "type": "Point",
        "coordinates": [101.40377, -2.27433]
      },
      "properties": {
        "name": "KDMP Telago",
        "desa": "Telago",
        "kecamatan": "Keliling Danau",
        "kabupaten": "Kerinci",
        "provinsi": "Jambi",
        "kode_wilayah": "15.01.08.2018"
      }
    },
    {
      "type": "Feature",
      "geometry": {
        "type": "Point",
        "coordinates": [101.50222, -2.16723]
      },
      "properties": {
        "name": "KDMP Pasar Jujun",
        "desa": "Pasar Jujun",
        "kecamatan": "Keliling Danau",
        "kabupaten": "Kerinci",
        "provinsi": "Jambi",
        "kode_wilayah": "15.01.08.2027"
      }
    },
    {
      "type": "Feature",
      "geometry": {
        "type": "Point",
        "coordinates": [101.3197, -1.80065]
      },
      "properties": {
        "name": "KDMP Koto Baru",
        "desa": "Koto Baru",
        "kecamatan": "Kayu Aro",
        "kabupaten": "Kerinci",
        "provinsi": "Jambi",
        "kode_wilayah": "15.01.09.2014"
      }
    },
    {
      "type": "Feature",
      "geometry": {
        "type": "Point",
        "coordinates": [101.27843, -1.75707]
      },
      "properties": {
        "name": "KDMP Batang Sangir",
        "desa": "Batang Sangir",
        "kecamatan": "Kayu Aro",
        "kabupaten": "Kerinci",
        "provinsi": "Jambi",
        "kode_wilayah": "15.01.09.2025"
      }
    },
    {
      "type": "Feature",
      "geometry": {
        "type": "Point",
        "coordinates": [101.28968, -1.7948]
      },
      "properties": {
        "name": "KDMP Mekar Sari",
        "desa": "Mekar Sari",
        "kecamatan": "Kayu Aro",
        "kabupaten": "Kerinci",
        "provinsi": "Jambi",
        "kode_wilayah": "15.01.09.2043"
      }
    },
    {
      "type": "Feature",
      "geometry": {
        "type": "Point",
        "coordinates": [101.39129, -1.99521]
      },
      "properties": {
        "name": "KDMP Kemantan Kebalai",
        "desa": "Kemantan Kebalai",
        "kecamatan": "Air Hangat Timur",
        "kabupaten": "Kerinci",
        "provinsi": "Jambi",
        "kode_wilayah": "15.01.11.2002"
      }
    },
    {
      "type": "Feature",
      "geometry": {
        "type": "Point",
        "coordinates": [101.42066, -1.99259]
      },
      "properties": {
        "name": "KDMP Air Hangat",
        "desa": "Air Hangat",
        "kecamatan": "Air Hangat Timur",
        "kabupaten": "Kerinci",
        "provinsi": "Jambi",
        "kode_wilayah": "15.01.11.2008"
      }
    },
    {
      "type": "Feature",
      "geometry": {
        "type": "Point",
        "coordinates": [101.44311, -2.00446]
      },
      "properties": {
        "name": "KDMP Sungaitutung",
        "desa": "Sungaitutung",
        "kecamatan": "Air Hangat Timur",
        "kabupaten": "Kerinci",
        "provinsi": "Jambi",
        "kode_wilayah": "15.01.11.2015"
      }
    },
    {
      "type": "Feature",
      "geometry": {
        "type": "Point",
        "coordinates": [101.43327, -2.02072]
      },
      "properties": {
        "name": "KDMP Taman Jernih Sungaitutung",
        "desa": "Taman Jernih Sungaitutung",
        "kecamatan": "Air Hangat Timur",
        "kabupaten": "Kerinci",
        "provinsi": "Jambi",
        "kode_wilayah": "15.01.11.2023"
      }
    },
    {
      "type": "Feature",
      "geometry": {
        "type": "Point",
        "coordinates": [101.32352, -1.76575]
      },
      "properties": {
        "name": "KDMP Sungairumpun",
        "desa": "Sungairumpun",
        "kecamatan": "Gunung Tujuh",
        "kabupaten": "Kerinci",
        "provinsi": "Jambi",
        "kode_wilayah": "15.01.15.2001"
      }
    },
    {
      "type": "Feature",
      "geometry": {
        "type": "Point",
        "coordinates": [101.33379, -1.71552]
      },
      "properties": {
        "name": "KDMP Lubuk Pauh",
        "desa": "Lubuk Pauh",
        "kecamatan": "Gunung Tujuh",
        "kabupaten": "Kerinci",
        "provinsi": "Jambi",
        "kode_wilayah": "15.01.15.2007"
      }
    },
    {
      "type": "Feature",
      "geometry": {
        "type": "Point",
        "coordinates": [101.34674, -1.70682]
      },
      "properties": {
        "name": "KDMP Pelompek Pasar Baru",
        "desa": "Pelompek Pasar Baru",
        "kecamatan": "Gunung Tujuh",
        "kabupaten": "Kerinci",
        "provinsi": "Jambi",
        "kode_wilayah": "15.01.15.2013"
      }
    },
    {
      "type": "Feature",
      "geometry": {
        "type": "Point",
        "coordinates": [101.32563, -1.90729]
      },
      "properties": {
        "name": "KDMP Lubuk Nagodang",
        "desa": "Lubuk Nagodang",
        "kecamatan": "Siulak",
        "kabupaten": "Kerinci",
        "provinsi": "Jambi",
        "kode_wilayah": "15.01.16.2009"
      }
    },
    {
      "type": "Feature",
      "geometry": {
        "type": "Point",
        "coordinates": [101.35009, -1.96859]
      },
      "properties": {
        "name": "KDMP Dusun Dalam",
        "desa": "Dusun Dalam",
        "kecamatan": "Siulak",
        "kabupaten": "Kerinci",
        "provinsi": "Jambi",
        "kode_wilayah": "15.01.16.2015"
      }
    },
    {
      "type": "Feature",
      "geometry": {
        "type": "Point",
        "coordinates": [101.36166, -1.97558]
      },
      "properties": {
        "name": "KDMP Telago Biru",
        "desa": "Telago Biru",
        "kecamatan": "Siulak",
        "kabupaten": "Kerinci",
        "provinsi": "Jambi",
        "kode_wilayah": "15.01.16.2028"
      }
    },
    {
      "type": "Feature",
      "geometry": {
        "type": "Point",
        "coordinates": [101.32344, -1.93369]
      },
      "properties": {
        "name": "KDMP Pelak Gedang",
        "desa": "Pelak Gedang",
        "kecamatan": "Siulak",
        "kabupaten": "Kerinci",
        "provinsi": "Jambi",
        "kode_wilayah": "15.01.16.2038"
      }
    },
    {
      "type": "Feature",
      "geometry": {
        "type": "Point",
        "coordinates": [101.39503, -2.01709]
      },
      "properties": {
        "name": "KDMP Kubang Gedang",
        "desa": "Kubang Gedang",
        "kecamatan": "Depati Tujuh",
        "kabupaten": "Kerinci",
        "provinsi": "Jambi",
        "kode_wilayah": "15.01.17.2004"
      }
    },
    {
      "type": "Feature",
      "geometry": {
        "type": "Point",
        "coordinates": [101.37498, -2.01647]
      },
      "properties": {
        "name": "KDMP Sekungkung",
        "desa": "Sekungkung",
        "kecamatan": "Depati Tujuh",
        "kabupaten": "Kerinci",
        "provinsi": "Jambi",
        "kode_wilayah": "15.01.17.2010"
      }
    },
    {
      "type": "Feature",
      "geometry": {
        "type": "Point",
        "coordinates": [101.34666, -2.01868]
      },
      "properties": {
        "name": "KDMP Tambak Tinggi",
        "desa": "Tambak Tinggi",
        "kecamatan": "Depati Tujuh",
        "kabupaten": "Kerinci",
        "provinsi": "Jambi",
        "kode_wilayah": "15.01.17.2016"
      }
    },
    {
      "type": "Feature",
      "geometry": {
        "type": "Point",
        "coordinates": [101.36331, -1.974]
      },
      "properties": {
        "name": "KDMP Mukai Tengah",
        "desa": "Mukai Tengah",
        "kecamatan": "Siulak Mukai",
        "kabupaten": "Kerinci",
        "provinsi": "Jambi",
        "kode_wilayah": "15.01.18.2002"
      }
    },
    {
      "type": "Feature",
      "geometry": {
        "type": "Point",
        "coordinates": [101.52285, -1.89553]
      },
      "properties": {
        "name": "KDMP Sungailangkap",
        "desa": "Sungailangkap",
        "kecamatan": "Siulak Mukai",
        "kabupaten": "Kerinci",
        "provinsi": "Jambi",
        "kode_wilayah": "15.01.18.2008"
      }
    },
    {
      "type": "Feature",
      "geometry": {
        "type": "Point",
        "coordinates": [101.36449, -1.97249]
      },
      "properties": {
        "name": "KDMP Koto Lua",
        "desa": "Koto Lua",
        "kecamatan": "Siulak Mukai",
        "kabupaten": "Kerinci",
        "provinsi": "Jambi",
        "kode_wilayah": "15.01.18.2014"
      }
    },
    {
      "type": "Feature",
      "geometry": {
        "type": "Point",
        "coordinates": [101.23237, -1.79209]
      },
      "properties": {
        "name": "KDMP Sungailintang",
        "desa": "Sungailintang",
        "kecamatan": "Kayu Aro Barat",
        "kabupaten": "Kerinci",
        "provinsi": "Jambi",
        "kode_wilayah": "15.01.19.2006"
      }
    },
    {
      "type": "Feature",
      "geometry": {
        "type": "Point",
        "coordinates": [101.24491, -1.76016]
      },
      "properties": {
        "name": "KDMP Gununglabu",
        "desa": "Gununglabu",
        "kecamatan": "Kayu Aro Barat",
        "kabupaten": "Kerinci",
        "provinsi": "Jambi",
        "kode_wilayah": "15.01.19.2012"
      }
    },
    {
      "type": "Feature",
      "geometry": {
        "type": "Point",
        "coordinates": [101.53515, -2.22123]
      },
      "properties": {
        "name": "KDMP Pasar Kerman",
        "desa": "Pasar Kerman",
        "kecamatan": "Bukitkerman",
        "kabupaten": "Kerinci",
        "provinsi": "Jambi",
        "kode_wilayah": "15.01.20.2001"
      }
    },
    {
      "type": "Feature",
      "geometry": {
        "type": "Point",
        "coordinates": [101.57134, -2.19606]
      },
      "properties": {
        "name": "KDMP Pondok",
        "desa": "Pondok",
        "kecamatan": "Bukitkerman",
        "kabupaten": "Kerinci",
        "provinsi": "Jambi",
        "kode_wilayah": "15.01.20.2007"
      }
    },
    {
      "type": "Feature",
      "geometry": {
        "type": "Point",
        "coordinates": [101.53496, -2.14875]
      },
      "properties": {
        "name": "KDMP Karang Pandan",
        "desa": "Karang Pandan",
        "kecamatan": "Bukitkerman",
        "kabupaten": "Kerinci",
        "provinsi": "Jambi",
        "kode_wilayah": "15.01.20.2013"
      }
    },
    {
      "type": "Feature",
      "geometry": {
        "type": "Point",
        "coordinates": [101.36325, -1.98228]
      },
      "properties": {
        "name": "KDMP Hamparan Pugu",
        "desa": "Hamparan Pugu",
        "kecamatan": "Air Hangat Barat",
        "kabupaten": "Kerinci",
        "provinsi": "Jambi",
        "kode_wilayah": "15.01.21.2004"
      }
    },
    {
      "type": "Feature",
      "geometry": {
        "type": "Point",
        "coordinates": [101.37426, -1.98998]
      },
      "properties": {
        "name": "KDMP Koto Cayo",
        "desa": "Koto Cayo",
        "kecamatan": "Air Hangat Barat",
        "kabupaten": "Kerinci",
        "provinsi": "Jambi",
        "kode_wilayah": "15.01.21.2010"
      }
    },
    {
      "type": "Feature",
      "geometry": {
        "type": "Point",
        "coordinates": [101.45066, -2.10029]
      },
      "properties": {
        "name": "KDMP Semerah",
        "desa": "Semerah",
        "kecamatan": "Tanah Cogok",
        "kabupaten": "Kerinci",
        "provinsi": "Jambi",
        "kode_wilayah": "15.01.22.2004"
      }
    },
    {
      "type": "Feature",
      "geometry": {
        "type": "Point",
        "coordinates": [101.464, -2.10475]
      },
      "properties": {
        "name": "KDMP Agung Koto Iman",
        "desa": "Agung Koto Iman",
        "kecamatan": "Tanah Cogok",
        "kabupaten": "Kerinci",
        "provinsi": "Jambi",
        "kode_wilayah": "15.01.22.2010"
      }
    },
    {
      "type": "Feature",
      "geometry": {
        "type": "Point",
        "coordinates": [101.43435, -2.11291]
      },
      "properties": {
        "name": "KDMP Punai Merindu",
        "desa": "Punai Merindu",
        "kecamatan": "Danau Kerinci Barat",
        "kabupaten": "Kerinci",
        "provinsi": "Jambi",
        "kode_wilayah": "15.01.23.2004"
      }
    },
    {
      "type": "Feature",
      "geometry": {
        "type": "Point",
        "coordinates": [101.43135, -2.13709]
      },
      "properties": {
        "name": "KDMP Koto Tengah",
        "desa": "Koto Tengah",
        "kecamatan": "Danau Kerinci Barat",
        "kabupaten": "Kerinci",
        "provinsi": "Jambi",
        "kode_wilayah": "15.01.23.2010"
      }
    },
    {
      "type": "Feature",
      "geometry": {
        "type": "Point",
        "coordinates": [101.68491, -2.44859]
      },
      "properties": {
        "name": "KDMP Tanjung Kasri",
        "desa": "Tanjung Kasri",
        "kecamatan": "Jangkat",
        "kabupaten": "Merangin",
        "provinsi": "Jambi",
        "kode_wilayah": "15.02.01.2002"
      }
    },
    {
      "type": "Feature",
      "geometry": {
        "type": "Point",
        "coordinates": [101.90476, -2.60235]
      },
      "properties": {
        "name": "KDMP Koto Renah",
        "desa": "Koto Renah",
        "kecamatan": "Jangkat",
        "kabupaten": "Merangin",
        "provinsi": "Jambi",
        "kode_wilayah": "15.02.01.2010"
      }
    },
    {
      "type": "Feature",
      "geometry": {
        "type": "Point",
        "coordinates": [104.00955, -4.19131]
      },
      "properties": {
        "name": "KDMP Negeri Sindang",
        "desa": "Negeri Sindang",
        "kecamatan": "Sosoh Buay Rayap",
        "kabupaten": "Ogan Komering Ulu",
        "provinsi": "Sumatera Selatan",
        "kode_wilayah": "16.01.07.2001"
      }
    },
    {
      "type": "Feature",
      "geometry": {
        "type": "Point",
        "coordinates": [104.16958, -4.18197]
      },
      "properties": {
        "name": "KDMP Lubuk Leban",
        "desa": "Lubuk Leban",
        "kecamatan": "Sosoh Buay Rayap",
        "kabupaten": "Ogan Komering Ulu",
        "provinsi": "Sumatera Selatan",
        "kode_wilayah": "16.01.07.2007"
      }
    },
    {
      "type": "Feature",
      "geometry": {
        "type": "Point",
        "coordinates": [103.81337, -4.04627]
      },
      "properties": {
        "name": "KDMP Tanjung Pura",
        "desa": "Tanjung Pura",
        "kecamatan": "Pengandonan",
        "kabupaten": "Ogan Komering Ulu",
        "provinsi": "Sumatera Selatan",
        "kode_wilayah": "16.01.08.2003"
      }
    },
    {
      "type": "Feature",
      "geometry": {
        "type": "Point",
        "coordinates": [103.94425, -4.14624]
      },
      "properties": {
        "name": "KDMP Pengandonan",
        "desa": "Pengandonan",
        "kecamatan": "Pengandonan",
        "kabupaten": "Ogan Komering Ulu",
        "provinsi": "Sumatera Selatan",
        "kode_wilayah": "16.01.08.2015"
      }
    },
    {
      "type": "Feature",
      "geometry": {
        "type": "Point",
        "coordinates": [104.28725, -3.99067]
      },
      "properties": {
        "name": "KDMP Kedondong",
        "desa": "Kedondong",
        "kecamatan": "Peninjauan",
        "kabupaten": "Ogan Komering Ulu",
        "provinsi": "Sumatera Selatan",
        "kode_wilayah": "16.01.09.2002"
      }
    },
    {
      "type": "Feature",
      "geometry": {
        "type": "Point",
        "coordinates": [104.38052, -3.85931]
      },
      "properties": {
        "name": "KDMP Peninjauan",
        "desa": "Peninjauan",
        "kecamatan": "Peninjauan",
        "kabupaten": "Ogan Komering Ulu",
        "provinsi": "Sumatera Selatan",
        "kode_wilayah": "16.01.09.2010"
      }
    },
    {
      "type": "Feature",
      "geometry": {
        "type": "Point",
        "coordinates": [104.35993, -3.85202]
      },
      "properties": {
        "name": "KDMP Penilikan",
        "desa": "Penilikan",
        "kecamatan": "Peninjauan",
        "kabupaten": "Ogan Komering Ulu",
        "provinsi": "Sumatera Selatan",
        "kode_wilayah": "16.01.09.2026"
      }
    },
    {
      "type": "Feature",
      "geometry": {
        "type": "Point",
        "coordinates": [104.13861, -4.09973]
      },
      "properties": {
        "name": "KDMP Batu Kuning",
        "desa": "Batu Kuning",
        "kecamatan": "Baturaja Barat",
        "kabupaten": "Ogan Komering Ulu",
        "provinsi": "Sumatera Selatan",
        "kode_wilayah": "16.01.13.1007"
      }
    },
    {
      "type": "Feature",
      "geometry": {
        "type": "Point",
        "coordinates": [104.11155, -4.06827]
      },
      "properties": {
        "name": "KDMP Karang Endah",
        "desa": "Karang Endah",
        "kecamatan": "Baturaja Barat",
        "kabupaten": "Ogan Komering Ulu",
        "provinsi": "Sumatera Selatan",
        "kode_wilayah": "16.01.13.2009"
      }
    },
    {
      "type": "Feature",
      "geometry": {
        "type": "Point",
        "coordinates": [104.17816, -4.12326]
      },
      "properties": {
        "name": "KDMP Sukaraya",
        "desa": "Sukaraya",
        "kecamatan": "Baturaja Timur",
        "kabupaten": "Ogan Komering Ulu",
        "provinsi": "Sumatera Selatan",
        "kode_wilayah": "16.01.14.1005"
      }
    },
    {
      "type": "Feature",
      "geometry": {
        "type": "Point",
        "coordinates": [104.18503, -4.08395]
      },
      "properties": {
        "name": "KDMP Tanjung Kemala",
        "desa": "Tanjung Kemala",
        "kecamatan": "Baturaja Timur",
        "kabupaten": "Ogan Komering Ulu",
        "provinsi": "Sumatera Selatan",
        "kode_wilayah": "16.01.14.2007"
      }
    },
    {
      "type": "Feature",
      "geometry": {
        "type": "Point",
        "coordinates": [103.75341, -4.20487]
      },
      "properties": {
        "name": "KDMP Mendingin",
        "desa": "Mendingin",
        "kecamatan": "Ulu Ogan",
        "kabupaten": "Ogan Komering Ulu",
        "provinsi": "Sumatera Selatan",
        "kode_wilayah": "16.01.20.2003"
      }
    },
    {
      "type": "Feature",
      "geometry": {
        "type": "Point",
        "coordinates": [103.91459, -4.05387]
      },
      "properties": {
        "name": "KDMP Sukarami",
        "desa": "Sukarami",
        "kecamatan": "Semidang Aji",
        "kabupaten": "Ogan Komering Ulu",
        "provinsi": "Sumatera Selatan",
        "kode_wilayah": "16.01.21.2002"
      }
    },
    {
      "type": "Feature",
      "geometry": {
        "type": "Point",
        "coordinates": [103.96692, -4.08471]
      },
      "properties": {
        "name": "KDMP Bedegung",
        "desa": "Bedegung",
        "kecamatan": "Semidang Aji",
        "kabupaten": "Ogan Komering Ulu",
        "provinsi": "Sumatera Selatan",
        "kode_wilayah": "16.01.21.2008"
      }
    },
    {
      "type": "Feature",
      "geometry": {
        "type": "Point",
        "coordinates": [104.09475, -4.02377]
      },
      "properties": {
        "name": "KDMP Kebun Jati",
        "desa": "Kebun Jati",
        "kecamatan": "Semidang Aji",
        "kabupaten": "Ogan Komering Ulu",
        "provinsi": "Sumatera Selatan",
        "kode_wilayah": "16.01.21.2014"
      }
    },
    {
      "type": "Feature",
      "geometry": {
        "type": "Point",
        "coordinates": [104.02674, -4.10194]
      },
      "properties": {
        "name": "KDMP Guna Makmur",
        "desa": "Guna Makmur",
        "kecamatan": "Semidang Aji",
        "kabupaten": "Ogan Komering Ulu",
        "provinsi": "Sumatera Selatan",
        "kode_wilayah": "16.01.21.2021"
      }
    },
    {
      "type": "Feature",
      "geometry": {
        "type": "Point",
        "coordinates": [104.23429, -4.0778]
      },
      "properties": {
        "name": "KDMP Tanjung Dalam",
        "desa": "Tanjung Dalam",
        "kecamatan": "Lubuk Batang",
        "kabupaten": "Ogan Komering Ulu",
        "provinsi": "Sumatera Selatan",
        "kode_wilayah": "16.01.22.2005"
      }
    },
    {
      "type": "Feature",
      "geometry": {
        "type": "Point",
        "coordinates": [104.16957, -3.97356]
      },
      "properties": {
        "name": "KDMP Bandar Agung",
        "desa": "Bandar Agung",
        "kecamatan": "Lubuk Batang",
        "kabupaten": "Ogan Komering Ulu",
        "provinsi": "Sumatera Selatan",
        "kode_wilayah": "16.01.22.2011"
      }
    },
    {
      "type": "Feature",
      "geometry": {
        "type": "Point",
        "coordinates": [104.09613, -4.38901]
      },
      "properties": {
        "name": "KDMP Karang Endah",
        "desa": "Karang Endah",
        "kecamatan": "Lengkiti",
        "kabupaten": "Ogan Komering Ulu",
        "provinsi": "Sumatera Selatan",
        "kode_wilayah": "16.01.28.2002"
      }
    },
    {
      "type": "Feature",
      "geometry": {
        "type": "Point",
        "coordinates": [104.04476, -4.34558]
      },
      "properties": {
        "name": "KDMP Negeri Ratu",
        "desa": "Negeri Ratu",
        "kecamatan": "Lengkiti",
        "kabupaten": "Ogan Komering Ulu",
        "provinsi": "Sumatera Selatan",
        "kode_wilayah": "16.01.28.2008"
      }
    },
    {
      "type": "Feature",
      "geometry": {
        "type": "Point",
        "coordinates": [104.01272, -4.28729]
      },
      "properties": {
        "name": "KDMP Gedung Pekuon",
        "desa": "Gedung Pekuon",
        "kecamatan": "Lengkiti",
        "kabupaten": "Ogan Komering Ulu",
        "provinsi": "Sumatera Selatan",
        "kode_wilayah": "16.01.28.2014"
      }
    },
    {
      "type": "Feature",
      "geometry": {
        "type": "Point",
        "coordinates": [104.14288, -4.39654]
      },
      "properties": {
        "name": "KDMP Fajar Jaya",
        "desa": "Fajar Jaya",
        "kecamatan": "Lengkiti",
        "kabupaten": "Ogan Komering Ulu",
        "provinsi": "Sumatera Selatan",
        "kode_wilayah": "16.01.28.2020"
      }
    },
    {
      "type": "Feature",
      "geometry": {
        "type": "Point",
        "coordinates": [104.39351, -3.90791]
      },
      "properties": {
        "name": "KDMP Sri Mulya",
        "desa": "Sri Mulya",
        "kecamatan": "Sinar Peninjauan",
        "kabupaten": "Ogan Komering Ulu",
        "provinsi": "Sumatera Selatan",
        "kode_wilayah": "16.01.29.2004"
      }
    },
    {
      "type": "Feature",
      "geometry": {
        "type": "Point",
        "coordinates": [104.30455, -4.04595]
      },
      "properties": {
        "name": "KDMP Lubuk Banjar",
        "desa": "Lubuk Banjar",
        "kecamatan": "Lubuk Raja",
        "kabupaten": "Ogan Komering Ulu",
        "provinsi": "Sumatera Selatan",
        "kode_wilayah": "16.01.30.2004"
      }
    },
    {
      "type": "Feature",
      "geometry": {
        "type": "Point",
        "coordinates": [103.85826, -4.11026]
      },
      "properties": {
        "name": "KDMP Muara Saeh",
        "desa": "Muara Saeh",
        "kecamatan": "Muara Jaya",
        "kabupaten": "Ogan Komering Ulu",
        "provinsi": "Sumatera Selatan",
        "kode_wilayah": "16.01.31.2003"
      }
    },
    {
      "type": "Feature",
      "geometry": {
        "type": "Point",
        "coordinates": [104.47127, -3.8427]
      },
      "properties": {
        "name": "KDMP Kedaton",
        "desa": "Kedaton",
        "kecamatan": "Kedaton Peninjauan Raya",
        "kabupaten": "Ogan Komering Ulu",
        "provinsi": "Sumatera Selatan",
        "kode_wilayah": "16.01.32.2002"
      }
    },
    {
      "type": "Feature",
      "geometry": {
        "type": "Point",
        "coordinates": [104.53637, -3.82032]
      },
      "properties": {
        "name": "KDMP Lubuk Kemiling",
        "desa": "Lubuk Kemiling",
        "kecamatan": "Kedaton Peninjauan Raya",
        "kabupaten": "Ogan Komering Ulu",
        "provinsi": "Sumatera Selatan",
        "kode_wilayah": "16.01.32.2008"
      }
    },
    {
      "type": "Feature",
      "geometry": {
        "type": "Point",
        "coordinates": [104.68566, -3.57424]
      },
      "properties": {
        "name": "KDMP Pengaraian",
        "desa": "Pengaraian",
        "kecamatan": "Tanjung Lubuk",
        "kabupaten": "Ogan Komering Ilir",
        "provinsi": "Sumatera Selatan",
        "kode_wilayah": "16.02.02.2005"
      }
    },
    {
      "type": "Feature",
      "geometry": {
        "type": "Point",
        "coordinates": [104.67931, -3.50353]
      },
      "properties": {
        "name": "KDMP Tanjung Beringin",
        "desa": "Tanjung Beringin",
        "kecamatan": "Tanjung Lubuk",
        "kabupaten": "Ogan Komering Ilir",
        "provinsi": "Sumatera Selatan",
        "kode_wilayah": "16.02.02.2014"
      }
    },
    {
      "type": "Feature",
      "geometry": {
        "type": "Point",
        "coordinates": [104.73211, -3.48167]
      },
      "properties": {
        "name": "KDMP Atar Balam",
        "desa": "Atar Balam",
        "kecamatan": "Tanjung Lubuk",
        "kabupaten": "Ogan Komering Ilir",
        "provinsi": "Sumatera Selatan",
        "kode_wilayah": "16.02.02.2032"
      }
    },
    {
      "type": "Feature",
      "geometry": {
        "type": "Point",
        "coordinates": [104.87072, -3.53365]
      },
      "properties": {
        "name": "KDMP Pedamaran V",
        "desa": "Pedamaran V",
        "kecamatan": "Pedamaran",
        "kabupaten": "Ogan Komering Ilir",
        "provinsi": "Sumatera Selatan",
        "kode_wilayah": "16.02.03.2003"
      }
    },
    {
      "type": "Feature",
      "geometry": {
        "type": "Point",
        "coordinates": [104.85251, -3.46233]
      },
      "properties": {
        "name": "KDMP Sukadamai",
        "desa": "Sukadamai",
        "kecamatan": "Pedamaran",
        "kabupaten": "Ogan Komering Ilir",
        "provinsi": "Sumatera Selatan",
        "kode_wilayah": "16.02.03.2009"
      }
    },
    {
      "type": "Feature",
      "geometry": {
        "type": "Point",
        "coordinates": [104.83947, -3.49085]
      },
      "properties": {
        "name": "KDMP Lebuh Rarak",
        "desa": "Lebuh Rarak",
        "kecamatan": "Pedamaran",
        "kabupaten": "Ogan Komering Ilir",
        "provinsi": "Sumatera Selatan",
        "kode_wilayah": "16.02.03.2021"
      }
    },
    {
      "type": "Feature",
      "geometry": {
        "type": "Point",
        "coordinates": [105.08235, -3.9541]
      },
      "properties": {
        "name": "KDMP Marga Bakti",
        "desa": "Marga Bakti",
        "kecamatan": "Mesuji",
        "kabupaten": "Ogan Komering Ilir",
        "provinsi": "Sumatera Selatan",
        "kode_wilayah": "16.02.04.2008"
      }
    },
    {
      "type": "Feature",
      "geometry": {
        "type": "Point",
        "coordinates": [105.03264, -4.08475]
      },
      "properties": {
        "name": "KDMP Sumber Deras",
        "desa": "Sumber Deras",
        "kecamatan": "Mesuji",
        "kabupaten": "Ogan Komering Ilir",
        "provinsi": "Sumatera Selatan",
        "kode_wilayah": "16.02.04.2038"
      }
    },
    {
      "type": "Feature",
      "geometry": {
        "type": "Point",
        "coordinates": [104.83504, -3.40858]
      },
      "properties": {
        "name": "KDMP Jua-jua",
        "desa": "Jua-jua",
        "kecamatan": "Kayu Agung",
        "kabupaten": "Ogan Komering Ilir",
        "provinsi": "Sumatera Selatan",
        "kode_wilayah": "16.02.05.1001"
      }
    },
    {
      "type": "Feature",
      "geometry": {
        "type": "Point",
        "coordinates": [104.86454, -3.41402]
      },
      "properties": {
        "name": "KDMP Kedaton",
        "desa": "Kedaton",
        "kecamatan": "Kayu Agung",
        "kabupaten": "Ogan Komering Ilir",
        "provinsi": "Sumatera Selatan",
        "kode_wilayah": "16.02.05.1007"
      }
    },
    {
      "type": "Feature",
      "geometry": {
        "type": "Point",
        "coordinates": [104.82303, -3.41634]
      },
      "properties": {
        "name": "KDMP Muarabaru",
        "desa": "Muarabaru",
        "kecamatan": "Kayu Agung",
        "kabupaten": "Ogan Komering Ilir",
        "provinsi": "Sumatera Selatan",
        "kode_wilayah": "16.02.05.2012"
      }
    },
    {
      "type": "Feature",
      "geometry": {
        "type": "Point",
        "coordinates": [104.85958, -3.44528]
      },
      "properties": {
        "name": "KDMP Lubuk Dalam",
        "desa": "Lubuk Dalam",
        "kecamatan": "Kayu Agung",
        "kabupaten": "Ogan Komering Ilir",
        "provinsi": "Sumatera Selatan",
        "kode_wilayah": "16.02.05.2018"
      }
    },
    {
      "type": "Feature",
      "geometry": {
        "type": "Point",
        "coordinates": [104.85428, -3.34176]
      },
      "properties": {
        "name": "KDMP Serigeni",
        "desa": "Serigeni",
        "kecamatan": "Kayu Agung",
        "kabupaten": "Ogan Komering Ilir",
        "provinsi": "Sumatera Selatan",
        "kode_wilayah": "16.02.05.2024"
      }
    },
    {
      "type": "Feature",
      "geometry": {
        "type": "Point",
        "coordinates": [104.86872, -3.2903]
      },
      "properties": {
        "name": "KDMP Terusan Menang",
        "desa": "Terusan Menang",
        "kecamatan": "Sirah Pulau Padang",
        "kabupaten": "Ogan Komering Ilir",
        "provinsi": "Sumatera Selatan",
        "kode_wilayah": "16.02.08.2006"
      }
    },
    {
      "type": "Feature",
      "geometry": {
        "type": "Point",
        "coordinates": [104.87609, -3.26032]
      },
      "properties": {
        "name": "KDMP Serdang Menang",
        "desa": "Serdang Menang",
        "kecamatan": "Sirah Pulau Padang",
        "kabupaten": "Ogan Komering Ilir",
        "provinsi": "Sumatera Selatan",
        "kode_wilayah": "16.02.08.2012"
      }
    },
    {
      "type": "Feature",
      "geometry": {
        "type": "Point",
        "coordinates": [104.84255, -3.27832]
      },
      "properties": {
        "name": "KDMP Rawang Besar",
        "desa": "Rawang Besar",
        "kecamatan": "Sirah Pulau Padang",
        "kabupaten": "Ogan Komering Ilir",
        "provinsi": "Sumatera Selatan",
        "kode_wilayah": "16.02.08.2018"
      }
    },
    {
      "type": "Feature",
      "geometry": {
        "type": "Point",
        "coordinates": [105.23431, -3.30971]
      },
      "properties": {
        "name": "KDMP Penyandingan",
        "desa": "Penyandingan",
        "kecamatan": "Tulung Selapan",
        "kabupaten": "Ogan Komering Ilir",
        "provinsi": "Sumatera Selatan",
        "kode_wilayah": "16.02.11.2003"
      }
    },
    {
      "type": "Feature",
      "geometry": {
        "type": "Point",
        "coordinates": [105.32673, -3.33692]
      },
      "properties": {
        "name": "KDMP Tulung Selapan Ilir",
        "desa": "Tulung Selapan Ilir",
        "kecamatan": "Tulung Selapan",
        "kabupaten": "Ogan Komering Ilir",
        "provinsi": "Sumatera Selatan",
        "kode_wilayah": "16.02.11.2009"
      }
    },
    {
      "type": "Feature",
      "geometry": {
        "type": "Point",
        "coordinates": [105.76725, -3.24328]
      },
      "properties": {
        "name": "KDMP Simpang Tiga Makmur",
        "desa": "Simpang Tiga Makmur",
        "kecamatan": "Tulung Selapan",
        "kabupaten": "Ogan Komering Ilir",
        "provinsi": "Sumatera Selatan",
        "kode_wilayah": "16.02.11.2015"
      }
    },
    {
      "type": "Feature",
      "geometry": {
        "type": "Point",
        "coordinates": [105.80627, -3.34415]
      },
      "properties": {
        "name": "KDMP Simpang Tiga Abadi",
        "desa": "Simpang Tiga Abadi",
        "kecamatan": "Tulung Selapan",
        "kabupaten": "Ogan Komering Ilir",
        "provinsi": "Sumatera Selatan",
        "kode_wilayah": "16.02.11.2022"
      }
    },
    {
      "type": "Feature",
      "geometry": {
        "type": "Point",
        "coordinates": [104.98936, -3.22739]
      },
      "properties": {
        "name": "KDMP Ulak Depati",
        "desa": "Ulak Depati",
        "kecamatan": "Pampangan",
        "kabupaten": "Ogan Komering Ilir",
        "provinsi": "Sumatera Selatan",
        "kode_wilayah": "16.02.12.2005"
      }
    },
    {
      "type": "Feature",
      "geometry": {
        "type": "Point",
        "coordinates": [104.99073, -3.17003]
      },
      "properties": {
        "name": "KDMP Menggeris",
        "desa": "Menggeris",
        "kecamatan": "Pampangan",
        "kabupaten": "Ogan Komering Ilir",
        "provinsi": "Sumatera Selatan",
        "kode_wilayah": "16.02.12.2011"
      }
    },
    {
      "type": "Feature",
      "geometry": {
        "type": "Point",
        "coordinates": [105.07858, -3.3921]
      },
      "properties": {
        "name": "KDMP Jungkal",
        "desa": "Jungkal",
        "kecamatan": "Pampangan",
        "kabupaten": "Ogan Komering Ilir",
        "provinsi": "Sumatera Selatan",
        "kode_wilayah": "16.02.12.2017"
      }
    },
    {
      "type": "Feature",
      "geometry": {
        "type": "Point",
        "coordinates": [106.12086, -1.85744]
      },
      "properties": {
        "name": "KDMP Sungailiat",
        "desa": "Sungailiat",
        "kecamatan": "Sungailiat",
        "kabupaten": "Bangka",
        "provinsi": "Kepulauan Bangka Belitung",
        "kode_wilayah": "19.01.01.1001"
      }
    },
    {
      "type": "Feature",
      "geometry": {
        "type": "Point",
        "coordinates": [106.09459, -1.82088]
      },
      "properties": {
        "name": "KDMP Sinar Jaya Jelutung",
        "desa": "Sinar Jaya Jelutung",
        "kecamatan": "Sungailiat",
        "kabupaten": "Bangka",
        "provinsi": "Kepulauan Bangka Belitung",
        "kode_wilayah": "19.01.01.1008"
      }
    },
    {
      "type": "Feature",
      "geometry": {
        "type": "Point",
        "coordinates": [106.15294, -1.93205]
      },
      "properties": {
        "name": "KDMP Rebo",
        "desa": "Rebo",
        "kecamatan": "Sungailiat",
        "kabupaten": "Bangka",
        "provinsi": "Kepulauan Bangka Belitung",
        "kode_wilayah": "19.01.01.2007"
      }
    },
    {
      "type": "Feature",
      "geometry": {
        "type": "Point",
        "coordinates": [105.74012, -1.62091]
      },
      "properties": {
        "name": "KDMP Mantung",
        "desa": "Mantung",
        "kecamatan": "Belinyu",
        "kabupaten": "Bangka",
        "provinsi": "Kepulauan Bangka Belitung",
        "kode_wilayah": "19.01.02.1011"
      }
    },
    {
      "type": "Feature",
      "geometry": {
        "type": "Point",
        "coordinates": [105.85314, -1.55177]
      },
      "properties": {
        "name": "KDMP Bintet",
        "desa": "Bintet",
        "kecamatan": "Belinyu",
        "kabupaten": "Bangka",
        "provinsi": "Kepulauan Bangka Belitung",
        "kode_wilayah": "19.01.02.2008"
      }
    },
    {
      "type": "Feature",
      "geometry": {
        "type": "Point",
        "coordinates": [106.09412, -2.05157]
      },
      "properties": {
        "name": "KDMP Pagarawan",
        "desa": "Pagarawan",
        "kecamatan": "Merawang",
        "kabupaten": "Bangka",
        "provinsi": "Kepulauan Bangka Belitung",
        "kode_wilayah": "19.01.03.2006"
      }
    },
    {
      "type": "Feature",
      "geometry": {
        "type": "Point",
        "coordinates": [105.84648, -2.29222]
      },
      "properties": {
        "name": "KDMP Penagan",
        "desa": "Penagan",
        "kecamatan": "Mendo Barat",
        "kabupaten": "Bangka",
        "provinsi": "Kepulauan Bangka Belitung",
        "kode_wilayah": "19.01.04.2002"
      }
    },
    {
      "type": "Feature",
      "geometry": {
        "type": "Point",
        "coordinates": [105.97464, -2.07394]
      },
      "properties": {
        "name": "KDMP Kemuja",
        "desa": "Kemuja",
        "kecamatan": "Mendo Barat",
        "kabupaten": "Bangka",
        "provinsi": "Kepulauan Bangka Belitung",
        "kode_wilayah": "19.01.04.2008"
      }
    },
    {
      "type": "Feature",
      "geometry": {
        "type": "Point",
        "coordinates": [106.07897, -2.13622]
      },
      "properties": {
        "name": "KDMP Kace Timur",
        "desa": "Kace Timur",
        "kecamatan": "Mendo Barat",
        "kabupaten": "Bangka",
        "provinsi": "Kepulauan Bangka Belitung",
        "kode_wilayah": "19.01.04.2014"
      }
    },
    {
      "type": "Feature",
      "geometry": {
        "type": "Point",
        "coordinates": [106.04657, -1.88013]
      },
      "properties": {
        "name": "KDMP Pemali",
        "desa": "Pemali",
        "kecamatan": "Pemali",
        "kabupaten": "Bangka",
        "provinsi": "Kepulauan Bangka Belitung",
        "kode_wilayah": "19.01.05.2005"
      }
    },
    {
      "type": "Feature",
      "geometry": {
        "type": "Point",
        "coordinates": [105.80769, -1.92377]
      },
      "properties": {
        "name": "KDMP Tiang Tarah",
        "desa": "Tiang Tarah",
        "kecamatan": "Bakam",
        "kabupaten": "Bangka",
        "provinsi": "Kepulauan Bangka Belitung",
        "kode_wilayah": "19.01.06.2005"
      }
    },
    {
      "type": "Feature",
      "geometry": {
        "type": "Point",
        "coordinates": [105.78777, -1.85425]
      },
      "properties": {
        "name": "KDMP Pangkal Niur",
        "desa": "Pangkal Niur",
        "kecamatan": "Riau Silip",
        "kabupaten": "Bangka",
        "provinsi": "Kepulauan Bangka Belitung",
        "kode_wilayah": "19.01.07.2002"
      }
    },
    {
      "type": "Feature",
      "geometry": {
        "type": "Point",
        "coordinates": [105.75018, -1.87668]
      },
      "properties": {
        "name": "KDMP Banyu Asin",
        "desa": "Banyu Asin",
        "kecamatan": "Riau Silip",
        "kabupaten": "Bangka",
        "provinsi": "Kepulauan Bangka Belitung",
        "kode_wilayah": "19.01.07.2008"
      }
    },
    {
      "type": "Feature",
      "geometry": {
        "type": "Point",
        "coordinates": [105.79784, -2.0284]
      },
      "properties": {
        "name": "KDMP Saing",
        "desa": "Saing",
        "kecamatan": "Puding Besar",
        "kabupaten": "Bangka",
        "provinsi": "Kepulauan Bangka Belitung",
        "kode_wilayah": "19.01.08.2005"
      }
    },
    {
      "type": "Feature",
      "geometry": {
        "type": "Point",
        "coordinates": [107.65248, -2.75953]
      },
      "properties": {
        "name": "KDMP Pangkallalang",
        "desa": "Pangkallalang",
        "kecamatan": "Tanjung Pandan",
        "kabupaten": "Belitung",
        "provinsi": "Kepulauan Bangka Belitung",
        "kode_wilayah": "19.02.01.1006"
      }
    },
    {
      "type": "Feature",
      "geometry": {
        "type": "Point",
        "coordinates": [107.65112, -2.77875]
      },
      "properties": {
        "name": "KDMP Dukong",
        "desa": "Dukong",
        "kecamatan": "Tanjung Pandan",
        "kabupaten": "Belitung",
        "provinsi": "Kepulauan Bangka Belitung",
        "kode_wilayah": "19.02.01.2007"
      }
    },
    {
      "type": "Feature",
      "geometry": {
        "type": "Point",
        "coordinates": [107.68077, -2.7393]
      },
      "properties": {
        "name": "KDMP Aik Rayak",
        "desa": "Aik Rayak",
        "kecamatan": "Tanjung Pandan",
        "kabupaten": "Belitung",
        "provinsi": "Kepulauan Bangka Belitung",
        "kode_wilayah": "19.02.01.2015"
      }
    },
    {
      "type": "Feature",
      "geometry": {
        "type": "Point",
        "coordinates": [107.68337, -2.88987]
      },
      "properties": {
        "name": "KDMP Bantan",
        "desa": "Bantan",
        "kecamatan": "Membalong",
        "kabupaten": "Belitung",
        "provinsi": "Kepulauan Bangka Belitung",
        "kode_wilayah": "19.02.02.2006"
      }
    },
    {
      "type": "Feature",
      "geometry": {
        "type": "Point",
        "coordinates": [107.62243, -3.211]
      },
      "properties": {
        "name": "KDMP Padang Kandis",
        "desa": "Padang Kandis",
        "kecamatan": "Membalong",
        "kabupaten": "Belitung",
        "provinsi": "Kepulauan Bangka Belitung",
        "kode_wilayah": "19.02.02.2012"
      }
    },
    {
      "type": "Feature",
      "geometry": {
        "type": "Point",
        "coordinates": [107.64836, -2.68637]
      },
      "properties": {
        "name": "KDMP Batu Itam",
        "desa": "Batu Itam",
        "kecamatan": "Sijuk",
        "kabupaten": "Belitung",
        "provinsi": "Kepulauan Bangka Belitung",
        "kode_wilayah": "19.02.04.2002"
      }
    },
    {
      "type": "Feature",
      "geometry": {
        "type": "Point",
        "coordinates": [107.68013, -2.5793]
      },
      "properties": {
        "name": "KDMP Keciput",
        "desa": "Keciput",
        "kecamatan": "Sijuk",
        "kabupaten": "Belitung",
        "provinsi": "Kepulauan Bangka Belitung",
        "kode_wilayah": "19.02.04.2008"
      }
    },
    {
      "type": "Feature",
      "geometry": {
        "type": "Point",
        "coordinates": [107.83061, -2.74373]
      },
      "properties": {
        "name": "KDMP Kacang Butor",
        "desa": "Kacang Butor",
        "kecamatan": "Badau",
        "kabupaten": "Belitung",
        "provinsi": "Kepulauan Bangka Belitung",
        "kode_wilayah": "19.02.05.2004"
      }
    },
    {
      "type": "Feature",
      "geometry": {
        "type": "Point",
        "coordinates": [106.4529, -3.00613]
      },
      "properties": {
        "name": "KDMP Tanjung Ketapang",
        "desa": "Tanjung Ketapang",
        "kecamatan": "Toboali",
        "kabupaten": "Bangka Selatan",
        "provinsi": "Kepulauan Bangka Belitung",
        "kode_wilayah": "19.03.01.1003"
      }
    },
    {
      "type": "Feature",
      "geometry": {
        "type": "Point",
        "coordinates": [106.56797, -2.83345]
      },
      "properties": {
        "name": "KDMP Kepoh",
        "desa": "Kepoh",
        "kecamatan": "Toboali",
        "kabupaten": "Bangka Selatan",
        "provinsi": "Kepulauan Bangka Belitung",
        "kode_wilayah": "19.03.01.2010"
      }
    },
    {
      "type": "Feature",
      "geometry": {
        "type": "Point",
        "coordinates": [106.78074, -2.97819]
      },
      "properties": {
        "name": "KDMP Penutuk",
        "desa": "Penutuk",
        "kecamatan": "Lepar",
        "kabupaten": "Bangka Selatan",
        "provinsi": "Kepulauan Bangka Belitung",
        "kode_wilayah": "19.03.02.2005"
      }
    },
    {
      "type": "Feature",
      "geometry": {
        "type": "Point",
        "coordinates": [106.40471, -2.64345]
      },
      "properties": {
        "name": "KDMP Nangka",
        "desa": "Nangka",
        "kecamatan": "Airgegas",
        "kabupaten": "Bangka Selatan",
        "provinsi": "Kepulauan Bangka Belitung",
        "kode_wilayah": "19.03.03.2006"
      }
    },
    {
      "type": "Feature",
      "geometry": {
        "type": "Point",
        "coordinates": [105.99698, -2.63502]
      },
      "properties": {
        "name": "KDMP Gudang",
        "desa": "Gudang",
        "kecamatan": "Simpang Rimba",
        "kabupaten": "Bangka Selatan",
        "provinsi": "Kepulauan Bangka Belitung",
        "kode_wilayah": "19.03.04.2002"
      }
    },
    {
      "type": "Feature",
      "geometry": {
        "type": "Point",
        "coordinates": [106.16331, -2.59394]
      },
      "properties": {
        "name": "KDMP Payung",
        "desa": "Payung",
        "kecamatan": "Payung",
        "kabupaten": "Bangka Selatan",
        "provinsi": "Kepulauan Bangka Belitung",
        "kode_wilayah": "19.03.05.2001"
      }
    },
    {
      "type": "Feature",
      "geometry": {
        "type": "Point",
        "coordinates": [106.11558, -2.60106]
      },
      "properties": {
        "name": "KDMP Nadung",
        "desa": "Nadung",
        "kecamatan": "Payung",
        "kabupaten": "Bangka Selatan",
        "provinsi": "Kepulauan Bangka Belitung",
        "kode_wilayah": "19.03.05.2008"
      }
    },
    {
      "type": "Feature",
      "geometry": {
        "type": "Point",
        "coordinates": [106.63888, -3.02733]
      },
      "properties": {
        "name": "KDMP Tiram",
        "desa": "Tiram",
        "kecamatan": "Tukak Sadai",
        "kabupaten": "Bangka Selatan",
        "provinsi": "Kepulauan Bangka Belitung",
        "kode_wilayah": "19.03.06.2004"
      }
    },
    {
      "type": "Feature",
      "geometry": {
        "type": "Point",
        "coordinates": [106.17907, -2.79843]
      },
      "properties": {
        "name": "KDMP Fajar Indah",
        "desa": "Fajar Indah",
        "kecamatan": "Pulau Besar",
        "kabupaten": "Bangka Selatan",
        "provinsi": "Kepulauan Bangka Belitung",
        "kode_wilayah": "19.03.07.2005"
      }
    },
    {
      "type": "Feature",
      "geometry": {
        "type": "Point",
        "coordinates": [106.43911, -2.50302]
      },
      "properties": {
        "name": "KDMP Padang Mulia",
        "desa": "Padang Mulia",
        "kecamatan": "Koba",
        "kabupaten": "Bangka Tengah",
        "provinsi": "Kepulauan Bangka Belitung",
        "kode_wilayah": "19.04.01.1018"
      }
    },
    {
      "type": "Feature",
      "geometry": {
        "type": "Point",
        "coordinates": [106.26611, -2.49246]
      },
      "properties": {
        "name": "KDMP Terentang III",
        "desa": "Terentang III",
        "kecamatan": "Koba",
        "kabupaten": "Bangka Tengah",
        "provinsi": "Kepulauan Bangka Belitung",
        "kode_wilayah": "19.04.01.2008"
      }
    },
    {
      "type": "Feature",
      "geometry": {
        "type": "Point",
        "coordinates": [106.16591, -2.1755]
      },
      "properties": {
        "name": "KDMP Benteng",
        "desa": "Benteng",
        "kecamatan": "Pangkalan Baru",
        "kabupaten": "Bangka Tengah",
        "provinsi": "Kepulauan Bangka Belitung",
        "kode_wilayah": "19.04.02.2010"
      }
    },
    {
      "type": "Feature",
      "geometry": {
        "type": "Point",
        "coordinates": [106.15452, -2.21149]
      },
      "properties": {
        "name": "KDMP Air Mesu Timur",
        "desa": "Air Mesu Timur",
        "kecamatan": "Pangkalan Baru",
        "kabupaten": "Bangka Tengah",
        "provinsi": "Kepulauan Bangka Belitung",
        "kode_wilayah": "19.04.02.2020"
      }
    },
    {
      "type": "Feature",
      "geometry": {
        "type": "Point",
        "coordinates": [106.01567, -2.32981]
      },
      "properties": {
        "name": "KDMP Sarang Mandi",
        "desa": "Sarang Mandi",
        "kecamatan": "Sungai Selan",
        "kabupaten": "Bangka Tengah",
        "provinsi": "Kepulauan Bangka Belitung",
        "kode_wilayah": "19.04.03.2005"
      }
    },
    {
      "type": "Feature",
      "geometry": {
        "type": "Point",
        "coordinates": [106.123, -2.42294]
      },
      "properties": {
        "name": "KDMP Kerakas",
        "desa": "Kerakas",
        "kecamatan": "Sungai Selan",
        "kabupaten": "Bangka Tengah",
        "provinsi": "Kepulauan Bangka Belitung",
        "kode_wilayah": "19.04.03.2011"
      }
    },
    {
      "type": "Feature",
      "geometry": {
        "type": "Point",
        "coordinates": [106.08721, -2.26019]
      },
      "properties": {
        "name": "KDMP Beruas",
        "desa": "Beruas",
        "kecamatan": "Simpang Katis",
        "kabupaten": "Bangka Tengah",
        "provinsi": "Kepulauan Bangka Belitung",
        "kode_wilayah": "19.04.04.2004"
      }
    },
    {
      "type": "Feature",
      "geometry": {
        "type": "Point",
        "coordinates": [106.11909, -2.33193]
      },
      "properties": {
        "name": "KDMP Pinang Sebatang",
        "desa": "Pinang Sebatang",
        "kecamatan": "Simpang Katis",
        "kabupaten": "Bangka Tengah",
        "provinsi": "Kepulauan Bangka Belitung",
        "kode_wilayah": "19.04.04.2010"
      }
    },
    {
      "type": "Feature",
      "geometry": {
        "type": "Point",
        "coordinates": [106.20716, -2.25201]
      },
      "properties": {
        "name": "KDMP Bhaskara Bhakti",
        "desa": "Bhaskara Bhakti",
        "kecamatan": "Namang",
        "kabupaten": "Bangka Tengah",
        "provinsi": "Kepulauan Bangka Belitung",
        "kode_wilayah": "19.04.05.2006"
      }
    },
    {
      "type": "Feature",
      "geometry": {
        "type": "Point",
        "coordinates": [106.45363, -2.54848]
      },
      "properties": {
        "name": "KDMP Kulur",
        "desa": "Kulur",
        "kecamatan": "Lubuk Besar",
        "kabupaten": "Bangka Tengah",
        "provinsi": "Kepulauan Bangka Belitung",
        "kode_wilayah": "19.04.06.2004"
      }
    },
    {
      "type": "Feature",
      "geometry": {
        "type": "Point",
        "coordinates": [105.1416, -2.04237]
      },
      "properties": {
        "name": "KDMP Tanjung",
        "desa": "Tanjung",
        "kecamatan": "Mentok",
        "kabupaten": "Bangka Barat",
        "provinsi": "Kepulauan Bangka Belitung",
        "kode_wilayah": "19.05.01.1001"
      }
    },
    {
      "type": "Feature",
      "geometry": {
        "type": "Point",
        "coordinates": [105.24636, -1.95995]
      },
      "properties": {
        "name": "KDMP Air Limau",
        "desa": "Air Limau",
        "kecamatan": "Mentok",
        "kabupaten": "Bangka Barat",
        "provinsi": "Kepulauan Bangka Belitung",
        "kode_wilayah": "19.05.01.2007"
      }
    },
    {
      "type": "Feature",
      "geometry": {
        "type": "Point",
        "coordinates": [105.47204, -1.98146]
      },
      "properties": {
        "name": "KDMP Berang",
        "desa": "Berang",
        "kecamatan": "Simpang Teritip",
        "kabupaten": "Bangka Barat",
        "provinsi": "Kepulauan Bangka Belitung",
        "kode_wilayah": "19.05.02.2006"
      }
    },
    {
      "type": "Feature",
      "geometry": {
        "type": "Point",
        "coordinates": [105.37083, -2.10873]
      },
      "properties": {
        "name": "KDMP Bukit Terak",
        "desa": "Bukit Terak",
        "kecamatan": "Simpang Teritip",
        "kabupaten": "Bangka Barat",
        "provinsi": "Kepulauan Bangka Belitung",
        "kode_wilayah": "19.05.02.2012"
      }
    },
    {
      "type": "Feature",
      "geometry": {
        "type": "Point",
        "coordinates": [105.61873, -1.74769]
      },
      "properties": {
        "name": "KDMP Rukam",
        "desa": "Rukam",
        "kecamatan": "Jebus",
        "kabupaten": "Bangka Barat",
        "provinsi": "Kepulauan Bangka Belitung",
        "kode_wilayah": "19.05.03.2005"
      }
    },
    {
      "type": "Feature",
      "geometry": {
        "type": "Point",
        "coordinates": [105.50716, -1.68475]
      },
      "properties": {
        "name": "KDMP Air Kuang",
        "desa": "Air Kuang",
        "kecamatan": "Jebus",
        "kabupaten": "Bangka Barat",
        "provinsi": "Kepulauan Bangka Belitung",
        "kode_wilayah": "19.05.03.2021"
      }
    },
    {
      "type": "Feature",
      "geometry": {
        "type": "Point",
        "coordinates": [105.54059, -1.85673]
      },
      "properties": {
        "name": "KDMP Kacung",
        "desa": "Kacung",
        "kecamatan": "Kelapa",
        "kabupaten": "Bangka Barat",
        "provinsi": "Kepulauan Bangka Belitung",
        "kode_wilayah": "19.05.04.2006"
      }
    },
    {
      "type": "Feature",
      "geometry": {
        "type": "Point",
        "coordinates": [105.49589, -1.8082]
      },
      "properties": {
        "name": "KDMP Tugang",
        "desa": "Tugang",
        "kecamatan": "Kelapa",
        "kabupaten": "Bangka Barat",
        "provinsi": "Kepulauan Bangka Belitung",
        "kode_wilayah": "19.05.04.2012"
      }
    },
    {
      "type": "Feature",
      "geometry": {
        "type": "Point",
        "coordinates": [105.75342, -2.01176]
      },
      "properties": {
        "name": "KDMP Buyan Kelumbi",
        "desa": "Buyan Kelumbi",
        "kecamatan": "Tempilang",
        "kabupaten": "Bangka Barat",
        "provinsi": "Kepulauan Bangka Belitung",
        "kode_wilayah": "19.05.05.2004"
      }
    },
    {
      "type": "Feature",
      "geometry": {
        "type": "Point",
        "coordinates": [103.18573, -4.33044]
      },
      "properties": {
        "name": "KDMP Batu Ampar",
        "desa": "Batu Ampar",
        "kecamatan": "Kedurang",
        "kabupaten": "Bengkulu Selatan",
        "provinsi": "Bengkulu",
        "kode_wilayah": "17.01.01.2001"
      }
    },
    {
      "type": "Feature",
      "geometry": {
        "type": "Point",
        "coordinates": [103.09292, -4.44868]
      },
      "properties": {
        "name": "KDMP Tanjung Alam",
        "desa": "Tanjung Alam",
        "kecamatan": "Kedurang",
        "kabupaten": "Bengkulu Selatan",
        "provinsi": "Bengkulu",
        "kode_wilayah": "17.01.01.2007"
      }
    },
    {
      "type": "Feature",
      "geometry": {
        "type": "Point",
        "coordinates": [103.08608, -4.47749]
      },
      "properties": {
        "name": "KDMP Pajar Bulan",
        "desa": "Pajar Bulan",
        "kecamatan": "Kedurang",
        "kabupaten": "Bengkulu Selatan",
        "provinsi": "Bengkulu",
        "kode_wilayah": "17.01.01.2013"
      }
    },
    {
      "type": "Feature",
      "geometry": {
        "type": "Point",
        "coordinates": [103.08184, -4.44262]
      },
      "properties": {
        "name": "KDMP Muara Tiga Ilir",
        "desa": "Muara Tiga Ilir",
        "kecamatan": "Kedurang",
        "kabupaten": "Bengkulu Selatan",
        "provinsi": "Bengkulu",
        "kode_wilayah": "17.01.01.2030"
      }
    },
    {
      "type": "Feature",
      "geometry": {
        "type": "Point",
        "coordinates": [103.03517, -4.43232]
      },
      "properties": {
        "name": "KDMP Kota Agung",
        "desa": "Kota Agung",
        "kecamatan": "Seginim",
        "kabupaten": "Bengkulu Selatan",
        "provinsi": "Bengkulu",
        "kode_wilayah": "17.01.02.2006"
      }
    },
    {
      "type": "Feature",
      "geometry": {
        "type": "Point",
        "coordinates": [103.00196, -4.42589]
      },
      "properties": {
        "name": "KDMP Kota Bumi Baru",
        "desa": "Kota Bumi Baru",
        "kecamatan": "Seginim",
        "kabupaten": "Bengkulu Selatan",
        "provinsi": "Bengkulu",
        "kode_wilayah": "17.01.02.2015"
      }
    },
    {
      "type": "Feature",
      "geometry": {
        "type": "Point",
        "coordinates": [103.01584, -4.43611]
      },
      "properties": {
        "name": "KDMP Dusun Tengah",
        "desa": "Dusun Tengah",
        "kecamatan": "Seginim",
        "kabupaten": "Bengkulu Selatan",
        "provinsi": "Bengkulu",
        "kode_wilayah": "17.01.02.2022"
      }
    },
    {
      "type": "Feature",
      "geometry": {
        "type": "Point",
        "coordinates": [102.94837, -4.40166]
      },
      "properties": {
        "name": "KDMP Tanjung Aur I",
        "desa": "Tanjung Aur I",
        "kecamatan": "Pino",
        "kabupaten": "Bengkulu Selatan",
        "provinsi": "Bengkulu",
        "kode_wilayah": "17.01.03.2001"
      }
    },
    {
      "type": "Feature",
      "geometry": {
        "type": "Point",
        "coordinates": [102.93782, -4.36891]
      },
      "properties": {
        "name": "KDMP Ulak Lebar",
        "desa": "Ulak Lebar",
        "kecamatan": "Pino",
        "kabupaten": "Bengkulu Selatan",
        "provinsi": "Bengkulu",
        "kode_wilayah": "17.01.03.2016"
      }
    },
    {
      "type": "Feature",
      "geometry": {
        "type": "Point",
        "coordinates": [102.96067, -4.41001]
      },
      "properties": {
        "name": "KDMP Padang Tambak",
        "desa": "Padang Tambak",
        "kecamatan": "Pino",
        "kabupaten": "Bengkulu Selatan",
        "provinsi": "Bengkulu",
        "kode_wilayah": "17.01.03.2023"
      }
    },
    {
      "type": "Feature",
      "geometry": {
        "type": "Point",
        "coordinates": [102.92563, -4.49453]
      },
      "properties": {
        "name": "KDMP Manggul",
        "desa": "Manggul",
        "kecamatan": "Manna",
        "kabupaten": "Bengkulu Selatan",
        "provinsi": "Bengkulu",
        "kode_wilayah": "17.01.04.2017"
      }
    },
    {
      "type": "Feature",
      "geometry": {
        "type": "Point",
        "coordinates": [102.93774, -4.46539]
      },
      "properties": {
        "name": "KDMP Mela'o",
        "desa": "Mela'o",
        "kecamatan": "Manna",
        "kabupaten": "Bengkulu Selatan",
        "provinsi": "Bengkulu",
        "kode_wilayah": "17.01.04.2024"
      }
    },
    {
      "type": "Feature",
      "geometry": {
        "type": "Point",
        "coordinates": [102.94092, -4.4642]
      },
      "properties": {
        "name": "KDMP Padang Manis",
        "desa": "Padang Manis",
        "kecamatan": "Manna",
        "kabupaten": "Bengkulu Selatan",
        "provinsi": "Bengkulu",
        "kode_wilayah": "17.01.04.2031"
      }
    },
    {
      "type": "Feature",
      "geometry": {
        "type": "Point",
        "coordinates": [102.90812, -4.45698]
      },
      "properties": {
        "name": "KDMP Pasar Baru",
        "desa": "Pasar Baru",
        "kecamatan": "Kota Manna",
        "kabupaten": "Bengkulu Selatan",
        "provinsi": "Bengkulu",
        "kode_wilayah": "17.01.05.1017"
      }
    },
    {
      "type": "Feature",
      "geometry": {
        "type": "Point",
        "coordinates": [102.92077, -4.41367]
      },
      "properties": {
        "name": "KDMP Gelumbang",
        "desa": "Gelumbang",
        "kecamatan": "Kota Manna",
        "kabupaten": "Bengkulu Selatan",
        "provinsi": "Bengkulu",
        "kode_wilayah": "17.01.05.2006"
      }
    },
    {
      "type": "Feature",
      "geometry": {
        "type": "Point",
        "coordinates": [102.8563, -4.38856]
      },
      "properties": {
        "name": "KDMP Talang Padang",
        "desa": "Talang Padang",
        "kecamatan": "Pino Raya",
        "kabupaten": "Bengkulu Selatan",
        "provinsi": "Bengkulu",
        "kode_wilayah": "17.01.06.2005"
      }
    },
    {
      "type": "Feature",
      "geometry": {
        "type": "Point",
        "coordinates": [102.90893, -4.36663]
      },
      "properties": {
        "name": "KDMP Suka Bandung",
        "desa": "Suka Bandung",
        "kecamatan": "Pino Raya",
        "kabupaten": "Bengkulu Selatan",
        "provinsi": "Bengkulu",
        "kode_wilayah": "17.01.06.2011"
      }
    },
    {
      "type": "Feature",
      "geometry": {
        "type": "Point",
        "coordinates": [102.8189, -4.35221]
      },
      "properties": {
        "name": "KDMP Nanjungan",
        "desa": "Nanjungan",
        "kecamatan": "Pino Raya",
        "kabupaten": "Bengkulu Selatan",
        "provinsi": "Bengkulu",
        "kode_wilayah": "17.01.06.2017"
      }
    },
    {
      "type": "Feature",
      "geometry": {
        "type": "Point",
        "coordinates": [103.05262, -4.47974]
      },
      "properties": {
        "name": "KDMP Betungan",
        "desa": "Betungan",
        "kecamatan": "Kedurang Ilir",
        "kabupaten": "Bengkulu Selatan",
        "provinsi": "Bengkulu",
        "kode_wilayah": "17.01.07.2002"
      }
    },
    {
      "type": "Feature",
      "geometry": {
        "type": "Point",
        "coordinates": [103.03823, -4.49015]
      },
      "properties": {
        "name": "KDMP Limus",
        "desa": "Limus",
        "kecamatan": "Kedurang Ilir",
        "kabupaten": "Bengkulu Selatan",
        "provinsi": "Bengkulu",
        "kode_wilayah": "17.01.07.2008"
      }
    },
    {
      "type": "Feature",
      "geometry": {
        "type": "Point",
        "coordinates": [103.04177, -4.37965]
      },
      "properties": {
        "name": "KDMP Tanjung Beringin",
        "desa": "Tanjung Beringin",
        "kecamatan": "Air Nipis",
        "kabupaten": "Bengkulu Selatan",
        "provinsi": "Bengkulu",
        "kode_wilayah": "17.01.08.2002"
      }
    },
    {
      "type": "Feature",
      "geometry": {
        "type": "Point",
        "coordinates": [103.05902, -4.42761]
      },
      "properties": {
        "name": "KDMP Penandingan",
        "desa": "Penandingan",
        "kecamatan": "Air Nipis",
        "kabupaten": "Bengkulu Selatan",
        "provinsi": "Bengkulu",
        "kode_wilayah": "17.01.08.2008"
      }
    },
    {
      "type": "Feature",
      "geometry": {
        "type": "Point",
        "coordinates": [102.97918, -4.30726]
      },
      "properties": {
        "name": "KDMP Merambung",
        "desa": "Merambung",
        "kecamatan": "Ulu Manna",
        "kabupaten": "Bengkulu Selatan",
        "provinsi": "Bengkulu",
        "kode_wilayah": "17.01.09.2004"
      }
    },
    {
      "type": "Feature",
      "geometry": {
        "type": "Point",
        "coordinates": [103.06614, -4.26834]
      },
      "properties": {
        "name": "KDMP Air Tenam",
        "desa": "Air Tenam",
        "kecamatan": "Ulu Manna",
        "kabupaten": "Bengkulu Selatan",
        "provinsi": "Bengkulu",
        "kode_wilayah": "17.01.09.2010"
      }
    },
    {
      "type": "Feature",
      "geometry": {
        "type": "Point",
        "coordinates": [102.97869, -4.47465]
      },
      "properties": {
        "name": "KDMP Padang Nibung",
        "desa": "Padang Nibung",
        "kecamatan": "Bunga Mas",
        "kabupaten": "Bengkulu Selatan",
        "provinsi": "Bengkulu",
        "kode_wilayah": "17.01.10.2006"
      }
    },
    {
      "type": "Feature",
      "geometry": {
        "type": "Point",
        "coordinates": [102.91017, -4.46101]
      },
      "properties": {
        "name": "KDMP Pasar Mulia",
        "desa": "Pasar Mulia",
        "kecamatan": "Pasar Manna",
        "kabupaten": "Bengkulu Selatan",
        "provinsi": "Bengkulu",
        "kode_wilayah": "17.01.11.1004"
      }
    },
    {
      "type": "Feature",
      "geometry": {
        "type": "Point",
        "coordinates": [102.92562, -4.47159]
      },
      "properties": {
        "name": "KDMP Batu Kuning",
        "desa": "Batu Kuning",
        "kecamatan": "Pasar Manna",
        "kabupaten": "Bengkulu Selatan",
        "provinsi": "Bengkulu",
        "kode_wilayah": "17.01.11.2001"
      }
    },
    {
      "type": "Feature",
      "geometry": {
        "type": "Point",
        "coordinates": [102.97932, -3.43645]
      },
      "properties": {
        "name": "KDMP Taba Anyar",
        "desa": "Taba Anyar",
        "kecamatan": "Kota Padang",
        "kabupaten": "Rejang Lebong",
        "provinsi": "Bengkulu",
        "kode_wilayah": "17.02.06.2002"
      }
    },
    {
      "type": "Feature",
      "geometry": {
        "type": "Point",
        "coordinates": [102.80453, -3.37337]
      },
      "properties": {
        "name": "KDMP Pasar PU Tanding",
        "desa": "Pasar PU Tanding",
        "kecamatan": "Padang Ulak Tanding",
        "kabupaten": "Rejang Lebong",
        "provinsi": "Bengkulu",
        "kode_wilayah": "17.02.07.1011"
      }
    },
    {
      "type": "Feature",
      "geometry": {
        "type": "Point",
        "coordinates": [102.82744, -3.34736]
      },
      "properties": {
        "name": "KDMP Tanjung Sanai I",
        "desa": "Tanjung Sanai I",
        "kecamatan": "Padang Ulak Tanding",
        "kabupaten": "Rejang Lebong",
        "provinsi": "Bengkulu",
        "kode_wilayah": "17.02.07.2012"
      }
    },
    {
      "type": "Feature",
      "geometry": {
        "type": "Point",
        "coordinates": [102.69692, -3.3793]
      },
      "properties": {
        "name": "KDMP Kasie Kasubun",
        "desa": "Kasie Kasubun",
        "kecamatan": "Padang Ulak Tanding",
        "kabupaten": "Rejang Lebong",
        "provinsi": "Bengkulu",
        "kode_wilayah": "17.02.07.2026"
      }
    },
    {
      "type": "Feature",
      "geometry": {
        "type": "Point",
        "coordinates": [102.71094, -3.45236]
      },
      "properties": {
        "name": "KDMP Belitar Muka",
        "desa": "Belitar Muka",
        "kecamatan": "Sindang Kelingi",
        "kabupaten": "Rejang Lebong",
        "provinsi": "Bengkulu",
        "kode_wilayah": "17.02.08.2003"
      }
    },
    {
      "type": "Feature",
      "geometry": {
        "type": "Point",
        "coordinates": [102.70609, -3.42544]
      },
      "properties": {
        "name": "KDMP Tanjung Aur",
        "desa": "Tanjung Aur",
        "kecamatan": "Sindang Kelingi",
        "kabupaten": "Rejang Lebong",
        "provinsi": "Bengkulu",
        "kode_wilayah": "17.02.08.2014"
      }
    },
    {
      "type": "Feature",
      "geometry": {
        "type": "Point",
        "coordinates": [102.52579, -3.4644]
      },
      "properties": {
        "name": "KDMP Pasar Tengah",
        "desa": "Pasar Tengah",
        "kecamatan": "Curup",
        "kabupaten": "Rejang Lebong",
        "provinsi": "Bengkulu",
        "kode_wilayah": "17.02.09.1027"
      }
    },
    {
      "type": "Feature",
      "geometry": {
        "type": "Point",
        "coordinates": [102.43298, -3.41265]
      },
      "properties": {
        "name": "KDMP Baru Manis",
        "desa": "Baru Manis",
        "kecamatan": "Bermani Ulu",
        "kabupaten": "Rejang Lebong",
        "provinsi": "Bengkulu",
        "kode_wilayah": "17.02.10.2003"
      }
    },
    {
      "type": "Feature",
      "geometry": {
        "type": "Point",
        "coordinates": [102.46785, -3.39301]
      },
      "properties": {
        "name": "KDMP Selamat Sudiarjo",
        "desa": "Selamat Sudiarjo",
        "kecamatan": "Bermani Ulu",
        "kabupaten": "Rejang Lebong",
        "provinsi": "Bengkulu",
        "kode_wilayah": "17.02.10.2018"
      }
    },
    {
      "type": "Feature",
      "geometry": {
        "type": "Point",
        "coordinates": [102.58207, -3.45981]
      },
      "properties": {
        "name": "KDMP Simpang Nangka",
        "desa": "Simpang Nangka",
        "kecamatan": "Selupu Rejang",
        "kabupaten": "Rejang Lebong",
        "provinsi": "Bengkulu",
        "kode_wilayah": "17.02.11.1008"
      }
    },
    {
      "type": "Feature",
      "geometry": {
        "type": "Point",
        "coordinates": [102.64853, -3.4785]
      },
      "properties": {
        "name": "KDMP Sumber Urip",
        "desa": "Sumber Urip",
        "kecamatan": "Selupu Rejang",
        "kabupaten": "Rejang Lebong",
        "provinsi": "Bengkulu",
        "kode_wilayah": "17.02.11.2009"
      }
    },
    {
      "type": "Feature",
      "geometry": {
        "type": "Point",
        "coordinates": [102.66105, -3.44472]
      },
      "properties": {
        "name": "KDMP Mojorejo",
        "desa": "Mojorejo",
        "kecamatan": "Selupu Rejang",
        "kabupaten": "Rejang Lebong",
        "provinsi": "Bengkulu",
        "kode_wilayah": "17.02.11.2015"
      }
    },
    {
      "type": "Feature",
      "geometry": {
        "type": "Point",
        "coordinates": [102.50708, -3.46086]
      },
      "properties": {
        "name": "KDMP Batu Panco",
        "desa": "Batu Panco",
        "kecamatan": "Curup Utara",
        "kabupaten": "Rejang Lebong",
        "provinsi": "Bengkulu",
        "kode_wilayah": "17.02.16.2005"
      }
    },
    {
      "type": "Feature",
      "geometry": {
        "type": "Point",
        "coordinates": [102.52615, -3.44088]
      },
      "properties": {
        "name": "KDMP Tasik Malaya",
        "desa": "Tasik Malaya",
        "kecamatan": "Curup Utara",
        "kabupaten": "Rejang Lebong",
        "provinsi": "Bengkulu",
        "kode_wilayah": "17.02.16.2011"
      }
    },
    {
      "type": "Feature",
      "geometry": {
        "type": "Point",
        "coordinates": [102.53103, -3.45479]
      },
      "properties": {
        "name": "KDMP Karang Anyar",
        "desa": "Karang Anyar",
        "kecamatan": "Curup Timur",
        "kabupaten": "Rejang Lebong",
        "provinsi": "Bengkulu",
        "kode_wilayah": "17.02.17.1003"
      }
    },
    {
      "type": "Feature",
      "geometry": {
        "type": "Point",
        "coordinates": [102.53978, -3.45546]
      },
      "properties": {
        "name": "KDMP Kesambe Lama",
        "desa": "Kesambe Lama",
        "kecamatan": "Curup Timur",
        "kabupaten": "Rejang Lebong",
        "provinsi": "Bengkulu",
        "kode_wilayah": "17.02.17.2009"
      }
    },
    {
      "type": "Feature",
      "geometry": {
        "type": "Point",
        "coordinates": [102.51394, -3.49336]
      },
      "properties": {
        "name": "KDMP Suka Marga",
        "desa": "Suka Marga",
        "kecamatan": "Curup Selatan",
        "kabupaten": "Rejang Lebong",
        "provinsi": "Bengkulu",
        "kode_wilayah": "17.02.18.2006"
      }
    },
    {
      "type": "Feature",
      "geometry": {
        "type": "Point",
        "coordinates": [102.5294, -3.46308]
      },
      "properties": {
        "name": "KDMP Kepala Siring",
        "desa": "Kepala Siring",
        "kecamatan": "Curup Tengah",
        "kabupaten": "Rejang Lebong",
        "provinsi": "Bengkulu",
        "kode_wilayah": "17.02.19.1001"
      }
    },
    {
      "type": "Feature",
      "geometry": {
        "type": "Point",
        "coordinates": [102.53111, -3.46483]
      },
      "properties": {
        "name": "KDMP Pelabuhan Baru",
        "desa": "Pelabuhan Baru",
        "kecamatan": "Curup Tengah",
        "kabupaten": "Rejang Lebong",
        "provinsi": "Bengkulu",
        "kode_wilayah": "17.02.19.1007"
      }
    },
    {
      "type": "Feature",
      "geometry": {
        "type": "Point",
        "coordinates": [102.74943, -3.44149]
      },
      "properties": {
        "name": "KDMP Simpang Beliti",
        "desa": "Simpang Beliti",
        "kecamatan": "Binduriang",
        "kabupaten": "Rejang Lebong",
        "provinsi": "Bengkulu",
        "kode_wilayah": "17.02.20.2003"
      }
    },
    {
      "type": "Feature",
      "geometry": {
        "type": "Point",
        "coordinates": [102.81356, -3.47069]
      },
      "properties": {
        "name": "KDMP Karang Pinang",
        "desa": "Karang Pinang",
        "kecamatan": "Sindang Beliti Ulu",
        "kabupaten": "Rejang Lebong",
        "provinsi": "Bengkulu",
        "kode_wilayah": "17.02.21.2004"
      }
    },
    {
      "type": "Feature",
      "geometry": {
        "type": "Point",
        "coordinates": [102.69728, -3.51253]
      },
      "properties": {
        "name": "KDMP IV Suko Menanti",
        "desa": "IV Suko Menanti",
        "kecamatan": "Sindang Dataran",
        "kabupaten": "Rejang Lebong",
        "provinsi": "Bengkulu",
        "kode_wilayah": "17.02.22.2001"
      }
    },
    {
      "type": "Feature",
      "geometry": {
        "type": "Point",
        "coordinates": [102.8609, -3.49543]
      },
      "properties": {
        "name": "KDMP Merantau",
        "desa": "Merantau",
        "kecamatan": "Sindang Beliti Ilir",
        "kabupaten": "Rejang Lebong",
        "provinsi": "Bengkulu",
        "kode_wilayah": "17.02.23.2001"
      }
    },
    {
      "type": "Feature",
      "geometry": {
        "type": "Point",
        "coordinates": [105.22751, -5.34872]
      },
      "properties": {
        "name": "KDMP Hajimena",
        "desa": "Hajimena",
        "kecamatan": "Natar",
        "kabupaten": "Lampung Selatan",
        "provinsi": "Lampung",
        "kode_wilayah": "18.01.04.2001"
      }
    },
    {
      "type": "Feature",
      "geometry": {
        "type": "Point",
        "coordinates": [105.2049, -5.30914]
      },
      "properties": {
        "name": "KDMP Merak Batin",
        "desa": "Merak Batin",
        "kecamatan": "Natar",
        "kabupaten": "Lampung Selatan",
        "provinsi": "Lampung",
        "kode_wilayah": "18.01.04.2007"
      }
    },
    {
      "type": "Feature",
      "geometry": {
        "type": "Point",
        "coordinates": [105.17942, -5.21603]
      },
      "properties": {
        "name": "KDMP Banjar Negeri",
        "desa": "Banjar Negeri",
        "kecamatan": "Natar",
        "kabupaten": "Lampung Selatan",
        "provinsi": "Lampung",
        "kode_wilayah": "18.01.04.2013"
      }
    },
    {
      "type": "Feature",
      "geometry": {
        "type": "Point",
        "coordinates": [105.2691, -5.25314]
      },
      "properties": {
        "name": "KDMP Pancasila",
        "desa": "Pancasila",
        "kecamatan": "Natar",
        "kabupaten": "Lampung Selatan",
        "provinsi": "Lampung",
        "kode_wilayah": "18.01.04.2019"
      }
    },
    {
      "type": "Feature",
      "geometry": {
        "type": "Point",
        "coordinates": [105.22244, -5.23529]
      },
      "properties": {
        "name": "KDMP Rulung Sari",
        "desa": "Rulung Sari",
        "kecamatan": "Natar",
        "kabupaten": "Lampung Selatan",
        "provinsi": "Lampung",
        "kode_wilayah": "18.01.04.2025"
      }
    },
    {
      "type": "Feature",
      "geometry": {
        "type": "Point",
        "coordinates": [105.40739, -5.44588]
      },
      "properties": {
        "name": "KDMP Sinar Ogan",
        "desa": "Sinar Ogan",
        "kecamatan": "Tanjung Bintang",
        "kabupaten": "Lampung Selatan",
        "provinsi": "Lampung",
        "kode_wilayah": "18.01.05.2006"
      }
    },
    {
      "type": "Feature",
      "geometry": {
        "type": "Point",
        "coordinates": [105.35701, -5.35966]
      },
      "properties": {
        "name": "KDMP Way Galih",
        "desa": "Way Galih",
        "kecamatan": "Tanjung Bintang",
        "kabupaten": "Lampung Selatan",
        "provinsi": "Lampung",
        "kode_wilayah": "18.01.05.2012"
      }
    },
    {
      "type": "Feature",
      "geometry": {
        "type": "Point",
        "coordinates": [105.5983, -5.74299]
      },
      "properties": {
        "name": "KDMP Bumi Agung",
        "desa": "Bumi Agung",
        "kecamatan": "Kalianda",
        "kabupaten": "Lampung Selatan",
        "provinsi": "Lampung",
        "kode_wilayah": "18.01.06.1006"
      }
    },
    {
      "type": "Feature",
      "geometry": {
        "type": "Point",
        "coordinates": [105.60771, -5.76531]
      },
      "properties": {
        "name": "KDMP Pauh Tanjung Iman",
        "desa": "Pauh Tanjung Iman",
        "kecamatan": "Kalianda",
        "kabupaten": "Lampung Selatan",
        "provinsi": "Lampung",
        "kode_wilayah": "18.01.06.2003"
      }
    },
    {
      "type": "Feature",
      "geometry": {
        "type": "Point",
        "coordinates": [105.62702, -5.74549]
      },
      "properties": {
        "name": "KDMP Kecapi",
        "desa": "Kecapi",
        "kecamatan": "Kalianda",
        "kabupaten": "Lampung Selatan",
        "provinsi": "Lampung",
        "kode_wilayah": "18.01.06.2012"
      }
    },
    {
      "type": "Feature",
      "geometry": {
        "type": "Point",
        "coordinates": [105.59555, -5.70064]
      },
      "properties": {
        "name": "KDMP Kedaton",
        "desa": "Kedaton",
        "kecamatan": "Kalianda",
        "kabupaten": "Lampung Selatan",
        "provinsi": "Lampung",
        "kode_wilayah": "18.01.06.2018"
      }
    },
    {
      "type": "Feature",
      "geometry": {
        "type": "Point",
        "coordinates": [105.60201, -5.6587]
      },
      "properties": {
        "name": "KDMP Sukatani",
        "desa": "Sukatani",
        "kecamatan": "Kalianda",
        "kabupaten": "Lampung Selatan",
        "provinsi": "Lampung",
        "kode_wilayah": "18.01.06.2024"
      }
    },
    {
      "type": "Feature",
      "geometry": {
        "type": "Point",
        "coordinates": [105.48228, -5.5608]
      },
      "properties": {
        "name": "KDMP Campang Tiga",
        "desa": "Campang Tiga",
        "kecamatan": "Sidomulyo",
        "kabupaten": "Lampung Selatan",
        "provinsi": "Lampung",
        "kode_wilayah": "18.01.07.2002"
      }
    },
    {
      "type": "Feature",
      "geometry": {
        "type": "Point",
        "coordinates": [105.46077, -5.62508]
      },
      "properties": {
        "name": "KDMP Suak",
        "desa": "Suak",
        "kecamatan": "Sidomulyo",
        "kabupaten": "Lampung Selatan",
        "provinsi": "Lampung",
        "kode_wilayah": "18.01.07.2008"
      }
    },
    {
      "type": "Feature",
      "geometry": {
        "type": "Point",
        "coordinates": [105.54231, -5.57717]
      },
      "properties": {
        "name": "KDMP Sidomulyo",
        "desa": "Sidomulyo",
        "kecamatan": "Sidomulyo",
        "kabupaten": "Lampung Selatan",
        "provinsi": "Lampung",
        "kode_wilayah": "18.01.07.2014"
      }
    },
    {
      "type": "Feature",
      "geometry": {
        "type": "Point",
        "coordinates": [105.43848, -5.52568]
      },
      "properties": {
        "name": "KDMP Sukajaya",
        "desa": "Sukajaya",
        "kecamatan": "Katibung",
        "kabupaten": "Lampung Selatan",
        "provinsi": "Lampung",
        "kode_wilayah": "18.01.08.2004"
      }
    },
    {
      "type": "Feature",
      "geometry": {
        "type": "Point",
        "coordinates": [105.4227, -5.6007]
      },
      "properties": {
        "name": "KDMP Karya Tunggal",
        "desa": "Karya Tunggal",
        "kecamatan": "Katibung",
        "kabupaten": "Lampung Selatan",
        "provinsi": "Lampung",
        "kode_wilayah": "18.01.08.2018"
      }
    },
    {
      "type": "Feature",
      "geometry": {
        "type": "Point",
        "coordinates": [105.63959, -5.76164]
      },
      "properties": {
        "name": "KDMP Padan",
        "desa": "Padan",
        "kecamatan": "Penengahan",
        "kabupaten": "Lampung Selatan",
        "provinsi": "Lampung",
        "kode_wilayah": "18.01.09.2004"
      }
    },
    {
      "type": "Feature",
      "geometry": {
        "type": "Point",
        "coordinates": [105.70028, -5.72822]
      },
      "properties": {
        "name": "KDMP Klaten",
        "desa": "Klaten",
        "kecamatan": "Penengahan",
        "kabupaten": "Lampung Selatan",
        "provinsi": "Lampung",
        "kode_wilayah": "18.01.09.2010"
      }
    },
    {
      "type": "Feature",
      "geometry": {
        "type": "Point",
        "coordinates": [105.71655, -5.77329]
      },
      "properties": {
        "name": "KDMP Penengahan",
        "desa": "Penengahan",
        "kecamatan": "Penengahan",
        "kabupaten": "Lampung Selatan",
        "provinsi": "Lampung",
        "kode_wilayah": "18.01.09.2016"
      }
    },
    {
      "type": "Feature",
      "geometry": {
        "type": "Point",
        "coordinates": [105.71359, -5.70386]
      },
      "properties": {
        "name": "KDMP Gandri",
        "desa": "Gandri",
        "kecamatan": "Penengahan",
        "kabupaten": "Lampung Selatan",
        "provinsi": "Lampung",
        "kode_wilayah": "18.01.09.2026"
      }
    },
    {
      "type": "Feature",
      "geometry": {
        "type": "Point",
        "coordinates": [105.66933, -5.63276]
      },
      "properties": {
        "name": "KDMP Rejo Mulyo",
        "desa": "Rejo Mulyo",
        "kecamatan": "Palas",
        "kabupaten": "Lampung Selatan",
        "provinsi": "Lampung",
        "kode_wilayah": "18.01.10.2006"
      }
    },
    {
      "type": "Feature",
      "geometry": {
        "type": "Point",
        "coordinates": [105.66191, -5.59369]
      },
      "properties": {
        "name": "KDMP Bali Agung",
        "desa": "Bali Agung",
        "kecamatan": "Palas",
        "kabupaten": "Lampung Selatan",
        "provinsi": "Lampung",
        "kode_wilayah": "18.01.10.2012"
      }
    },
    {
      "type": "Feature",
      "geometry": {
        "type": "Point",
        "coordinates": [105.63592, -5.58673]
      },
      "properties": {
        "name": "KDMP Bumi Asih",
        "desa": "Bumi Asih",
        "kecamatan": "Palas",
        "kabupaten": "Lampung Selatan",
        "provinsi": "Lampung",
        "kode_wilayah": "18.01.10.2018"
      }
    },
    {
      "type": "Feature",
      "geometry": {
        "type": "Point",
        "coordinates": [105.40779, -5.32436]
      },
      "properties": {
        "name": "KDMP Margo Mulyo",
        "desa": "Margo Mulyo",
        "kecamatan": "Jati Agung",
        "kabupaten": "Lampung Selatan",
        "provinsi": "Lampung",
        "kode_wilayah": "18.01.13.2003"
      }
    },
    {
      "type": "Feature",
      "geometry": {
        "type": "Point",
        "coordinates": [105.26419, -5.32803]
      },
      "properties": {
        "name": "KDMP Fajar Baru",
        "desa": "Fajar Baru",
        "kecamatan": "Jati Agung",
        "kabupaten": "Lampung Selatan",
        "provinsi": "Lampung",
        "kode_wilayah": "18.01.13.2009"
      }
    },
    {
      "type": "Feature",
      "geometry": {
        "type": "Point",
        "coordinates": [105.40345, -5.24042]
      },
      "properties": {
        "name": "KDMP Sidoharjo",
        "desa": "Sidoharjo",
        "kecamatan": "Jati Agung",
        "kabupaten": "Lampung Selatan",
        "provinsi": "Lampung",
        "kode_wilayah": "18.01.13.2015"
      }
    },
    {
      "type": "Feature",
      "geometry": {
        "type": "Point",
        "coordinates": [105.3935, -5.31286]
      },
      "properties": {
        "name": "KDMP Margorejo",
        "desa": "Margorejo",
        "kecamatan": "Jati Agung",
        "kabupaten": "Lampung Selatan",
        "provinsi": "Lampung",
        "kode_wilayah": "18.01.13.2021"
      }
    },
    {
      "type": "Feature",
      "geometry": {
        "type": "Point",
        "coordinates": [105.78676, -5.77458]
      },
      "properties": {
        "name": "KDMP Tri Dharma Yoga",
        "desa": "Tri Dharma Yoga",
        "kecamatan": "Ketapang",
        "kabupaten": "Lampung Selatan",
        "provinsi": "Lampung",
        "kode_wilayah": "18.01.14.2006"
      }
    },
    {
      "type": "Feature",
      "geometry": {
        "type": "Point",
        "coordinates": [105.79415, -5.65009]
      },
      "properties": {
        "name": "KDMP Berundung",
        "desa": "Berundung",
        "kecamatan": "Ketapang",
        "kabupaten": "Lampung Selatan",
        "provinsi": "Lampung",
        "kode_wilayah": "18.01.14.2012"
      }
    },
    {
      "type": "Feature",
      "geometry": {
        "type": "Point",
        "coordinates": [105.75847, -5.62155]
      },
      "properties": {
        "name": "KDMP Kuala Sekampung",
        "desa": "Kuala Sekampung",
        "kecamatan": "Sragi",
        "kabupaten": "Lampung Selatan",
        "provinsi": "Lampung",
        "kode_wilayah": "18.01.15.2001"
      }
    },
    {
      "type": "Feature",
      "geometry": {
        "type": "Point",
        "coordinates": [105.74536, -5.6924]
      },
      "properties": {
        "name": "KDMP Sumber Sari",
        "desa": "Sumber Sari",
        "kecamatan": "Sragi",
        "kabupaten": "Lampung Selatan",
        "provinsi": "Lampung",
        "kode_wilayah": "18.01.15.2007"
      }
    },
    {
      "type": "Feature",
      "geometry": {
        "type": "Point",
        "coordinates": [105.67109, -5.83363]
      },
      "properties": {
        "name": "KDMP Batu Balak",
        "desa": "Batu Balak",
        "kecamatan": "Raja Basa",
        "kabupaten": "Lampung Selatan",
        "provinsi": "Lampung",
        "kode_wilayah": "18.01.16.2003"
      }
    },
    {
      "type": "Feature",
      "geometry": {
        "type": "Point",
        "coordinates": [105.64946, -5.82194]
      },
      "properties": {
        "name": "KDMP Kunjir",
        "desa": "Kunjir",
        "kecamatan": "Raja Basa",
        "kabupaten": "Lampung Selatan",
        "provinsi": "Lampung",
        "kode_wilayah": "18.01.16.2009"
      }
    },
    {
      "type": "Feature",
      "geometry": {
        "type": "Point",
        "coordinates": [105.63379, -5.82189]
      },
      "properties": {
        "name": "KDMP Way Muli",
        "desa": "Way Muli",
        "kecamatan": "Raja Basa",
        "kabupaten": "Lampung Selatan",
        "provinsi": "Lampung",
        "kode_wilayah": "18.01.16.2015"
      }
    },
    {
      "type": "Feature",
      "geometry": {
        "type": "Point",
        "coordinates": [105.57394, -5.5669]
      },
      "properties": {
        "name": "KDMP Way Gelam",
        "desa": "Way Gelam",
        "kecamatan": "Candipuro",
        "kabupaten": "Lampung Selatan",
        "provinsi": "Lampung",
        "kode_wilayah": "18.01.17.2005"
      }
    },
    {
      "type": "Feature",
      "geometry": {
        "type": "Point",
        "coordinates": [105.60698, -5.53547]
      },
      "properties": {
        "name": "KDMP Bumi Jaya",
        "desa": "Bumi Jaya",
        "kecamatan": "Candipuro",
        "kabupaten": "Lampung Selatan",
        "provinsi": "Lampung",
        "kode_wilayah": "18.01.17.2011"
      }
    },
    {
      "type": "Feature",
      "geometry": {
        "type": "Point",
        "coordinates": [105.34793, -5.45706]
      },
      "properties": {
        "name": "KDMP Tanjung Baru",
        "desa": "Tanjung Baru",
        "kecamatan": "Merbau Mataram",
        "kabupaten": "Lampung Selatan",
        "provinsi": "Lampung",
        "kode_wilayah": "18.01.18.2003"
      }
    },
    {
      "type": "Feature",
      "geometry": {
        "type": "Point",
        "coordinates": [105.52028, -5.42801]
      },
      "properties": {
        "name": "KDMP Batu Agung",
        "desa": "Batu Agung",
        "kecamatan": "Merbau Mataram",
        "kabupaten": "Lampung Selatan",
        "provinsi": "Lampung",
        "kode_wilayah": "18.01.18.2009"
      }
    },
    {
      "type": "Feature",
      "geometry": {
        "type": "Point",
        "coordinates": [105.36683, -5.48123]
      },
      "properties": {
        "name": "KDMP Karang Jaya",
        "desa": "Karang Jaya",
        "kecamatan": "Merbau Mataram",
        "kabupaten": "Lampung Selatan",
        "provinsi": "Lampung",
        "kode_wilayah": "18.01.18.2015"
      }
    },
    {
      "type": "Feature",
      "geometry": {
        "type": "Point",
        "coordinates": [105.51901, -5.36127]
      },
      "properties": {
        "name": "KDMP Bangun Sari",
        "desa": "Bangun Sari",
        "kecamatan": "Tanjung Sari",
        "kabupaten": "Lampung Selatan",
        "provinsi": "Lampung",
        "kode_wilayah": "18.01.22.2001"
      }
    },
    {
      "type": "Feature",
      "geometry": {
        "type": "Point",
        "coordinates": [105.47376, -5.33952]
      },
      "properties": {
        "name": "KDMP Kertosari",
        "desa": "Kertosari",
        "kecamatan": "Tanjung Sari",
        "kabupaten": "Lampung Selatan",
        "provinsi": "Lampung",
        "kode_wilayah": "18.01.22.2007"
      }
    },
    {
      "type": "Feature",
      "geometry": {
        "type": "Point",
        "coordinates": [105.56478, -5.49669]
      },
      "properties": {
        "name": "KDMP Purwodadi",
        "desa": "Purwodadi",
        "kecamatan": "Way Sulan",
        "kabupaten": "Lampung Selatan",
        "provinsi": "Lampung",
        "kode_wilayah": "18.01.23.2005"
      }
    },
    {
      "type": "Feature",
      "geometry": {
        "type": "Point",
        "coordinates": [105.59353, -5.59288]
      },
      "properties": {
        "name": "KDMP Sidoreno",
        "desa": "Sidoreno",
        "kecamatan": "Way Panji",
        "kabupaten": "Lampung Selatan",
        "provinsi": "Lampung",
        "kode_wilayah": "18.01.24.2003"
      }
    },
    {
      "type": "Feature",
      "geometry": {
        "type": "Point",
        "coordinates": [105.02116, -5.17988]
      },
      "properties": {
        "name": "KDMP Watu Agung",
        "desa": "Watu Agung",
        "kecamatan": "Kalirejo",
        "kabupaten": "Lampung Tengah",
        "provinsi": "Lampung",
        "kode_wilayah": "18.02.01.2005"
      }
    },
    {
      "type": "Feature",
      "geometry": {
        "type": "Point",
        "coordinates": [104.98893, -5.20096]
      },
      "properties": {
        "name": "KDMP Suko Sari",
        "desa": "Suko Sari",
        "kecamatan": "Kalirejo",
        "kabupaten": "Lampung Tengah",
        "provinsi": "Lampung",
        "kode_wilayah": "18.02.01.2011"
      }
    },
    {
      "type": "Feature",
      "geometry": {
        "type": "Point",
        "coordinates": [104.94131, -5.21263]
      },
      "properties": {
        "name": "KDMP Kalisari",
        "desa": "Kalisari",
        "kecamatan": "Kalirejo",
        "kabupaten": "Lampung Tengah",
        "provinsi": "Lampung",
        "kode_wilayah": "18.02.01.2017"
      }
    },
    {
      "type": "Feature",
      "geometry": {
        "type": "Point",
        "coordinates": [105.00762, -5.13088]
      },
      "properties": {
        "name": "KDMP Sido Luhur",
        "desa": "Sido Luhur",
        "kecamatan": "Bangun Rejo",
        "kabupaten": "Lampung Tengah",
        "provinsi": "Lampung",
        "kode_wilayah": "18.02.02.2006"
      }
    },
    {
      "type": "Feature",
      "geometry": {
        "type": "Point",
        "coordinates": [105.10827, -5.13902]
      },
      "properties": {
        "name": "KDMP Tanjung Pandan",
        "desa": "Tanjung Pandan",
        "kecamatan": "Bangun Rejo",
        "kabupaten": "Lampung Tengah",
        "provinsi": "Lampung",
        "kode_wilayah": "18.02.02.2012"
      }
    },
    {
      "type": "Feature",
      "geometry": {
        "type": "Point",
        "coordinates": [104.93239, -5.14436]
      },
      "properties": {
        "name": "KDMP Purwosari",
        "desa": "Purwosari",
        "kecamatan": "Padang Ratu",
        "kabupaten": "Lampung Tengah",
        "provinsi": "Lampung",
        "kode_wilayah": "18.02.03.2001"
      }
    },
    {
      "type": "Feature",
      "geometry": {
        "type": "Point",
        "coordinates": [106.61391, -5.74551]
      },
      "properties": {
        "name": "KDMP Pulau Panggang",
        "desa": "Pulau Panggang",
        "kecamatan": "Kepulauan Seribu Utara",
        "kabupaten": "Adm. Kep. Seribu",
        "provinsi": "DKI Jakarta",
        "kode_wilayah": "31.01.01.1001"
      }
    },
    {
      "type": "Feature",
      "geometry": {
        "type": "Point",
        "coordinates": [106.61839, -5.85827]
      },
      "properties": {
        "name": "KDMP Pulau Pari",
        "desa": "Pulau Pari",
        "kecamatan": "Kepulauan Seribu Selatan",
        "kabupaten": "Adm. Kep. Seribu",
        "provinsi": "DKI Jakarta",
        "kode_wilayah": "31.01.02.1003"
      }
    },
    {
      "type": "Feature",
      "geometry": {
        "type": "Point",
        "coordinates": [106.82285, -6.16317]
      },
      "properties": {
        "name": "KDMP Kebon Kelapa",
        "desa": "Kebon Kelapa",
        "kecamatan": "Gambir",
        "kabupaten": "Kota Adm. Jakarta Pusat",
        "provinsi": "DKI Jakarta",
        "kode_wilayah": "31.71.01.1005"
      }
    },
    {
      "type": "Feature",
      "geometry": {
        "type": "Point",
        "coordinates": [106.82706, -6.14231]
      },
      "properties": {
        "name": "KDMP Mangga Dua Selatan",
        "desa": "Mangga Dua Selatan",
        "kecamatan": "Sawah Besar",
        "kabupaten": "Kota Adm. Jakarta Pusat",
        "provinsi": "DKI Jakarta",
        "kode_wilayah": "31.71.02.1005"
      }
    },
    {
      "type": "Feature",
      "geometry": {
        "type": "Point",
        "coordinates": [106.846, -6.1621]
      },
      "properties": {
        "name": "KDMP Gunung Sahari Selatan",
        "desa": "Gunung Sahari Selatan",
        "kecamatan": "Kemayoran",
        "kabupaten": "Kota Adm. Jakarta Pusat",
        "provinsi": "DKI Jakarta",
        "kode_wilayah": "31.71.03.1005"
      }
    },
    {
      "type": "Feature",
      "geometry": {
        "type": "Point",
        "coordinates": [106.8463, -6.19291]
      },
      "properties": {
        "name": "KDMP Kenari",
        "desa": "Kenari",
        "kecamatan": "Senen",
        "kabupaten": "Kota Adm. Jakarta Pusat",
        "provinsi": "DKI Jakarta",
        "kode_wilayah": "31.71.04.1002"
      }
    },
    {
      "type": "Feature",
      "geometry": {
        "type": "Point",
        "coordinates": [106.86226, -6.17767]
      },
      "properties": {
        "name": "KDMP Cempaka Putih Barat",
        "desa": "Cempaka Putih Barat",
        "kecamatan": "Cempaka Putih",
        "kabupaten": "Kota Adm. Jakarta Pusat",
        "provinsi": "DKI Jakarta",
        "kode_wilayah": "31.71.05.1002"
      }
    },
    {
      "type": "Feature",
      "geometry": {
        "type": "Point",
        "coordinates": [106.83125, -6.19273]
      },
      "properties": {
        "name": "KDMP Gondangdia",
        "desa": "Gondangdia",
        "kecamatan": "Menteng",
        "kabupaten": "Kota Adm. Jakarta Pusat",
        "provinsi": "DKI Jakarta",
        "kode_wilayah": "31.71.06.1004"
      }
    },
    {
      "type": "Feature",
      "geometry": {
        "type": "Point",
        "coordinates": [106.80717, -6.19705]
      },
      "properties": {
        "name": "KDMP Petamburan",
        "desa": "Petamburan",
        "kecamatan": "Tanah Abang",
        "kabupaten": "Kota Adm. Jakarta Pusat",
        "provinsi": "DKI Jakarta",
        "kode_wilayah": "31.71.07.1004"
      }
    },
    {
      "type": "Feature",
      "geometry": {
        "type": "Point",
        "coordinates": [106.85619, -6.17552]
      },
      "properties": {
        "name": "KDMP Galur",
        "desa": "Galur",
        "kecamatan": "Johar Baru",
        "kabupaten": "Kota Adm. Jakarta Pusat",
        "provinsi": "DKI Jakarta",
        "kode_wilayah": "31.71.08.1003"
      }
    },
    {
      "type": "Feature",
      "geometry": {
        "type": "Point",
        "coordinates": [106.78652, -6.13749]
      },
      "properties": {
        "name": "KDMP Pejagalan",
        "desa": "Pejagalan",
        "kecamatan": "Penjaringan",
        "kabupaten": "Kota Adm. Jakarta Utara",
        "provinsi": "DKI Jakarta",
        "kode_wilayah": "31.72.01.1004"
      }
    },
    {
      "type": "Feature",
      "geometry": {
        "type": "Point",
        "coordinates": [106.88563, -6.12595]
      },
      "properties": {
        "name": "KDMP Sungai Bambu",
        "desa": "Sungai Bambu",
        "kecamatan": "Tanjung Priok",
        "kabupaten": "Kota Adm. Jakarta Utara",
        "provinsi": "DKI Jakarta",
        "kode_wilayah": "31.72.02.1004"
      }
    },
    {
      "type": "Feature",
      "geometry": {
        "type": "Point",
        "coordinates": [106.91249, -6.11297]
      },
      "properties": {
        "name": "KDMP Lagoa",
        "desa": "Lagoa",
        "kecamatan": "Koja",
        "kabupaten": "Kota Adm. Jakarta Utara",
        "provinsi": "DKI Jakarta",
        "kode_wilayah": "31.72.03.1003"
      }
    },
    {
      "type": "Feature",
      "geometry": {
        "type": "Point",
        "coordinates": [106.92512, -6.14516]
      },
      "properties": {
        "name": "KDMP Sukapura",
        "desa": "Sukapura",
        "kecamatan": "Cilincing",
        "kabupaten": "Kota Adm. Jakarta Utara",
        "provinsi": "DKI Jakarta",
        "kode_wilayah": "31.72.04.1002"
      }
    },
    {
      "type": "Feature",
      "geometry": {
        "type": "Point",
        "coordinates": [106.92362, -6.12737]
      },
      "properties": {
        "name": "KDMP Semper Barat",
        "desa": "Semper Barat",
        "kecamatan": "Cilincing",
        "kabupaten": "Kota Adm. Jakarta Utara",
        "provinsi": "DKI Jakarta",
        "kode_wilayah": "31.72.04.1007"
      }
    },
    {
      "type": "Feature",
      "geometry": {
        "type": "Point",
        "coordinates": [106.89838, -6.1518]
      },
      "properties": {
        "name": "KDMP Kelapa Gading Barat",
        "desa": "Kelapa Gading Barat",
        "kecamatan": "Kelapa Gading",
        "kabupaten": "Kota Adm. Jakarta Utara",
        "provinsi": "DKI Jakarta",
        "kode_wilayah": "31.72.06.1003"
      }
    },
    {
      "type": "Feature",
      "geometry": {
        "type": "Point",
        "coordinates": [106.75415, -6.1458]
      },
      "properties": {
        "name": "KDMP Kapuk",
        "desa": "Kapuk",
        "kecamatan": "Cengkareng",
        "kabupaten": "Kota Adm. Jakarta Barat",
        "provinsi": "DKI Jakarta",
        "kode_wilayah": "31.73.01.1005"
      }
    },
    {
      "type": "Feature",
      "geometry": {
        "type": "Point",
        "coordinates": [106.78562, -6.15777]
      },
      "properties": {
        "name": "KDMP Jelambar",
        "desa": "Jelambar",
        "kecamatan": "Grogol Petamburan",
        "kabupaten": "Kota Adm. Jakarta Barat",
        "provinsi": "DKI Jakarta",
        "kode_wilayah": "31.73.02.1004"
      }
    },
    {
      "type": "Feature",
      "geometry": {
        "type": "Point",
        "coordinates": [106.82113, -6.15625]
      },
      "properties": {
        "name": "KDMP Maphar",
        "desa": "Maphar",
        "kecamatan": "Taman Sari",
        "kabupaten": "Kota Adm. Jakarta Barat",
        "provinsi": "DKI Jakarta",
        "kode_wilayah": "31.73.03.1003"
      }
    },
    {
      "type": "Feature",
      "geometry": {
        "type": "Point",
        "coordinates": [106.81557, -6.13681]
      },
      "properties": {
        "name": "KDMP Pinangsia",
        "desa": "Pinangsia",
        "kecamatan": "Taman Sari",
        "kabupaten": "Kota Adm. Jakarta Barat",
        "provinsi": "DKI Jakarta",
        "kode_wilayah": "31.73.03.1008"
      }
    },
    {
      "type": "Feature",
      "geometry": {
        "type": "Point",
        "coordinates": [106.80317, -6.15014]
      },
      "properties": {
        "name": "KDMP Krendang",
        "desa": "Krendang",
        "kecamatan": "Tambora",
        "kabupaten": "Kota Adm. Jakarta Barat",
        "provinsi": "DKI Jakarta",
        "kode_wilayah": "31.73.04.1005"
      }
    },
    {
      "type": "Feature",
      "geometry": {
        "type": "Point",
        "coordinates": [106.80587, -6.15823]
      },
      "properties": {
        "name": "KDMP Duri Selatan",
        "desa": "Duri Selatan",
        "kecamatan": "Tambora",
        "kabupaten": "Kota Adm. Jakarta Barat",
        "provinsi": "DKI Jakarta",
        "kode_wilayah": "31.73.04.1011"
      }
    },
    {
      "type": "Feature",
      "geometry": {
        "type": "Point",
        "coordinates": [106.77214, -6.1726]
      },
      "properties": {
        "name": "KDMP Duri Kepa",
        "desa": "Duri Kepa",
        "kecamatan": "Kebon Jeruk",
        "kabupaten": "Kota Adm. Jakarta Barat",
        "provinsi": "DKI Jakarta",
        "kode_wilayah": "31.73.05.1005"
      }
    },
    {
      "type": "Feature",
      "geometry": {
        "type": "Point",
        "coordinates": [106.71602, -6.12015]
      },
      "properties": {
        "name": "KDMP Tegal Alur",
        "desa": "Tegal Alur",
        "kecamatan": "Kalideres",
        "kabupaten": "Kota Adm. Jakarta Barat",
        "provinsi": "DKI Jakarta",
        "kode_wilayah": "31.73.06.1003"
      }
    },
    {
      "type": "Feature",
      "geometry": {
        "type": "Point",
        "coordinates": [106.80394, -6.17853]
      },
      "properties": {
        "name": "KDMP Jatipulo",
        "desa": "Jatipulo",
        "kecamatan": "Pal Merah",
        "kabupaten": "Kota Adm. Jakarta Barat",
        "provinsi": "DKI Jakarta",
        "kode_wilayah": "31.73.07.1004"
      }
    },
    {
      "type": "Feature",
      "geometry": {
        "type": "Point",
        "coordinates": [106.73684, -6.2089]
      },
      "properties": {
        "name": "KDMP Meruya Selatan",
        "desa": "Meruya Selatan",
        "kecamatan": "Kembangan",
        "kabupaten": "Kota Adm. Jakarta Barat",
        "provinsi": "DKI Jakarta",
        "kode_wilayah": "31.73.08.1003"
      }
    },
    {
      "type": "Feature",
      "geometry": {
        "type": "Point",
        "coordinates": [106.84977, -6.23692]
      },
      "properties": {
        "name": "KDMP Tebet Barat",
        "desa": "Tebet Barat",
        "kecamatan": "Tebet",
        "kabupaten": "Kota Adm. Jakarta Selatan",
        "provinsi": "DKI Jakarta",
        "kode_wilayah": "31.74.01.1002"
      }
    },
    {
      "type": "Feature",
      "geometry": {
        "type": "Point",
        "coordinates": [106.82753, -6.20882]
      },
      "properties": {
        "name": "KDMP Setia Budi",
        "desa": "Setia Budi",
        "kecamatan": "Setiabudi",
        "kabupaten": "Kota Adm. Jakarta Selatan",
        "provinsi": "DKI Jakarta",
        "kode_wilayah": "31.74.02.1001"
      }
    },
    {
      "type": "Feature",
      "geometry": {
        "type": "Point",
        "coordinates": [106.84222, -6.2114]
      },
      "properties": {
        "name": "KDMP Pasar Manggis",
        "desa": "Pasar Manggis",
        "kecamatan": "Setiabudi",
        "kabupaten": "Kota Adm. Jakarta Selatan",
        "provinsi": "DKI Jakarta",
        "kode_wilayah": "31.74.02.1006"
      }
    },
    {
      "type": "Feature",
      "geometry": {
        "type": "Point",
        "coordinates": [106.81773, -6.24982]
      },
      "properties": {
        "name": "KDMP Pela Mampang",
        "desa": "Pela Mampang",
        "kecamatan": "Mampang Prapatan",
        "kabupaten": "Kota Adm. Jakarta Selatan",
        "provinsi": "DKI Jakarta",
        "kode_wilayah": "31.74.03.1003"
      }
    },
    {
      "type": "Feature",
      "geometry": {
        "type": "Point",
        "coordinates": [106.822, -6.29071]
      },
      "properties": {
        "name": "KDMP Ragunan",
        "desa": "Ragunan",
        "kecamatan": "Pasar Minggu",
        "kabupaten": "Kota Adm. Jakarta Selatan",
        "provinsi": "DKI Jakarta",
        "kode_wilayah": "31.74.04.1004"
      }
    },
    {
      "type": "Feature",
      "geometry": {
        "type": "Point",
        "coordinates": [106.77438, -6.28012]
      },
      "properties": {
        "name": "KDMP Pondok Pinang",
        "desa": "Pondok Pinang",
        "kecamatan": "Kebayoran Lama",
        "kabupaten": "Kota Adm. Jakarta Selatan",
        "provinsi": "DKI Jakarta",
        "kode_wilayah": "31.74.05.1002"
      }
    },
    {
      "type": "Feature",
      "geometry": {
        "type": "Point",
        "coordinates": [106.80172, -6.29372]
      },
      "properties": {
        "name": "KDMP Cilandak Barat",
        "desa": "Cilandak Barat",
        "kecamatan": "Cilandak",
        "kabupaten": "Kota Adm. Jakarta Selatan",
        "provinsi": "DKI Jakarta",
        "kode_wilayah": "31.74.06.1001"
      }
    },
    {
      "type": "Feature",
      "geometry": {
        "type": "Point",
        "coordinates": [106.7943, -6.23616]
      },
      "properties": {
        "name": "KDMP Gunung",
        "desa": "Gunung",
        "kecamatan": "Kebayoran Baru",
        "kabupaten": "Kota Adm. Jakarta Selatan",
        "provinsi": "DKI Jakarta",
        "kode_wilayah": "31.74.07.1002"
      }
    },
    {
      "type": "Feature",
      "geometry": {
        "type": "Point",
        "coordinates": [106.80419, -6.25428]
      },
      "properties": {
        "name": "KDMP Pulo",
        "desa": "Pulo",
        "kecamatan": "Kebayoran Baru",
        "kabupaten": "Kota Adm. Jakarta Selatan",
        "provinsi": "DKI Jakarta",
        "kode_wilayah": "31.74.07.1007"
      }
    },
    {
      "type": "Feature",
      "geometry": {
        "type": "Point",
        "coordinates": [106.83473, -6.26413]
      },
      "properties": {
        "name": "KDMP Kalibata",
        "desa": "Kalibata",
        "kecamatan": "Pancoran",
        "kabupaten": "Kota Adm. Jakarta Selatan",
        "provinsi": "DKI Jakarta",
        "kode_wilayah": "31.74.08.1002"
      }
    },
    {
      "type": "Feature",
      "geometry": {
        "type": "Point",
        "coordinates": [106.82589, -6.34624]
      },
      "properties": {
        "name": "KDMP Srengseng Sawah",
        "desa": "Srengseng Sawah",
        "kecamatan": "Jagakarsa",
        "kabupaten": "Kota Adm. Jakarta Selatan",
        "provinsi": "DKI Jakarta",
        "kode_wilayah": "31.74.09.1002"
      }
    },
    {
      "type": "Feature",
      "geometry": {
        "type": "Point",
        "coordinates": [106.75724, -6.25601]
      },
      "properties": {
        "name": "KDMP Pesanggrahan",
        "desa": "Pesanggrahan",
        "kecamatan": "Pesanggrahan",
        "kabupaten": "Kota Adm. Jakarta Selatan",
        "provinsi": "DKI Jakarta",
        "kode_wilayah": "31.74.10.1001"
      }
    },
    {
      "type": "Feature",
      "geometry": {
        "type": "Point",
        "coordinates": [106.86809, -6.21134]
      },
      "properties": {
        "name": "KDMP Pisangan Baru",
        "desa": "Pisangan Baru",
        "kecamatan": "Matraman",
        "kabupaten": "Kota Adm. Jakarta Timur",
        "provinsi": "DKI Jakarta",
        "kode_wilayah": "31.75.01.1001"
      }
    },
    {
      "type": "Feature",
      "geometry": {
        "type": "Point",
        "coordinates": [106.89736, -6.18182]
      },
      "properties": {
        "name": "KDMP Pulo Gadung",
        "desa": "Pulo Gadung",
        "kecamatan": "Pulogadung",
        "kabupaten": "Kota Adm. Jakarta Timur",
        "provinsi": "DKI Jakarta",
        "kode_wilayah": "31.75.02.1001"
      }
    },
    {
      "type": "Feature",
      "geometry": {
        "type": "Point",
        "coordinates": [106.88254, -6.17664]
      },
      "properties": {
        "name": "KDMP Kayu Putih",
        "desa": "Kayu Putih",
        "kecamatan": "Pulogadung",
        "kabupaten": "Kota Adm. Jakarta Timur",
        "provinsi": "DKI Jakarta",
        "kode_wilayah": "31.75.02.1006"
      }
    },
    {
      "type": "Feature",
      "geometry": {
        "type": "Point",
        "coordinates": [106.87118, -6.21787]
      },
      "properties": {
        "name": "KDMP Rawa Bunga",
        "desa": "Rawa Bunga",
        "kecamatan": "Jatinegara",
        "kabupaten": "Kota Adm. Jakarta Timur",
        "provinsi": "DKI Jakarta",
        "kode_wilayah": "31.75.03.1004"
      }
    },
    {
      "type": "Feature",
      "geometry": {
        "type": "Point",
        "coordinates": [106.86624, -6.29184]
      },
      "properties": {
        "name": "KDMP Tengah",
        "desa": "Tengah",
        "kecamatan": "Kramatjati",
        "kabupaten": "Kota Adm. Jakarta Timur",
        "provinsi": "DKI Jakarta",
        "kode_wilayah": "31.75.04.1002"
      }
    },
    {
      "type": "Feature",
      "geometry": {
        "type": "Point",
        "coordinates": [106.86747, -6.25324]
      },
      "properties": {
        "name": "KDMP Cawang",
        "desa": "Cawang",
        "kecamatan": "Kramatjati",
        "kabupaten": "Kota Adm. Jakarta Timur",
        "provinsi": "DKI Jakarta",
        "kode_wilayah": "31.75.04.1007"
      }
    },
    {
      "type": "Feature",
      "geometry": {
        "type": "Point",
        "coordinates": [106.86321, -6.34681]
      },
      "properties": {
        "name": "KDMP Pekayon",
        "desa": "Pekayon",
        "kecamatan": "Pasar Rebo",
        "kabupaten": "Kota Adm. Jakarta Timur",
        "provinsi": "DKI Jakarta",
        "kode_wilayah": "31.75.05.1005"
      }
    },
    {
      "type": "Feature",
      "geometry": {
        "type": "Point",
        "coordinates": [106.96398, -6.18845]
      },
      "properties": {
        "name": "KDMP Ujung Menteng",
        "desa": "Ujung Menteng",
        "kecamatan": "Cakung",
        "kabupaten": "Kota Adm. Jakarta Timur",
        "provinsi": "DKI Jakarta",
        "kode_wilayah": "31.75.06.1006"
      }
    },
    {
      "type": "Feature",
      "geometry": {
        "type": "Point",
        "coordinates": [106.93261, -6.24667]
      },
      "properties": {
        "name": "KDMP Pondok Kelapa",
        "desa": "Pondok Kelapa",
        "kecamatan": "Duren Sawit",
        "kabupaten": "Kota Adm. Jakarta Timur",
        "provinsi": "DKI Jakarta",
        "kode_wilayah": "31.75.07.1004"
      }
    },
    {
      "type": "Feature",
      "geometry": {
        "type": "Point",
        "coordinates": [106.88745, -6.28945]
      },
      "properties": {
        "name": "KDMP Pinangranti",
        "desa": "Pinangranti",
        "kecamatan": "Makasar",
        "kabupaten": "Kota Adm. Jakarta Timur",
        "provinsi": "DKI Jakarta",
        "kode_wilayah": "31.75.08.1002"
      }
    },
    {
      "type": "Feature",
      "geometry": {
        "type": "Point",
        "coordinates": [106.8858, -6.34477]
      },
      "properties": {
        "name": "KDMP Kelapa Dua Wetan",
        "desa": "Kelapa Dua Wetan",
        "kecamatan": "Ciracas",
        "kabupaten": "Kota Adm. Jakarta Timur",
        "provinsi": "DKI Jakarta",
        "kode_wilayah": "31.75.09.1003"
      }
    },
    {
      "type": "Feature",
      "geometry": {
        "type": "Point",
        "coordinates": [106.90963, -6.35953]
      },
      "properties": {
        "name": "KDMP Pondok Ranggon",
        "desa": "Pondok Ranggon",
        "kecamatan": "Cipayung",
        "kabupaten": "Kota Adm. Jakarta Timur",
        "provinsi": "DKI Jakarta",
        "kode_wilayah": "31.75.10.1003"
      }
    },
    {
      "type": "Feature",
      "geometry": {
        "type": "Point",
        "coordinates": [105.59651, -6.65825]
      },
      "properties": {
        "name": "KDMP Sumberjaya",
        "desa": "Sumberjaya",
        "kecamatan": "Sumur",
        "kabupaten": "Pandeglang",
        "provinsi": "Banten",
        "kode_wilayah": "36.01.01.2001"
      }
    },
    {
      "type": "Feature",
      "geometry": {
        "type": "Point",
        "coordinates": [105.3874, -6.75707]
      },
      "properties": {
        "name": "KDMP Ujungjaya",
        "desa": "Ujungjaya",
        "kecamatan": "Sumur",
        "kabupaten": "Pandeglang",
        "provinsi": "Banten",
        "kode_wilayah": "36.01.01.2007"
      }
    },
    {
      "type": "Feature",
      "geometry": {
        "type": "Point",
        "coordinates": [105.67518, -6.72262]
      },
      "properties": {
        "name": "KDMP Ciburial",
        "desa": "Ciburial",
        "kecamatan": "Cimanggu",
        "kabupaten": "Pandeglang",
        "provinsi": "Banten",
        "kode_wilayah": "36.01.02.2006"
      }
    },
    {
      "type": "Feature",
      "geometry": {
        "type": "Point",
        "coordinates": [105.60297, -6.7764]
      },
      "properties": {
        "name": "KDMP Kramatjaya",
        "desa": "Kramatjaya",
        "kecamatan": "Cimanggu",
        "kabupaten": "Pandeglang",
        "provinsi": "Banten",
        "kode_wilayah": "36.01.02.2012"
      }
    },
    {
      "type": "Feature",
      "geometry": {
        "type": "Point",
        "coordinates": [105.72275, -6.68623]
      },
      "properties": {
        "name": "KDMP Mahendra",
        "desa": "Mahendra",
        "kecamatan": "Cibaliung",
        "kabupaten": "Pandeglang",
        "provinsi": "Banten",
        "kode_wilayah": "36.01.03.2011"
      }
    },
    {
      "type": "Feature",
      "geometry": {
        "type": "Point",
        "coordinates": [105.84917, -6.80927]
      },
      "properties": {
        "name": "KDMP Sukawaris",
        "desa": "Sukawaris",
        "kecamatan": "Cikeusik",
        "kabupaten": "Pandeglang",
        "provinsi": "Banten",
        "kode_wilayah": "36.01.04.2003"
      }
    },
    {
      "type": "Feature",
      "geometry": {
        "type": "Point",
        "coordinates": [105.89225, -6.69905]
      },
      "properties": {
        "name": "KDMP Curugciung",
        "desa": "Curugciung",
        "kecamatan": "Cikeusik",
        "kabupaten": "Pandeglang",
        "provinsi": "Banten",
        "kode_wilayah": "36.01.04.2009"
      }
    },
    {
      "type": "Feature",
      "geometry": {
        "type": "Point",
        "coordinates": [105.65148, -6.63407]
      },
      "properties": {
        "name": "KDMP Karangbolong",
        "desa": "Karangbolong",
        "kecamatan": "Cigeulis",
        "kabupaten": "Pandeglang",
        "provinsi": "Banten",
        "kode_wilayah": "36.01.05.2001"
      }
    },
    {
      "type": "Feature",
      "geometry": {
        "type": "Point",
        "coordinates": [105.63198, -6.58632]
      },
      "properties": {
        "name": "KDMP Banyuasih",
        "desa": "Banyuasih",
        "kecamatan": "Cigeulis",
        "kabupaten": "Pandeglang",
        "provinsi": "Banten",
        "kode_wilayah": "36.01.05.2007"
      }
    },
    {
      "type": "Feature",
      "geometry": {
        "type": "Point",
        "coordinates": [105.81468, -6.50263]
      },
      "properties": {
        "name": "KDMP Mekarsari",
        "desa": "Mekarsari",
        "kecamatan": "Panimbang",
        "kabupaten": "Pandeglang",
        "provinsi": "Banten",
        "kode_wilayah": "36.01.06.2009"
      }
    },
    {
      "type": "Feature",
      "geometry": {
        "type": "Point",
        "coordinates": [105.82786, -6.55988]
      },
      "properties": {
        "name": "KDMP Karangsari",
        "desa": "Karangsari",
        "kecamatan": "Angsana",
        "kabupaten": "Pandeglang",
        "provinsi": "Banten",
        "kode_wilayah": "36.01.07.2004"
      }
    },
    {
      "type": "Feature",
      "geometry": {
        "type": "Point",
        "coordinates": [105.90749, -6.60445]
      },
      "properties": {
        "name": "KDMP Pasanggrahan",
        "desa": "Pasanggrahan",
        "kecamatan": "Munjul",
        "kabupaten": "Pandeglang",
        "provinsi": "Banten",
        "kode_wilayah": "36.01.08.2001"
      }
    },
    {
      "type": "Feature",
      "geometry": {
        "type": "Point",
        "coordinates": [105.88487, -6.62045]
      },
      "properties": {
        "name": "KDMP Cibitung",
        "desa": "Cibitung",
        "kecamatan": "Munjul",
        "kabupaten": "Pandeglang",
        "provinsi": "Banten",
        "kode_wilayah": "36.01.08.2009"
      }
    },
    {
      "type": "Feature",
      "geometry": {
        "type": "Point",
        "coordinates": [105.86694, -6.40334]
      },
      "properties": {
        "name": "KDMP Montor",
        "desa": "Montor",
        "kecamatan": "Pagelaran",
        "kabupaten": "Pandeglang",
        "provinsi": "Banten",
        "kode_wilayah": "36.01.09.2004"
      }
    },
    {
      "type": "Feature",
      "geometry": {
        "type": "Point",
        "coordinates": [105.88302, -6.44058]
      },
      "properties": {
        "name": "KDMP Bulagor",
        "desa": "Bulagor",
        "kecamatan": "Pagelaran",
        "kabupaten": "Pandeglang",
        "provinsi": "Banten",
        "kode_wilayah": "36.01.09.2010"
      }
    },
    {
      "type": "Feature",
      "geometry": {
        "type": "Point",
        "coordinates": [105.966, -6.45214]
      },
      "properties": {
        "name": "KDMP Geredug",
        "desa": "Geredug",
        "kecamatan": "Bojong",
        "kabupaten": "Pandeglang",
        "provinsi": "Banten",
        "kode_wilayah": "36.01.10.2003"
      }
    },
    {
      "type": "Feature",
      "geometry": {
        "type": "Point",
        "coordinates": [105.95234, -6.48305]
      },
      "properties": {
        "name": "KDMP Pasirsedang",
        "desa": "Pasirsedang",
        "kecamatan": "Picung",
        "kabupaten": "Pandeglang",
        "provinsi": "Banten",
        "kode_wilayah": "36.01.11.2001"
      }
    },
    {
      "type": "Feature",
      "geometry": {
        "type": "Point",
        "coordinates": [105.9185, -6.47634]
      },
      "properties": {
        "name": "KDMP Pasirpanjang",
        "desa": "Pasirpanjang",
        "kecamatan": "Picung",
        "kabupaten": "Pandeglang",
        "provinsi": "Banten",
        "kode_wilayah": "36.01.11.2007"
      }
    },
    {
      "type": "Feature",
      "geometry": {
        "type": "Point",
        "coordinates": [105.82827, -6.35319]
      },
      "properties": {
        "name": "KDMP Caringin",
        "desa": "Caringin",
        "kecamatan": "Labuan",
        "kabupaten": "Pandeglang",
        "provinsi": "Banten",
        "kode_wilayah": "36.01.12.2004"
      }
    },
    {
      "type": "Feature",
      "geometry": {
        "type": "Point",
        "coordinates": [105.91196, -6.39997]
      },
      "properties": {
        "name": "KDMP Alaswangi",
        "desa": "Alaswangi",
        "kecamatan": "Menes",
        "kabupaten": "Pandeglang",
        "provinsi": "Banten",
        "kode_wilayah": "36.01.13.2001"
      }
    },
    {
      "type": "Feature",
      "geometry": {
        "type": "Point",
        "coordinates": [105.92333, -6.36153]
      },
      "properties": {
        "name": "KDMP Sukamanah",
        "desa": "Sukamanah",
        "kecamatan": "Menes",
        "kabupaten": "Pandeglang",
        "provinsi": "Banten",
        "kode_wilayah": "36.01.13.2010"
      }
    },
    {
      "type": "Feature",
      "geometry": {
        "type": "Point",
        "coordinates": [105.93635, -6.43285]
      },
      "properties": {
        "name": "KDMP Langensari",
        "desa": "Langensari",
        "kecamatan": "Saketi",
        "kabupaten": "Pandeglang",
        "provinsi": "Banten",
        "kode_wilayah": "36.01.14.2001"
      }
    },
    {
      "type": "Feature",
      "geometry": {
        "type": "Point",
        "coordinates": [105.99892, -6.38709]
      },
      "properties": {
        "name": "KDMP Kadudampit",
        "desa": "Kadudampit",
        "kecamatan": "Saketi",
        "kabupaten": "Pandeglang",
        "provinsi": "Banten",
        "kode_wilayah": "36.01.14.2007"
      }
    },
    {
      "type": "Feature",
      "geometry": {
        "type": "Point",
        "coordinates": [105.96203, -6.39683]
      },
      "properties": {
        "name": "KDMP Sindanghayu",
        "desa": "Sindanghayu",
        "kecamatan": "Saketi",
        "kabupaten": "Pandeglang",
        "provinsi": "Banten",
        "kode_wilayah": "36.01.14.2013"
      }
    },
    {
      "type": "Feature",
      "geometry": {
        "type": "Point",
        "coordinates": [106.01661, -6.38695]
      },
      "properties": {
        "name": "KDMP Kadugadung",
        "desa": "Kadugadung",
        "kecamatan": "Cipeucang",
        "kabupaten": "Pandeglang",
        "provinsi": "Banten",
        "kode_wilayah": "36.01.15.2005"
      }
    },
    {
      "type": "Feature",
      "geometry": {
        "type": "Point",
        "coordinates": [105.89975, -6.35867]
      },
      "properties": {
        "name": "KDMP Pamarayan",
        "desa": "Pamarayan",
        "kecamatan": "Jiput",
        "kabupaten": "Pandeglang",
        "provinsi": "Banten",
        "kode_wilayah": "36.01.16.2001"
      }
    },
    {
      "type": "Feature",
      "geometry": {
        "type": "Point",
        "coordinates": [105.90555, -6.28763]
      },
      "properties": {
        "name": "KDMP Citaman",
        "desa": "Citaman",
        "kecamatan": "Jiput",
        "kabupaten": "Pandeglang",
        "provinsi": "Banten",
        "kode_wilayah": "36.01.16.2007"
      }
    },
    {
      "type": "Feature",
      "geometry": {
        "type": "Point",
        "coordinates": [105.85394, -6.34693]
      },
      "properties": {
        "name": "KDMP Babadsari",
        "desa": "Babadsari",
        "kecamatan": "Jiput",
        "kabupaten": "Pandeglang",
        "provinsi": "Banten",
        "kode_wilayah": "36.01.16.2015"
      }
    },
    {
      "type": "Feature",
      "geometry": {
        "type": "Point",
        "coordinates": [105.9686, -6.29541]
      },
      "properties": {
        "name": "KDMP Sinarjaya",
        "desa": "Sinarjaya",
        "kecamatan": "Mandalawangi",
        "kabupaten": "Pandeglang",
        "provinsi": "Banten",
        "kode_wilayah": "36.01.17.2006"
      }
    },
    {
      "type": "Feature",
      "geometry": {
        "type": "Point",
        "coordinates": [106.00522, -6.33677]
      },
      "properties": {
        "name": "KDMP Giripawana",
        "desa": "Giripawana",
        "kecamatan": "Mandalawangi",
        "kabupaten": "Pandeglang",
        "provinsi": "Banten",
        "kode_wilayah": "36.01.17.2012"
      }
    },
    {
      "type": "Feature",
      "geometry": {
        "type": "Point",
        "coordinates": [106.01733, -6.3243]
      },
      "properties": {
        "name": "KDMP Kadubungbang",
        "desa": "Kadubungbang",
        "kecamatan": "Cimanuk",
        "kabupaten": "Pandeglang",
        "provinsi": "Banten",
        "kode_wilayah": "36.01.18.2003"
      }
    },
    {
      "type": "Feature",
      "geometry": {
        "type": "Point",
        "coordinates": [106.04999, -6.37166]
      },
      "properties": {
        "name": "KDMP Gunungdatar",
        "desa": "Gunungdatar",
        "kecamatan": "Cimanuk",
        "kabupaten": "Pandeglang",
        "provinsi": "Banten",
        "kode_wilayah": "36.01.18.2010"
      }
    },
    {
      "type": "Feature",
      "geometry": {
        "type": "Point",
        "coordinates": [106.05974, -6.33547]
      },
      "properties": {
        "name": "KDMP Sukasari",
        "desa": "Sukasari",
        "kecamatan": "Kaduhejo",
        "kabupaten": "Pandeglang",
        "provinsi": "Banten",
        "kode_wilayah": "36.01.19.2004"
      }
    },
    {
      "type": "Feature",
      "geometry": {
        "type": "Point",
        "coordinates": [106.08824, -6.3399]
      },
      "properties": {
        "name": "KDMP Ciputri",
        "desa": "Ciputri",
        "kecamatan": "Kaduhejo",
        "kabupaten": "Pandeglang",
        "provinsi": "Banten",
        "kode_wilayah": "36.01.19.2010"
      }
    },
    {
      "type": "Feature",
      "geometry": {
        "type": "Point",
        "coordinates": [106.09271, -6.35713]
      },
      "properties": {
        "name": "KDMP Gunungputri",
        "desa": "Gunungputri",
        "kecamatan": "Banjar",
        "kabupaten": "Pandeglang",
        "provinsi": "Banten",
        "kode_wilayah": "36.01.20.2008"
      }
    },
    {
      "type": "Feature",
      "geometry": {
        "type": "Point",
        "coordinates": [106.11417, -6.3332]
      },
      "properties": {
        "name": "KDMP Kadomas",
        "desa": "Kadomas",
        "kecamatan": "Pandeglang",
        "kabupaten": "Pandeglang",
        "provinsi": "Banten",
        "kode_wilayah": "36.01.21.1002"
      }
    },
    {
      "type": "Feature",
      "geometry": {
        "type": "Point",
        "coordinates": [106.09528, -6.26392]
      },
      "properties": {
        "name": "KDMP Kurungdahu",
        "desa": "Kurungdahu",
        "kecamatan": "Cadasari",
        "kabupaten": "Pandeglang",
        "provinsi": "Banten",
        "kode_wilayah": "36.01.22.2003"
      }
    },
    {
      "type": "Feature",
      "geometry": {
        "type": "Point",
        "coordinates": [106.14188, -6.26035]
      },
      "properties": {
        "name": "KDMP Kaungcaang",
        "desa": "Kaungcaang",
        "kecamatan": "Cadasari",
        "kabupaten": "Pandeglang",
        "provinsi": "Banten",
        "kode_wilayah": "36.01.22.2009"
      }
    },
    {
      "type": "Feature",
      "geometry": {
        "type": "Point",
        "coordinates": [105.91894, -6.42844]
      },
      "properties": {
        "name": "KDMP Cibarani",
        "desa": "Cibarani",
        "kecamatan": "Cisata",
        "kabupaten": "Pandeglang",
        "provinsi": "Banten",
        "kode_wilayah": "36.01.23.2004"
      }
    },
    {
      "type": "Feature",
      "geometry": {
        "type": "Point",
        "coordinates": [105.88213, -6.51385]
      },
      "properties": {
        "name": "KDMP Turus",
        "desa": "Turus",
        "kecamatan": "Patia",
        "kabupaten": "Pandeglang",
        "provinsi": "Banten",
        "kode_wilayah": "36.01.24.2006"
      }
    },
    {
      "type": "Feature",
      "geometry": {
        "type": "Point",
        "coordinates": [105.85476, -6.46314]
      },
      "properties": {
        "name": "KDMP Surianeun",
        "desa": "Surianeun",
        "kecamatan": "Patia",
        "kabupaten": "Pandeglang",
        "provinsi": "Banten",
        "kode_wilayah": "36.01.24.2015"
      }
    },
    {
      "type": "Feature",
      "geometry": {
        "type": "Point",
        "coordinates": [106.14418, -6.2943]
      },
      "properties": {
        "name": "KDMP Pagadungan",
        "desa": "Pagadungan",
        "kecamatan": "Karang Tanjung",
        "kabupaten": "Pandeglang",
        "provinsi": "Banten",
        "kode_wilayah": "36.01.25.1003"
      }
    },
    {
      "type": "Feature",
      "geometry": {
        "type": "Point",
        "coordinates": [105.86929, -6.39008]
      },
      "properties": {
        "name": "KDMP Babakanlor",
        "desa": "Babakanlor",
        "kecamatan": "Cikedal",
        "kabupaten": "Pandeglang",
        "provinsi": "Banten",
        "kode_wilayah": "36.01.26.2005"
      }
    },
    {
      "type": "Feature",
      "geometry": {
        "type": "Point",
        "coordinates": [105.69416, -6.82623]
      },
      "properties": {
        "name": "KDMP Sindangkerta",
        "desa": "Sindangkerta",
        "kecamatan": "Cibitung",
        "kabupaten": "Pandeglang",
        "provinsi": "Banten",
        "kode_wilayah": "36.01.27.2001"
      }
    },
    {
      "type": "Feature",
      "geometry": {
        "type": "Point",
        "coordinates": [105.67309, -6.81018]
      },
      "properties": {
        "name": "KDMP Citeluk",
        "desa": "Citeluk",
        "kecamatan": "Cibitung",
        "kabupaten": "Pandeglang",
        "provinsi": "Banten",
        "kode_wilayah": "36.01.27.2007"
      }
    },
    {
      "type": "Feature",
      "geometry": {
        "type": "Point",
        "coordinates": [105.8512, -6.27337]
      },
      "properties": {
        "name": "KDMP Sukarame",
        "desa": "Sukarame",
        "kecamatan": "Carita",
        "kabupaten": "Pandeglang",
        "provinsi": "Banten",
        "kode_wilayah": "36.01.28.2003"
      }
    },
    {
      "type": "Feature",
      "geometry": {
        "type": "Point",
        "coordinates": [105.85046, -6.33192]
      },
      "properties": {
        "name": "KDMP Tembong",
        "desa": "Tembong",
        "kecamatan": "Carita",
        "kabupaten": "Pandeglang",
        "provinsi": "Banten",
        "kode_wilayah": "36.01.28.2009"
      }
    },
    {
      "type": "Feature",
      "geometry": {
        "type": "Point",
        "coordinates": [105.85237, -6.51171]
      },
      "properties": {
        "name": "KDMP Pasirkadu",
        "desa": "Pasirkadu",
        "kecamatan": "Sukaresmi",
        "kabupaten": "Pandeglang",
        "provinsi": "Banten",
        "kode_wilayah": "36.01.29.2005"
      }
    },
    {
      "type": "Feature",
      "geometry": {
        "type": "Point",
        "coordinates": [106.06753, -6.3798]
      },
      "properties": {
        "name": "KDMP Kadubelang",
        "desa": "Kadubelang",
        "kecamatan": "Mekarjaya",
        "kabupaten": "Pandeglang",
        "provinsi": "Banten",
        "kode_wilayah": "36.01.30.2001"
      }
    },
    {
      "type": "Feature",
      "geometry": {
        "type": "Point",
        "coordinates": [106.08198, -6.38331]
      },
      "properties": {
        "name": "KDMP Sukamulya",
        "desa": "Sukamulya",
        "kecamatan": "Mekarjaya",
        "kabupaten": "Pandeglang",
        "provinsi": "Banten",
        "kode_wilayah": "36.01.30.2007"
      }
    },
    {
      "type": "Feature",
      "geometry": {
        "type": "Point",
        "coordinates": [106.82219, -6.46012]
      },
      "properties": {
        "name": "KDMP Pondok Rajeg",
        "desa": "Pondok Rajeg",
        "kecamatan": "Cibinong",
        "kabupaten": "Bogor",
        "provinsi": "Jawa Barat",
        "kode_wilayah": "32.01.01.1001"
      }
    },
    {
      "type": "Feature",
      "geometry": {
        "type": "Point",
        "coordinates": [106.83569, -6.4911]
      },
      "properties": {
        "name": "KDMP Pakansari",
        "desa": "Pakansari",
        "kecamatan": "Cibinong",
        "kabupaten": "Bogor",
        "provinsi": "Jawa Barat",
        "kode_wilayah": "32.01.01.1007"
      }
    },
    {
      "type": "Feature",
      "geometry": {
        "type": "Point",
        "coordinates": [106.84966, -6.44693]
      },
      "properties": {
        "name": "KDMP Pabuaran Mekar",
        "desa": "Pabuaran Mekar",
        "kecamatan": "Cibinong",
        "kabupaten": "Bogor",
        "provinsi": "Jawa Barat",
        "kode_wilayah": "32.01.01.1013"
      }
    },
    {
      "type": "Feature",
      "geometry": {
        "type": "Point",
        "coordinates": [106.90972, -6.44669]
      },
      "properties": {
        "name": "KDMP Tlajung Udik",
        "desa": "Tlajung Udik",
        "kecamatan": "Gunung Putri",
        "kabupaten": "Bogor",
        "provinsi": "Jawa Barat",
        "kode_wilayah": "32.01.02.2006"
      }
    },
    {
      "type": "Feature",
      "geometry": {
        "type": "Point",
        "coordinates": [106.86843, -6.4924]
      },
      "properties": {
        "name": "KDMP Karang Asem Barat",
        "desa": "Karang Asem Barat",
        "kecamatan": "Citeureup",
        "kabupaten": "Bogor",
        "provinsi": "Jawa Barat",
        "kode_wilayah": "32.01.03.1007"
      }
    },
    {
      "type": "Feature",
      "geometry": {
        "type": "Point",
        "coordinates": [106.87822, -6.49865]
      },
      "properties": {
        "name": "KDMP Karang Asem Timur",
        "desa": "Karang Asem Timur",
        "kecamatan": "Citeureup",
        "kabupaten": "Bogor",
        "provinsi": "Jawa Barat",
        "kode_wilayah": "32.01.03.2008"
      }
    },
    {
      "type": "Feature",
      "geometry": {
        "type": "Point",
        "coordinates": [106.89862, -6.50773]
      },
      "properties": {
        "name": "KDMP Pasir Mukti",
        "desa": "Pasir Mukti",
        "kecamatan": "Citeureup",
        "kabupaten": "Bogor",
        "provinsi": "Jawa Barat",
        "kode_wilayah": "32.01.03.2014"
      }
    },
    {
      "type": "Feature",
      "geometry": {
        "type": "Point",
        "coordinates": [106.84203, -6.61001]
      },
      "properties": {
        "name": "KDMP Sukatani",
        "desa": "Sukatani",
        "kecamatan": "Sukaraja",
        "kabupaten": "Bogor",
        "provinsi": "Jawa Barat",
        "kode_wilayah": "32.01.04.2006"
      }
    },
    {
      "type": "Feature",
      "geometry": {
        "type": "Point",
        "coordinates": [106.83968, -6.57308]
      },
      "properties": {
        "name": "KDMP Cadasngampar",
        "desa": "Cadasngampar",
        "kecamatan": "Sukaraja",
        "kabupaten": "Bogor",
        "provinsi": "Jawa Barat",
        "kode_wilayah": "32.01.04.2012"
      }
    },
    {
      "type": "Feature",
      "geometry": {
        "type": "Point",
        "coordinates": [106.84665, -6.5579]
      },
      "properties": {
        "name": "KDMP Cipambuan",
        "desa": "Cipambuan",
        "kecamatan": "Babakan Madang",
        "kabupaten": "Bogor",
        "provinsi": "Jawa Barat",
        "kode_wilayah": "32.01.05.2005"
      }
    },
    {
      "type": "Feature",
      "geometry": {
        "type": "Point",
        "coordinates": [107.08711, -6.47108]
      },
      "properties": {
        "name": "KDMP Sirnagalih",
        "desa": "Sirnagalih",
        "kecamatan": "Jonggol",
        "kabupaten": "Bogor",
        "provinsi": "Jawa Barat",
        "kode_wilayah": "32.01.06.2002"
      }
    },
    {
      "type": "Feature",
      "geometry": {
        "type": "Point",
        "coordinates": [107.01901, -6.5005]
      },
      "properties": {
        "name": "KDMP Cibodas",
        "desa": "Cibodas",
        "kecamatan": "Jonggol",
        "kabupaten": "Bogor",
        "provinsi": "Jawa Barat",
        "kode_wilayah": "32.01.06.2008"
      }
    },
    {
      "type": "Feature",
      "geometry": {
        "type": "Point",
        "coordinates": [107.10883, -6.48073]
      },
      "properties": {
        "name": "KDMP Sukagalih",
        "desa": "Sukagalih",
        "kecamatan": "Jonggol",
        "kabupaten": "Bogor",
        "provinsi": "Jawa Barat",
        "kode_wilayah": "32.01.06.2014"
      }
    },
    {
      "type": "Feature",
      "geometry": {
        "type": "Point",
        "coordinates": [107.0474, -6.41493]
      },
      "properties": {
        "name": "KDMP Jatisari",
        "desa": "Jatisari",
        "kecamatan": "Cileungsi",
        "kabupaten": "Bogor",
        "provinsi": "Jawa Barat",
        "kode_wilayah": "32.01.07.2006"
      }
    },
    {
      "type": "Feature",
      "geometry": {
        "type": "Point",
        "coordinates": [106.9613, -6.39972]
      },
      "properties": {
        "name": "KDMP Cileungsi",
        "desa": "Cileungsi",
        "kecamatan": "Cileungsi",
        "kabupaten": "Bogor",
        "provinsi": "Jawa Barat",
        "kode_wilayah": "32.01.07.2012"
      }
    },
    {
      "type": "Feature",
      "geometry": {
        "type": "Point",
        "coordinates": [107.11154, -6.52599]
      },
      "properties": {
        "name": "KDMP Mekarwangi",
        "desa": "Mekarwangi",
        "kecamatan": "Cariu",
        "kabupaten": "Bogor",
        "provinsi": "Jawa Barat",
        "kode_wilayah": "32.01.08.2006"
      }
    },
    {
      "type": "Feature",
      "geometry": {
        "type": "Point",
        "coordinates": [106.96629, -6.54669]
      },
      "properties": {
        "name": "KDMP Pabuaran",
        "desa": "Pabuaran",
        "kecamatan": "Sukamakmur",
        "kabupaten": "Bogor",
        "provinsi": "Jawa Barat",
        "kode_wilayah": "32.01.09.2002"
      }
    },
    {
      "type": "Feature",
      "geometry": {
        "type": "Point",
        "coordinates": [107.04685, -6.60636]
      },
      "properties": {
        "name": "KDMP Sukaharja",
        "desa": "Sukaharja",
        "kecamatan": "Sukamakmur",
        "kabupaten": "Bogor",
        "provinsi": "Jawa Barat",
        "kode_wilayah": "32.01.09.2008"
      }
    },
    {
      "type": "Feature",
      "geometry": {
        "type": "Point",
        "coordinates": [106.72242, -6.42256]
      },
      "properties": {
        "name": "KDMP Waru",
        "desa": "Waru",
        "kecamatan": "Parung",
        "kabupaten": "Bogor",
        "provinsi": "Jawa Barat",
        "kode_wilayah": "32.01.10.2004"
      }
    },
    {
      "type": "Feature",
      "geometry": {
        "type": "Point",
        "coordinates": [106.70505, -6.40308]
      },
      "properties": {
        "name": "KDMP Cidokom",
        "desa": "Cidokom",
        "kecamatan": "Gunung Sindur",
        "kabupaten": "Bogor",
        "provinsi": "Jawa Barat",
        "kode_wilayah": "32.01.11.2001"
      }
    },
    {
      "type": "Feature",
      "geometry": {
        "type": "Point",
        "coordinates": [106.67996, -6.40414]
      },
      "properties": {
        "name": "KDMP Cibadung",
        "desa": "Cibadung",
        "kecamatan": "Gunung Sindur",
        "kabupaten": "Bogor",
        "provinsi": "Jawa Barat",
        "kode_wilayah": "32.01.11.2007"
      }
    },
    {
      "type": "Feature",
      "geometry": {
        "type": "Point",
        "coordinates": [106.76242, -6.52106]
      },
      "properties": {
        "name": "KDMP Parakanjaya",
        "desa": "Parakanjaya",
        "kecamatan": "Kemang",
        "kabupaten": "Bogor",
        "provinsi": "Jawa Barat",
        "kode_wilayah": "32.01.12.2002"
      }
    },
    {
      "type": "Feature",
      "geometry": {
        "type": "Point",
        "coordinates": [106.70441, -6.47954]
      },
      "properties": {
        "name": "KDMP Tegal",
        "desa": "Tegal",
        "kecamatan": "Kemang",
        "kabupaten": "Bogor",
        "provinsi": "Jawa Barat",
        "kode_wilayah": "32.01.12.2009"
      }
    },
    {
      "type": "Feature",
      "geometry": {
        "type": "Point",
        "coordinates": [106.79434, -6.49424]
      },
      "properties": {
        "name": "KDMP Kedungwaringin",
        "desa": "Kedungwaringin",
        "kecamatan": "Bojong Gede",
        "kabupaten": "Bogor",
        "provinsi": "Jawa Barat",
        "kode_wilayah": "32.01.13.2005"
      }
    },
    {
      "type": "Feature",
      "geometry": {
        "type": "Point",
        "coordinates": [106.61889, -6.63446]
      },
      "properties": {
        "name": "KDMP Karyasari",
        "desa": "Karyasari",
        "kecamatan": "Leuwiliang",
        "kabupaten": "Bogor",
        "provinsi": "Jawa Barat",
        "kode_wilayah": "32.01.14.2003"
      }
    },
    {
      "type": "Feature",
      "geometry": {
        "type": "Point",
        "coordinates": [106.61996, -6.57532]
      },
      "properties": {
        "name": "KDMP Cibeber I",
        "desa": "Cibeber I",
        "kecamatan": "Leuwiliang",
        "kabupaten": "Bogor",
        "provinsi": "Jawa Barat",
        "kode_wilayah": "32.01.14.2009"
      }
    },
    {
      "type": "Feature",
      "geometry": {
        "type": "Point",
        "coordinates": [106.71131, -6.57736]
      },
      "properties": {
        "name": "KDMP Bojongjengkol",
        "desa": "Bojongjengkol",
        "kecamatan": "Ciampea",
        "kabupaten": "Bogor",
        "provinsi": "Jawa Barat",
        "kode_wilayah": "32.01.15.2004"
      }
    },
    {
      "type": "Feature",
      "geometry": {
        "type": "Point",
        "coordinates": [106.71872, -6.56927]
      },
      "properties": {
        "name": "KDMP Cihideunghilir",
        "desa": "Cihideunghilir",
        "kecamatan": "Ciampea",
        "kabupaten": "Bogor",
        "provinsi": "Jawa Barat",
        "kode_wilayah": "32.01.15.2010"
      }
    },
    {
      "type": "Feature",
      "geometry": {
        "type": "Point",
        "coordinates": [106.64945, -6.58076]
      },
      "properties": {
        "name": "KDMP Cemplang",
        "desa": "Cemplang",
        "kecamatan": "Cibungbulang",
        "kabupaten": "Bogor",
        "provinsi": "Jawa Barat",
        "kode_wilayah": "32.01.16.2003"
      }
    },
    {
      "type": "Feature",
      "geometry": {
        "type": "Point",
        "coordinates": [106.65036, -6.56401]
      },
      "properties": {
        "name": "KDMP Dukuh",
        "desa": "Dukuh",
        "kecamatan": "Cibungbulang",
        "kabupaten": "Bogor",
        "provinsi": "Jawa Barat",
        "kode_wilayah": "32.01.16.2009"
      }
    },
    {
      "type": "Feature",
      "geometry": {
        "type": "Point",
        "coordinates": [106.67712, -6.57213]
      },
      "properties": {
        "name": "KDMP Girimulya",
        "desa": "Girimulya",
        "kecamatan": "Cibungbulang",
        "kabupaten": "Bogor",
        "provinsi": "Jawa Barat",
        "kode_wilayah": "32.01.16.2015"
      }
    },
    {
      "type": "Feature",
      "geometry": {
        "type": "Point",
        "coordinates": [106.65991, -6.63621]
      },
      "properties": {
        "name": "KDMP Pasarean",
        "desa": "Pasarean",
        "kecamatan": "Pamijahan",
        "kabupaten": "Bogor",
        "provinsi": "Jawa Barat",
        "kode_wilayah": "32.01.17.2006"
      }
    },
    {
      "type": "Feature",
      "geometry": {
        "type": "Point",
        "coordinates": [106.68271, -6.67297]
      },
      "properties": {
        "name": "KDMP Gunung Picung",
        "desa": "Gunung Picung",
        "kecamatan": "Pamijahan",
        "kabupaten": "Bogor",
        "provinsi": "Jawa Barat",
        "kode_wilayah": "32.01.17.2012"
      }
    },
    {
      "type": "Feature",
      "geometry": {
        "type": "Point",
        "coordinates": [106.67474, -6.52086]
      },
      "properties": {
        "name": "KDMP Cidokom",
        "desa": "Cidokom",
        "kecamatan": "Rumpin",
        "kabupaten": "Bogor",
        "provinsi": "Jawa Barat",
        "kode_wilayah": "32.01.18.2003"
      }
    },
    {
      "type": "Feature",
      "geometry": {
        "type": "Point",
        "coordinates": [106.63015, -6.42107]
      },
      "properties": {
        "name": "KDMP Sukasari",
        "desa": "Sukasari",
        "kecamatan": "Rumpin",
        "kabupaten": "Bogor",
        "provinsi": "Jawa Barat",
        "kode_wilayah": "32.01.18.2009"
      }
    },
    {
      "type": "Feature",
      "geometry": {
        "type": "Point",
        "coordinates": [106.42772, -6.502]
      },
      "properties": {
        "name": "KDMP Curug",
        "desa": "Curug",
        "kecamatan": "Jasinga",
        "kabupaten": "Bogor",
        "provinsi": "Jawa Barat",
        "kode_wilayah": "32.01.19.2001"
      }
    },
    {
      "type": "Feature",
      "geometry": {
        "type": "Point",
        "coordinates": [106.46649, -6.44257]
      },
      "properties": {
        "name": "KDMP Cikopomayak",
        "desa": "Cikopomayak",
        "kecamatan": "Jasinga",
        "kabupaten": "Bogor",
        "provinsi": "Jawa Barat",
        "kode_wilayah": "32.01.19.2007"
      }
    },
    {
      "type": "Feature",
      "geometry": {
        "type": "Point",
        "coordinates": [106.45669, -6.52543]
      },
      "properties": {
        "name": "KDMP Jugala Jaya",
        "desa": "Jugala Jaya",
        "kecamatan": "Jasinga",
        "kabupaten": "Bogor",
        "provinsi": "Jawa Barat",
        "kode_wilayah": "32.01.19.2013"
      }
    },
    {
      "type": "Feature",
      "geometry": {
        "type": "Point",
        "coordinates": [106.58711, -6.40988]
      },
      "properties": {
        "name": "KDMP Dago",
        "desa": "Dago",
        "kecamatan": "Parung Panjang",
        "kabupaten": "Bogor",
        "provinsi": "Jawa Barat",
        "kode_wilayah": "32.01.20.2003"
      }
    },
    {
      "type": "Feature",
      "geometry": {
        "type": "Point",
        "coordinates": [106.52685, -6.33576]
      },
      "properties": {
        "name": "KDMP Jagabita",
        "desa": "Jagabita",
        "kecamatan": "Parung Panjang",
        "kabupaten": "Bogor",
        "provinsi": "Jawa Barat",
        "kode_wilayah": "32.01.20.2009"
      }
    },
    {
      "type": "Feature",
      "geometry": {
        "type": "Point",
        "coordinates": [106.56598, -6.67161]
      },
      "properties": {
        "name": "KDMP Bantarkaret",
        "desa": "Bantarkaret",
        "kecamatan": "Nanggung",
        "kabupaten": "Bogor",
        "provinsi": "Jawa Barat",
        "kode_wilayah": "32.01.21.2004"
      }
    },
    {
      "type": "Feature",
      "geometry": {
        "type": "Point",
        "coordinates": [106.57064, -6.60255]
      },
      "properties": {
        "name": "KDMP Sukaluyu",
        "desa": "Sukaluyu",
        "kecamatan": "Nanggung",
        "kabupaten": "Bogor",
        "provinsi": "Jawa Barat",
        "kode_wilayah": "32.01.21.2010"
      }
    },
    {
      "type": "Feature",
      "geometry": {
        "type": "Point",
        "coordinates": [106.53344, -6.49424]
      },
      "properties": {
        "name": "KDMP Cintamanik",
        "desa": "Cintamanik",
        "kecamatan": "Cigudeg",
        "kabupaten": "Bogor",
        "provinsi": "Jawa Barat",
        "kode_wilayah": "32.01.22.2005"
      }
    },
    {
      "type": "Feature",
      "geometry": {
        "type": "Point",
        "coordinates": [106.5291, -6.58144]
      },
      "properties": {
        "name": "KDMP Sukaraksa",
        "desa": "Sukaraksa",
        "kecamatan": "Cigudeg",
        "kabupaten": "Bogor",
        "provinsi": "Jawa Barat",
        "kode_wilayah": "32.01.22.2011"
      }
    },
    {
      "type": "Feature",
      "geometry": {
        "type": "Point",
        "coordinates": [106.52385, -6.41931]
      },
      "properties": {
        "name": "KDMP Ciomas",
        "desa": "Ciomas",
        "kecamatan": "Tenjo",
        "kabupaten": "Bogor",
        "provinsi": "Jawa Barat",
        "kode_wilayah": "32.01.23.2002"
      }
    },
    {
      "type": "Feature",
      "geometry": {
        "type": "Point",
        "coordinates": [106.46444, -6.31454]
      },
      "properties": {
        "name": "KDMP Singabangsa",
        "desa": "Singabangsa",
        "kecamatan": "Tenjo",
        "kabupaten": "Bogor",
        "provinsi": "Jawa Barat",
        "kode_wilayah": "32.01.23.2008"
      }
    },
    {
      "type": "Feature",
      "geometry": {
        "type": "Point",
        "coordinates": [106.87522, -6.68361]
      },
      "properties": {
        "name": "KDMP Banjarsari",
        "desa": "Banjarsari",
        "kecamatan": "Ciawi",
        "kabupaten": "Bogor",
        "provinsi": "Jawa Barat",
        "kode_wilayah": "32.01.24.2005"
      }
    },
    {
      "type": "Feature",
      "geometry": {
        "type": "Point",
        "coordinates": [106.86098, -6.68449]
      },
      "properties": {
        "name": "KDMP Banjar Wangi",
        "desa": "Banjar Wangi",
        "kecamatan": "Ciawi",
        "kabupaten": "Bogor",
        "provinsi": "Jawa Barat",
        "kode_wilayah": "32.01.24.2011"
      }
    },
    {
      "type": "Feature",
      "geometry": {
        "type": "Point",
        "coordinates": [106.94398, -6.71309]
      },
      "properties": {
        "name": "KDMP Cibeureum",
        "desa": "Cibeureum",
        "kecamatan": "Cisarua",
        "kabupaten": "Bogor",
        "provinsi": "Jawa Barat",
        "kode_wilayah": "32.01.25.2003"
      }
    },
    {
      "type": "Feature",
      "geometry": {
        "type": "Point",
        "coordinates": [106.98006, -6.68198]
      },
      "properties": {
        "name": "KDMP Tugu Utara",
        "desa": "Tugu Utara",
        "kecamatan": "Cisarua",
        "kabupaten": "Bogor",
        "provinsi": "Jawa Barat",
        "kode_wilayah": "32.01.25.2009"
      }
    },
    {
      "type": "Feature",
      "geometry": {
        "type": "Point",
        "coordinates": [108.77737, -7.54976]
      },
      "properties": {
        "name": "KDMP Tambakreja",
        "desa": "Tambakreja",
        "kecamatan": "Kedungreja",
        "kabupaten": "Cilacap",
        "provinsi": "Jawa Tengah",
        "kode_wilayah": "33.01.01.2001"
      }
    },
    {
      "type": "Feature",
      "geometry": {
        "type": "Point",
        "coordinates": [108.75384, -7.5396]
      },
      "properties": {
        "name": "KDMP Sidanegara",
        "desa": "Sidanegara",
        "kecamatan": "Kedungreja",
        "kabupaten": "Cilacap",
        "provinsi": "Jawa Tengah",
        "kode_wilayah": "33.01.01.2007"
      }
    },
    {
      "type": "Feature",
      "geometry": {
        "type": "Point",
        "coordinates": [109.10865, -7.66497]
      },
      "properties": {
        "name": "KDMP Slarang",
        "desa": "Slarang",
        "kecamatan": "Kesugihan",
        "kabupaten": "Cilacap",
        "provinsi": "Jawa Tengah",
        "kode_wilayah": "33.01.02.2002"
      }
    },
    {
      "type": "Feature",
      "geometry": {
        "type": "Point",
        "coordinates": [109.07988, -7.61142]
      },
      "properties": {
        "name": "KDMP Planjan",
        "desa": "Planjan",
        "kecamatan": "Kesugihan",
        "kabupaten": "Cilacap",
        "provinsi": "Jawa Tengah",
        "kode_wilayah": "33.01.02.2008"
      }
    },
    {
      "type": "Feature",
      "geometry": {
        "type": "Point",
        "coordinates": [109.07812, -7.65464]
      },
      "properties": {
        "name": "KDMP Kuripan kidul",
        "desa": "Kuripan kidul",
        "kecamatan": "Kesugihan",
        "kabupaten": "Cilacap",
        "provinsi": "Jawa Tengah",
        "kode_wilayah": "33.01.02.2014"
      }
    },
    {
      "type": "Feature",
      "geometry": {
        "type": "Point",
        "coordinates": [109.17768, -7.68164]
      },
      "properties": {
        "name": "KDMP Karangbenda",
        "desa": "Karangbenda",
        "kecamatan": "Adipala",
        "kabupaten": "Cilacap",
        "provinsi": "Jawa Tengah",
        "kode_wilayah": "33.01.03.2004"
      }
    },
    {
      "type": "Feature",
      "geometry": {
        "type": "Point",
        "coordinates": [109.16155, -7.65142]
      },
      "properties": {
        "name": "KDMP Adireja kulon",
        "desa": "Adireja kulon",
        "kecamatan": "Adipala",
        "kabupaten": "Cilacap",
        "provinsi": "Jawa Tengah",
        "kode_wilayah": "33.01.03.2010"
      }
    },
    {
      "type": "Feature",
      "geometry": {
        "type": "Point",
        "coordinates": [109.11165, -7.66924]
      },
      "properties": {
        "name": "KDMP Gombolharjo",
        "desa": "Gombolharjo",
        "kecamatan": "Adipala",
        "kabupaten": "Cilacap",
        "provinsi": "Jawa Tengah",
        "kode_wilayah": "33.01.03.2016"
      }
    },
    {
      "type": "Feature",
      "geometry": {
        "type": "Point",
        "coordinates": [109.26398, -7.64926]
      },
      "properties": {
        "name": "KDMP Bangkal",
        "desa": "Bangkal",
        "kecamatan": "Binangun",
        "kabupaten": "Cilacap",
        "provinsi": "Jawa Tengah",
        "kode_wilayah": "33.01.04.2006"
      }
    },
    {
      "type": "Feature",
      "geometry": {
        "type": "Point",
        "coordinates": [109.31527, -7.69653]
      },
      "properties": {
        "name": "KDMP Pagubugan",
        "desa": "Pagubugan",
        "kecamatan": "Binangun",
        "kabupaten": "Cilacap",
        "provinsi": "Jawa Tengah",
        "kode_wilayah": "33.01.04.2012"
      }
    },
    {
      "type": "Feature",
      "geometry": {
        "type": "Point",
        "coordinates": [109.326, -7.68931]
      },
      "properties": {
        "name": "KDMP Karangtawang",
        "desa": "Karangtawang",
        "kecamatan": "Nusawungu",
        "kabupaten": "Cilacap",
        "provinsi": "Jawa Tengah",
        "kode_wilayah": "33.01.05.2001"
      }
    },
    {
      "type": "Feature",
      "geometry": {
        "type": "Point",
        "coordinates": [109.3561, -7.66009]
      },
      "properties": {
        "name": "KDMP Klumprit",
        "desa": "Klumprit",
        "kecamatan": "Nusawungu",
        "kabupaten": "Cilacap",
        "provinsi": "Jawa Tengah",
        "kode_wilayah": "33.01.05.2007"
      }
    },
    {
      "type": "Feature",
      "geometry": {
        "type": "Point",
        "coordinates": [109.31938, -7.64705]
      },
      "properties": {
        "name": "KDMP Danasri Kidul",
        "desa": "Danasri Kidul",
        "kecamatan": "Nusawungu",
        "kabupaten": "Cilacap",
        "provinsi": "Jawa Tengah",
        "kode_wilayah": "33.01.05.2013"
      }
    },
    {
      "type": "Feature",
      "geometry": {
        "type": "Point",
        "coordinates": [109.21238, -7.63632]
      },
      "properties": {
        "name": "KDMP Pekuncen",
        "desa": "Pekuncen",
        "kecamatan": "Kroya",
        "kabupaten": "Cilacap",
        "provinsi": "Jawa Tengah",
        "kode_wilayah": "33.01.06.2002"
      }
    },
    {
      "type": "Feature",
      "geometry": {
        "type": "Point",
        "coordinates": [109.28444, -7.63584]
      },
      "properties": {
        "name": "KDMP Mergawati",
        "desa": "Mergawati",
        "kecamatan": "Kroya",
        "kabupaten": "Cilacap",
        "provinsi": "Jawa Tengah",
        "kode_wilayah": "33.01.06.2008"
      }
    },
    {
      "type": "Feature",
      "geometry": {
        "type": "Point",
        "coordinates": [109.25803, -7.59249]
      },
      "properties": {
        "name": "KDMP Buntu",
        "desa": "Buntu",
        "kecamatan": "Kroya",
        "kabupaten": "Cilacap",
        "provinsi": "Jawa Tengah",
        "kode_wilayah": "33.01.06.2014"
      }
    },
    {
      "type": "Feature",
      "geometry": {
        "type": "Point",
        "coordinates": [109.15779, -7.61298]
      },
      "properties": {
        "name": "KDMP Maos kidul",
        "desa": "Maos kidul",
        "kecamatan": "Maos",
        "kabupaten": "Cilacap",
        "provinsi": "Jawa Tengah",
        "kode_wilayah": "33.01.07.2003"
      }
    },
    {
      "type": "Feature",
      "geometry": {
        "type": "Point",
        "coordinates": [109.14129, -7.6237]
      },
      "properties": {
        "name": "KDMP Karangreja",
        "desa": "Karangreja",
        "kecamatan": "Maos",
        "kabupaten": "Cilacap",
        "provinsi": "Jawa Tengah",
        "kode_wilayah": "33.01.07.2009"
      }
    },
    {
      "type": "Feature",
      "geometry": {
        "type": "Point",
        "coordinates": [109.01184, -7.60143]
      },
      "properties": {
        "name": "KDMP Jeruklegi kulon",
        "desa": "Jeruklegi kulon",
        "kecamatan": "Jeruklegi",
        "kabupaten": "Cilacap",
        "provinsi": "Jawa Tengah",
        "kode_wilayah": "33.01.08.2005"
      }
    },
    {
      "type": "Feature",
      "geometry": {
        "type": "Point",
        "coordinates": [108.98725, -7.58646]
      },
      "properties": {
        "name": "KDMP Sawangan",
        "desa": "Sawangan",
        "kecamatan": "Jeruklegi",
        "kabupaten": "Cilacap",
        "provinsi": "Jawa Tengah",
        "kode_wilayah": "33.01.08.2011"
      }
    },
    {
      "type": "Feature",
      "geometry": {
        "type": "Point",
        "coordinates": [108.95503, -7.62084]
      },
      "properties": {
        "name": "KDMP Kubangkangkung",
        "desa": "Kubangkangkung",
        "kecamatan": "Kawunganten",
        "kabupaten": "Cilacap",
        "provinsi": "Jawa Tengah",
        "kode_wilayah": "33.01.09.2004"
      }
    },
    {
      "type": "Feature",
      "geometry": {
        "type": "Point",
        "coordinates": [108.91455, -7.57458]
      },
      "properties": {
        "name": "KDMP Kawunganten lor",
        "desa": "Kawunganten lor",
        "kecamatan": "Kawunganten",
        "kabupaten": "Cilacap",
        "provinsi": "Jawa Tengah",
        "kode_wilayah": "33.01.09.2010"
      }
    },
    {
      "type": "Feature",
      "geometry": {
        "type": "Point",
        "coordinates": [108.84702, -7.48084]
      },
      "properties": {
        "name": "KDMP Karanganyar",
        "desa": "Karanganyar",
        "kecamatan": "Gandrungmangu",
        "kabupaten": "Cilacap",
        "provinsi": "Jawa Tengah",
        "kode_wilayah": "33.01.10.2004"
      }
    },
    {
      "type": "Feature",
      "geometry": {
        "type": "Point",
        "coordinates": [108.8586, -7.55378]
      },
      "properties": {
        "name": "KDMP Layansari",
        "desa": "Layansari",
        "kecamatan": "Gandrungmangu",
        "kabupaten": "Cilacap",
        "provinsi": "Jawa Tengah",
        "kode_wilayah": "33.01.10.2010"
      }
    },
    {
      "type": "Feature",
      "geometry": {
        "type": "Point",
        "coordinates": [108.79333, -7.47511]
      },
      "properties": {
        "name": "KDMP Sidareja",
        "desa": "Sidareja",
        "kecamatan": "Sidareja",
        "kabupaten": "Cilacap",
        "provinsi": "Jawa Tengah",
        "kode_wilayah": "33.01.11.2002"
      }
    },
    {
      "type": "Feature",
      "geometry": {
        "type": "Point",
        "coordinates": [108.74972, -7.47352]
      },
      "properties": {
        "name": "KDMP Margasari",
        "desa": "Margasari",
        "kecamatan": "Sidareja",
        "kabupaten": "Cilacap",
        "provinsi": "Jawa Tengah",
        "kode_wilayah": "33.01.11.2008"
      }
    },
    {
      "type": "Feature",
      "geometry": {
        "type": "Point",
        "coordinates": [108.90726, -7.43682]
      },
      "properties": {
        "name": "KDMP Sindangbarang",
        "desa": "Sindangbarang",
        "kecamatan": "Karangpucung",
        "kabupaten": "Cilacap",
        "provinsi": "Jawa Tengah",
        "kode_wilayah": "33.01.12.2004"
      }
    },
    {
      "type": "Feature",
      "geometry": {
        "type": "Point",
        "coordinates": [108.8953, -7.33557]
      },
      "properties": {
        "name": "KDMP Babakan",
        "desa": "Babakan",
        "kecamatan": "Karangpucung",
        "kabupaten": "Cilacap",
        "provinsi": "Jawa Tengah",
        "kode_wilayah": "33.01.12.2010"
      }
    },
    {
      "type": "Feature",
      "geometry": {
        "type": "Point",
        "coordinates": [108.85777, -7.34228]
      },
      "properties": {
        "name": "KDMP Bantarmangu",
        "desa": "Bantarmangu",
        "kecamatan": "Cimanggu",
        "kabupaten": "Cilacap",
        "provinsi": "Jawa Tengah",
        "kode_wilayah": "33.01.13.2002"
      }
    },
    {
      "type": "Feature",
      "geometry": {
        "type": "Point",
        "coordinates": [108.87074, -7.30946]
      },
      "properties": {
        "name": "KDMP Cibalung",
        "desa": "Cibalung",
        "kecamatan": "Cimanggu",
        "kabupaten": "Cilacap",
        "provinsi": "Jawa Tengah",
        "kode_wilayah": "33.01.13.2008"
      }
    },
    {
      "type": "Feature",
      "geometry": {
        "type": "Point",
        "coordinates": [108.80472, -7.31828]
      },
      "properties": {
        "name": "KDMP Rejodadi",
        "desa": "Rejodadi",
        "kecamatan": "Cimanggu",
        "kabupaten": "Cilacap",
        "provinsi": "Jawa Tengah",
        "kode_wilayah": "33.01.13.2014"
      }
    },
    {
      "type": "Feature",
      "geometry": {
        "type": "Point",
        "coordinates": [108.76953, -7.29871]
      },
      "properties": {
        "name": "KDMP Sindangsari",
        "desa": "Sindangsari",
        "kecamatan": "Majenang",
        "kabupaten": "Cilacap",
        "provinsi": "Jawa Tengah",
        "kode_wilayah": "33.01.14.2005"
      }
    },
    {
      "type": "Feature",
      "geometry": {
        "type": "Point",
        "coordinates": [108.73955, -7.2449]
      },
      "properties": {
        "name": "KDMP Sepatnunggal",
        "desa": "Sepatnunggal",
        "kecamatan": "Majenang",
        "kabupaten": "Cilacap",
        "provinsi": "Jawa Tengah",
        "kode_wilayah": "33.01.14.2011"
      }
    },
    {
      "type": "Feature",
      "geometry": {
        "type": "Point",
        "coordinates": [108.76336, -7.32566]
      },
      "properties": {
        "name": "KDMP Mulyasari",
        "desa": "Mulyasari",
        "kecamatan": "Majenang",
        "kabupaten": "Cilacap",
        "provinsi": "Jawa Tengah",
        "kode_wilayah": "33.01.14.2017"
      }
    },
    {
      "type": "Feature",
      "geometry": {
        "type": "Point",
        "coordinates": [108.66897, -7.29335]
      },
      "properties": {
        "name": "KDMP Majingklak",
        "desa": "Majingklak",
        "kecamatan": "Wanareja",
        "kabupaten": "Cilacap",
        "provinsi": "Jawa Tengah",
        "kode_wilayah": "33.01.15.2006"
      }
    },
    {
      "type": "Feature",
      "geometry": {
        "type": "Point",
        "coordinates": [108.7132, -7.34674]
      },
      "properties": {
        "name": "KDMP Adimulya",
        "desa": "Adimulya",
        "kecamatan": "Wanareja",
        "kabupaten": "Cilacap",
        "provinsi": "Jawa Tengah",
        "kode_wilayah": "33.01.15.2012"
      }
    },
    {
      "type": "Feature",
      "geometry": {
        "type": "Point",
        "coordinates": [108.58064, -7.27426]
      },
      "properties": {
        "name": "KDMP Matenggeng",
        "desa": "Matenggeng",
        "kecamatan": "Dayeuhluhur",
        "kabupaten": "Cilacap",
        "provinsi": "Jawa Tengah",
        "kode_wilayah": "33.01.16.2002"
      }
    },
    {
      "type": "Feature",
      "geometry": {
        "type": "Point",
        "coordinates": [108.5844, -7.20216]
      },
      "properties": {
        "name": "KDMP Bolang",
        "desa": "Bolang",
        "kecamatan": "Dayeuhluhur",
        "kabupaten": "Cilacap",
        "provinsi": "Jawa Tengah",
        "kode_wilayah": "33.01.16.2008"
      }
    },
    {
      "type": "Feature",
      "geometry": {
        "type": "Point",
        "coordinates": [108.60131, -7.31513]
      },
      "properties": {
        "name": "KDMP Panulisan Timur",
        "desa": "Panulisan Timur",
        "kecamatan": "Dayeuhluhur",
        "kabupaten": "Cilacap",
        "provinsi": "Jawa Tengah",
        "kode_wilayah": "33.01.16.2014"
      }
    },
    {
      "type": "Feature",
      "geometry": {
        "type": "Point",
        "coordinates": [109.19508, -7.59826]
      },
      "properties": {
        "name": "KDMP Ketanggung",
        "desa": "Ketanggung",
        "kecamatan": "Sampang",
        "kabupaten": "Cilacap",
        "provinsi": "Jawa Tengah",
        "kode_wilayah": "33.01.17.2006"
      }
    },
    {
      "type": "Feature",
      "geometry": {
        "type": "Point",
        "coordinates": [108.78587, -7.43129]
      },
      "properties": {
        "name": "KDMP Segaralangu",
        "desa": "Segaralangu",
        "kecamatan": "Cipari",
        "kabupaten": "Cilacap",
        "provinsi": "Jawa Tengah",
        "kode_wilayah": "33.01.18.2002"
      }
    },
    {
      "type": "Feature",
      "geometry": {
        "type": "Point",
        "coordinates": [108.7542, -7.37896]
      },
      "properties": {
        "name": "KDMP Mekarsari",
        "desa": "Mekarsari",
        "kecamatan": "Cipari",
        "kabupaten": "Cilacap",
        "provinsi": "Jawa Tengah",
        "kode_wilayah": "33.01.18.2008"
      }
    },
    {
      "type": "Feature",
      "geometry": {
        "type": "Point",
        "coordinates": [108.75297, -7.61257]
      },
      "properties": {
        "name": "KDMP Sidamukti",
        "desa": "Sidamukti",
        "kecamatan": "Patimuan",
        "kabupaten": "Cilacap",
        "provinsi": "Jawa Tengah",
        "kode_wilayah": "33.01.19.2003"
      }
    },
    {
      "type": "Feature",
      "geometry": {
        "type": "Point",
        "coordinates": [108.8643, -7.57996]
      },
      "properties": {
        "name": "KDMP Bantarsari",
        "desa": "Bantarsari",
        "kecamatan": "Bantarsari",
        "kabupaten": "Cilacap",
        "provinsi": "Jawa Tengah",
        "kode_wilayah": "33.01.20.2002"
      }
    },
    {
      "type": "Feature",
      "geometry": {
        "type": "Point",
        "coordinates": [108.89997, -7.53394]
      },
      "properties": {
        "name": "KDMP Bulaksari",
        "desa": "Bulaksari",
        "kecamatan": "Bantarsari",
        "kabupaten": "Cilacap",
        "provinsi": "Jawa Tengah",
        "kode_wilayah": "33.01.20.2008"
      }
    },
    {
      "type": "Feature",
      "geometry": {
        "type": "Point",
        "coordinates": [109.00447, -7.69357]
      },
      "properties": {
        "name": "KDMP Lomanis",
        "desa": "Lomanis",
        "kecamatan": "Cilacap tengah",
        "kabupaten": "Cilacap",
        "provinsi": "Jawa Tengah",
        "kode_wilayah": "33.01.22.1001"
      }
    },
    {
      "type": "Feature",
      "geometry": {
        "type": "Point",
        "coordinates": [109.04681, -7.68384]
      },
      "properties": {
        "name": "KDMP Gumilir",
        "desa": "Gumilir",
        "kecamatan": "Cilacap utara",
        "kabupaten": "Cilacap",
        "provinsi": "Jawa Tengah",
        "kode_wilayah": "33.01.23.1002"
      }
    },
    {
      "type": "Feature",
      "geometry": {
        "type": "Point",
        "coordinates": [108.86193, -7.64382]
      },
      "properties": {
        "name": "KDMP Panikel",
        "desa": "Panikel",
        "kecamatan": "Kampung laut",
        "kabupaten": "Cilacap",
        "provinsi": "Jawa Tengah",
        "kode_wilayah": "33.01.24.2003"
      }
    },
    {
      "type": "Feature",
      "geometry": {
        "type": "Point",
        "coordinates": [108.99295, -7.47632]
      },
      "properties": {
        "name": "KDMP Karanggayam",
        "desa": "Karanggayam",
        "kecamatan": "Lumbir",
        "kabupaten": "Banyumas",
        "provinsi": "Jawa Tengah",
        "kode_wilayah": "33.02.01.2005"
      }
    },
    {
      "type": "Feature",
      "geometry": {
        "type": "Point",
        "coordinates": [109.02812, -7.53539]
      },
      "properties": {
        "name": "KDMP Randegan",
        "desa": "Randegan",
        "kecamatan": "Wangon",
        "kabupaten": "Banyumas",
        "provinsi": "Jawa Tengah",
        "kode_wilayah": "33.02.02.2001"
      }
    },
    {
      "type": "Feature",
      "geometry": {
        "type": "Point",
        "coordinates": [110.02831, -7.89177]
      },
      "properties": {
        "name": "KDMP Jangkaran",
        "desa": "Jangkaran",
        "kecamatan": "Temon",
        "kabupaten": "Kulon Progo",
        "provinsi": "Daerah Istimewa Yogyakarta",
        "kode_wilayah": "34.01.01.2001"
      }
    },
    {
      "type": "Feature",
      "geometry": {
        "type": "Point",
        "coordinates": [110.10414, -7.8872]
      },
      "properties": {
        "name": "KDMP Kedundang",
        "desa": "Kedundang",
        "kecamatan": "Temon",
        "kabupaten": "Kulon Progo",
        "provinsi": "Daerah Istimewa Yogyakarta",
        "kode_wilayah": "34.01.01.2007"
      }
    },
    {
      "type": "Feature",
      "geometry": {
        "type": "Point",
        "coordinates": [110.07032, -7.88511]
      },
      "properties": {
        "name": "KDMP Kebonrejo",
        "desa": "Kebonrejo",
        "kecamatan": "Temon",
        "kabupaten": "Kulon Progo",
        "provinsi": "Daerah Istimewa Yogyakarta",
        "kode_wilayah": "34.01.01.2013"
      }
    },
    {
      "type": "Feature",
      "geometry": {
        "type": "Point",
        "coordinates": [110.12083, -7.89922]
      },
      "properties": {
        "name": "KDMP Kulwaru",
        "desa": "Kulwaru",
        "kecamatan": "Wates",
        "kabupaten": "Kulon Progo",
        "provinsi": "Daerah Istimewa Yogyakarta",
        "kode_wilayah": "34.01.02.2003"
      }
    },
    {
      "type": "Feature",
      "geometry": {
        "type": "Point",
        "coordinates": [110.14162, -7.93637]
      },
      "properties": {
        "name": "KDMP Pleret",
        "desa": "Pleret",
        "kecamatan": "Panjatan",
        "kabupaten": "Kulon Progo",
        "provinsi": "Daerah Istimewa Yogyakarta",
        "kode_wilayah": "34.01.03.2002"
      }
    },
    {
      "type": "Feature",
      "geometry": {
        "type": "Point",
        "coordinates": [110.16602, -7.89521]
      },
      "properties": {
        "name": "KDMP Gotakan",
        "desa": "Gotakan",
        "kecamatan": "Panjatan",
        "kabupaten": "Kulon Progo",
        "provinsi": "Daerah Istimewa Yogyakarta",
        "kode_wilayah": "34.01.03.2008"
      }
    },
    {
      "type": "Feature",
      "geometry": {
        "type": "Point",
        "coordinates": [110.21163, -7.95511]
      },
      "properties": {
        "name": "KDMP Nomporejo",
        "desa": "Nomporejo",
        "kecamatan": "Galur",
        "kabupaten": "Kulon Progo",
        "provinsi": "Daerah Istimewa Yogyakarta",
        "kode_wilayah": "34.01.04.2003"
      }
    },
    {
      "type": "Feature",
      "geometry": {
        "type": "Point",
        "coordinates": [110.20458, -7.91767]
      },
      "properties": {
        "name": "KDMP Bumirejo",
        "desa": "Bumirejo",
        "kecamatan": "Lendah",
        "kabupaten": "Kulon Progo",
        "provinsi": "Daerah Istimewa Yogyakarta",
        "kode_wilayah": "34.01.05.2002"
      }
    },
    {
      "type": "Feature",
      "geometry": {
        "type": "Point",
        "coordinates": [110.21829, -7.89298]
      },
      "properties": {
        "name": "KDMP Srikayangan",
        "desa": "Srikayangan",
        "kecamatan": "Sentolo",
        "kabupaten": "Kulon Progo",
        "provinsi": "Daerah Istimewa Yogyakarta",
        "kode_wilayah": "34.01.06.2002"
      }
    },
    {
      "type": "Feature",
      "geometry": {
        "type": "Point",
        "coordinates": [110.22136, -7.81712]
      },
      "properties": {
        "name": "KDMP Banguncipto",
        "desa": "Banguncipto",
        "kecamatan": "Sentolo",
        "kabupaten": "Kulon Progo",
        "provinsi": "Daerah Istimewa Yogyakarta",
        "kode_wilayah": "34.01.06.2008"
      }
    },
    {
      "type": "Feature",
      "geometry": {
        "type": "Point",
        "coordinates": [110.15185, -7.82064]
      },
      "properties": {
        "name": "KDMP Sendangsari",
        "desa": "Sendangsari",
        "kecamatan": "Pengasih",
        "kabupaten": "Kulon Progo",
        "provinsi": "Daerah Istimewa Yogyakarta",
        "kode_wilayah": "34.01.07.2006"
      }
    },
    {
      "type": "Feature",
      "geometry": {
        "type": "Point",
        "coordinates": [110.11084, -7.79885]
      },
      "properties": {
        "name": "KDMP Hargotirto",
        "desa": "Hargotirto",
        "kecamatan": "Kokap",
        "kabupaten": "Kulon Progo",
        "provinsi": "Daerah Istimewa Yogyakarta",
        "kode_wilayah": "34.01.08.2005"
      }
    },
    {
      "type": "Feature",
      "geometry": {
        "type": "Point",
        "coordinates": [110.19918, -7.80861]
      },
      "properties": {
        "name": "KDMP Donomulyo",
        "desa": "Donomulyo",
        "kecamatan": "Nanggulan",
        "kabupaten": "Kulon Progo",
        "provinsi": "Daerah Istimewa Yogyakarta",
        "kode_wilayah": "34.01.10.2002"
      }
    },
    {
      "type": "Feature",
      "geometry": {
        "type": "Point",
        "coordinates": [110.15985, -7.69875]
      },
      "properties": {
        "name": "KDMP Banjarsari",
        "desa": "Banjarsari",
        "kecamatan": "Samigaluh",
        "kabupaten": "Kulon Progo",
        "provinsi": "Daerah Istimewa Yogyakarta",
        "kode_wilayah": "34.01.11.2002"
      }
    },
    {
      "type": "Feature",
      "geometry": {
        "type": "Point",
        "coordinates": [110.20833, -7.71042]
      },
      "properties": {
        "name": "KDMP Banjararum",
        "desa": "Banjararum",
        "kecamatan": "Kalibawang",
        "kabupaten": "Kulon Progo",
        "provinsi": "Daerah Istimewa Yogyakarta",
        "kode_wilayah": "34.01.12.2001"
      }
    },
    {
      "type": "Feature",
      "geometry": {
        "type": "Point",
        "coordinates": [110.25407, -7.97548]
      },
      "properties": {
        "name": "KDMP Gadingsari",
        "desa": "Gadingsari",
        "kecamatan": "Sanden",
        "kabupaten": "Bantul",
        "provinsi": "Daerah Istimewa Yogyakarta",
        "kode_wilayah": "34.02.02.2001"
      }
    },
    {
      "type": "Feature",
      "geometry": {
        "type": "Point",
        "coordinates": [110.31088, -7.98126]
      },
      "properties": {
        "name": "KDMP Donotirto",
        "desa": "Donotirto",
        "kecamatan": "Kretek",
        "kabupaten": "Bantul",
        "provinsi": "Daerah Istimewa Yogyakarta",
        "kode_wilayah": "34.02.03.2003"
      }
    },
    {
      "type": "Feature",
      "geometry": {
        "type": "Point",
        "coordinates": [110.30139, -7.95766]
      },
      "properties": {
        "name": "KDMP Sidomulyo",
        "desa": "Sidomulyo",
        "kecamatan": "Bambanglipuro",
        "kabupaten": "Bantul",
        "provinsi": "Daerah Istimewa Yogyakarta",
        "kode_wilayah": "34.02.05.2001"
      }
    },
    {
      "type": "Feature",
      "geometry": {
        "type": "Point",
        "coordinates": [110.29364, -7.90578]
      },
      "properties": {
        "name": "KDMP Wijirejo",
        "desa": "Wijirejo",
        "kecamatan": "Pandak",
        "kabupaten": "Bantul",
        "provinsi": "Daerah Istimewa Yogyakarta",
        "kode_wilayah": "34.02.06.2004"
      }
    },
    {
      "type": "Feature",
      "geometry": {
        "type": "Point",
        "coordinates": [110.33242, -7.88252]
      },
      "properties": {
        "name": "KDMP Bantul",
        "desa": "Bantul",
        "kecamatan": "Bantul",
        "kabupaten": "Bantul",
        "provinsi": "Daerah Istimewa Yogyakarta",
        "kode_wilayah": "34.02.08.2003"
      }
    },
    {
      "type": "Feature",
      "geometry": {
        "type": "Point",
        "coordinates": [110.38119, -7.88774]
      },
      "properties": {
        "name": "KDMP Trimulyo",
        "desa": "Trimulyo",
        "kecamatan": "Jetis",
        "kabupaten": "Bantul",
        "provinsi": "Daerah Istimewa Yogyakarta",
        "kode_wilayah": "34.02.09.2004"
      }
    },
    {
      "type": "Feature",
      "geometry": {
        "type": "Point",
        "coordinates": [110.39198, -7.92676]
      },
      "properties": {
        "name": "KDMP Girirejo",
        "desa": "Girirejo",
        "kecamatan": "Imogiri",
        "kabupaten": "Bantul",
        "provinsi": "Daerah Istimewa Yogyakarta",
        "kode_wilayah": "34.02.10.2006"
      }
    },
    {
      "type": "Feature",
      "geometry": {
        "type": "Point",
        "coordinates": [110.46721, -7.92501]
      },
      "properties": {
        "name": "KDMP Temuwuh",
        "desa": "Temuwuh",
        "kecamatan": "Dlingo",
        "kabupaten": "Bantul",
        "provinsi": "Daerah Istimewa Yogyakarta",
        "kode_wilayah": "34.02.11.2004"
      }
    },
    {
      "type": "Feature",
      "geometry": {
        "type": "Point",
        "coordinates": [110.40029, -7.83903]
      },
      "properties": {
        "name": "KDMP Singosaren",
        "desa": "Singosaren",
        "kecamatan": "Banguntapan",
        "kabupaten": "Bantul",
        "provinsi": "Daerah Istimewa Yogyakarta",
        "kode_wilayah": "34.02.12.2004"
      }
    },
    {
      "type": "Feature",
      "geometry": {
        "type": "Point",
        "coordinates": [110.4093, -7.86745]
      },
      "properties": {
        "name": "KDMP Pleret",
        "desa": "Pleret",
        "kecamatan": "Pleret",
        "kabupaten": "Bantul",
        "provinsi": "Daerah Istimewa Yogyakarta",
        "kode_wilayah": "34.02.13.2002"
      }
    },
    {
      "type": "Feature",
      "geometry": {
        "type": "Point",
        "coordinates": [110.49563, -7.83241]
      },
      "properties": {
        "name": "KDMP Srimartani",
        "desa": "Srimartani",
        "kecamatan": "Piyungan",
        "kabupaten": "Bantul",
        "provinsi": "Daerah Istimewa Yogyakarta",
        "kode_wilayah": "34.02.14.2003"
      }
    },
    {
      "type": "Feature",
      "geometry": {
        "type": "Point",
        "coordinates": [110.34017, -7.82816]
      },
      "properties": {
        "name": "KDMP Tirtonirmolo",
        "desa": "Tirtonirmolo",
        "kecamatan": "Kasihan",
        "kabupaten": "Bantul",
        "provinsi": "Daerah Istimewa Yogyakarta",
        "kode_wilayah": "34.02.16.2002"
      }
    },
    {
      "type": "Feature",
      "geometry": {
        "type": "Point",
        "coordinates": [110.27661, -7.8111]
      },
      "properties": {
        "name": "KDMP Argomulyo",
        "desa": "Argomulyo",
        "kecamatan": "Sedayu",
        "kabupaten": "Bantul",
        "provinsi": "Daerah Istimewa Yogyakarta",
        "kode_wilayah": "34.02.17.2004"
      }
    },
    {
      "type": "Feature",
      "geometry": {
        "type": "Point",
        "coordinates": [110.62154, -7.97052]
      },
      "properties": {
        "name": "KDMP Selang",
        "desa": "Selang",
        "kecamatan": "Wonosari",
        "kabupaten": "Gunungkidul",
        "provinsi": "Daerah Istimewa Yogyakarta",
        "kode_wilayah": "34.03.01.2006"
      }
    },
    {
      "type": "Feature",
      "geometry": {
        "type": "Point",
        "coordinates": [110.58681, -8.03388]
      },
      "properties": {
        "name": "KDMP Mulo",
        "desa": "Mulo",
        "kecamatan": "Wonosari",
        "kabupaten": "Gunungkidul",
        "provinsi": "Daerah Istimewa Yogyakarta",
        "kode_wilayah": "34.03.01.2012"
      }
    },
    {
      "type": "Feature",
      "geometry": {
        "type": "Point",
        "coordinates": [110.60451, -7.87436]
      },
      "properties": {
        "name": "KDMP Pengkol",
        "desa": "Pengkol",
        "kecamatan": "Nglipar",
        "kabupaten": "Gunungkidul",
        "provinsi": "Daerah Istimewa Yogyakarta",
        "kode_wilayah": "34.03.02.2004"
      }
    },
    {
      "type": "Feature",
      "geometry": {
        "type": "Point",
        "coordinates": [110.50039, -7.95712]
      },
      "properties": {
        "name": "KDMP Bleberan",
        "desa": "Bleberan",
        "kecamatan": "Playen",
        "kabupaten": "Gunungkidul",
        "provinsi": "Daerah Istimewa Yogyakarta",
        "kode_wilayah": "34.03.03.2003"
      }
    },
    {
      "type": "Feature",
      "geometry": {
        "type": "Point",
        "coordinates": [110.56575, -7.93004]
      },
      "properties": {
        "name": "KDMP Bandung",
        "desa": "Bandung",
        "kecamatan": "Playen",
        "kabupaten": "Gunungkidul",
        "provinsi": "Daerah Istimewa Yogyakarta",
        "kode_wilayah": "34.03.03.2009"
      }
    },
    {
      "type": "Feature",
      "geometry": {
        "type": "Point",
        "coordinates": [110.51488, -7.87479]
      },
      "properties": {
        "name": "KDMP Beji",
        "desa": "Beji",
        "kecamatan": "Patuk",
        "kabupaten": "Gunungkidul",
        "provinsi": "Daerah Istimewa Yogyakarta",
        "kode_wilayah": "34.03.04.2002"
      }
    },
    {
      "type": "Feature",
      "geometry": {
        "type": "Point",
        "coordinates": [110.53499, -7.85143]
      },
      "properties": {
        "name": "KDMP Nglanggeran",
        "desa": "Nglanggeran",
        "kecamatan": "Patuk",
        "kabupaten": "Gunungkidul",
        "provinsi": "Daerah Istimewa Yogyakarta",
        "kode_wilayah": "34.03.04.2008"
      }
    },
    {
      "type": "Feature",
      "geometry": {
        "type": "Point",
        "coordinates": [110.53115, -7.9892]
      },
      "properties": {
        "name": "KDMP Grogol",
        "desa": "Grogol",
        "kecamatan": "Paliyan",
        "kabupaten": "Gunungkidul",
        "provinsi": "Daerah Istimewa Yogyakarta",
        "kode_wilayah": "34.03.05.2003"
      }
    },
    {
      "type": "Feature",
      "geometry": {
        "type": "Point",
        "coordinates": [110.46285, -8.04206]
      },
      "properties": {
        "name": "KDMP Girisekar",
        "desa": "Girisekar",
        "kecamatan": "Panggang",
        "kabupaten": "Gunungkidul",
        "provinsi": "Daerah Istimewa Yogyakarta",
        "kode_wilayah": "34.03.06.2002"
      }
    },
    {
      "type": "Feature",
      "geometry": {
        "type": "Point",
        "coordinates": [110.64892, -8.08828]
      },
      "properties": {
        "name": "KDMP Sumberwungu",
        "desa": "Sumberwungu",
        "kecamatan": "Tepus",
        "kabupaten": "Gunungkidul",
        "provinsi": "Daerah Istimewa Yogyakarta",
        "kode_wilayah": "34.03.07.2002"
      }
    },
    {
      "type": "Feature",
      "geometry": {
        "type": "Point",
        "coordinates": [110.61111, -8.022]
      },
      "properties": {
        "name": "KDMP Pacarejo",
        "desa": "Pacarejo",
        "kecamatan": "Semanu",
        "kabupaten": "Gunungkidul",
        "provinsi": "Daerah Istimewa Yogyakarta",
        "kode_wilayah": "34.03.08.2003"
      }
    },
    {
      "type": "Feature",
      "geometry": {
        "type": "Point",
        "coordinates": [110.65842, -7.96988]
      },
      "properties": {
        "name": "KDMP Kelor",
        "desa": "Kelor",
        "kecamatan": "Karangmojo",
        "kabupaten": "Gunungkidul",
        "provinsi": "Daerah Istimewa Yogyakarta",
        "kode_wilayah": "34.03.09.2004"
      }
    },
    {
      "type": "Feature",
      "geometry": {
        "type": "Point",
        "coordinates": [110.71822, -7.92315]
      },
      "properties": {
        "name": "KDMP Umbulrejo",
        "desa": "Umbulrejo",
        "kecamatan": "Ponjong",
        "kabupaten": "Gunungkidul",
        "provinsi": "Daerah Istimewa Yogyakarta",
        "kode_wilayah": "34.03.10.2001"
      }
    },
    {
      "type": "Feature",
      "geometry": {
        "type": "Point",
        "coordinates": [110.71342, -7.98593]
      },
      "properties": {
        "name": "KDMP Ponjong",
        "desa": "Ponjong",
        "kecamatan": "Ponjong",
        "kabupaten": "Gunungkidul",
        "provinsi": "Daerah Istimewa Yogyakarta",
        "kode_wilayah": "34.03.10.2007"
      }
    },
    {
      "type": "Feature",
      "geometry": {
        "type": "Point",
        "coordinates": [110.74429, -8.10703]
      },
      "properties": {
        "name": "KDMP Pringombo",
        "desa": "Pringombo",
        "kecamatan": "Rongkop",
        "kabupaten": "Gunungkidul",
        "provinsi": "Daerah Istimewa Yogyakarta",
        "kode_wilayah": "34.03.11.2002"
      }
    },
    {
      "type": "Feature",
      "geometry": {
        "type": "Point",
        "coordinates": [110.75707, -8.05592]
      },
      "properties": {
        "name": "KDMP Karangwuni",
        "desa": "Karangwuni",
        "kecamatan": "Rongkop",
        "kabupaten": "Gunungkidul",
        "provinsi": "Daerah Istimewa Yogyakarta",
        "kode_wilayah": "34.03.11.2008"
      }
    },
    {
      "type": "Feature",
      "geometry": {
        "type": "Point",
        "coordinates": [110.76134, -7.82909]
      },
      "properties": {
        "name": "KDMP Candirejo",
        "desa": "Candirejo",
        "kecamatan": "Semin",
        "kabupaten": "Gunungkidul",
        "provinsi": "Daerah Istimewa Yogyakarta",
        "kode_wilayah": "34.03.12.2006"
      }
    },
    {
      "type": "Feature",
      "geometry": {
        "type": "Point",
        "coordinates": [110.72163, -7.81536]
      },
      "properties": {
        "name": "KDMP Sambirejo",
        "desa": "Sambirejo",
        "kecamatan": "Ngawen",
        "kabupaten": "Gunungkidul",
        "provinsi": "Daerah Istimewa Yogyakarta",
        "kode_wilayah": "34.03.13.2002"
      }
    },
    {
      "type": "Feature",
      "geometry": {
        "type": "Point",
        "coordinates": [110.61941, -7.82282]
      },
      "properties": {
        "name": "KDMP Mertelu",
        "desa": "Mertelu",
        "kecamatan": "Gedangsari",
        "kabupaten": "Gunungkidul",
        "provinsi": "Daerah Istimewa Yogyakarta",
        "kode_wilayah": "34.03.14.2002"
      }
    },
    {
      "type": "Feature",
      "geometry": {
        "type": "Point",
        "coordinates": [110.48273, -8.09638]
      },
      "properties": {
        "name": "KDMP Krambilsawit",
        "desa": "Krambilsawit",
        "kecamatan": "Saptosari",
        "kabupaten": "Gunungkidul",
        "provinsi": "Daerah Istimewa Yogyakarta",
        "kode_wilayah": "34.03.15.2001"
      }
    },
    {
      "type": "Feature",
      "geometry": {
        "type": "Point",
        "coordinates": [110.53908, -8.08671]
      },
      "properties": {
        "name": "KDMP Planjan",
        "desa": "Planjan",
        "kecamatan": "Saptosari",
        "kabupaten": "Gunungkidul",
        "provinsi": "Daerah Istimewa Yogyakarta",
        "kode_wilayah": "34.03.15.2007"
      }
    },
    {
      "type": "Feature",
      "geometry": {
        "type": "Point",
        "coordinates": [110.75496, -8.17401]
      },
      "properties": {
        "name": "KDMP Tileng",
        "desa": "Tileng",
        "kecamatan": "Girisubo",
        "kabupaten": "Gunungkidul",
        "provinsi": "Daerah Istimewa Yogyakarta",
        "kode_wilayah": "34.03.16.2006"
      }
    },
    {
      "type": "Feature",
      "geometry": {
        "type": "Point",
        "coordinates": [110.90776, -8.19076]
      },
      "properties": {
        "name": "KDMP Widoro",
        "desa": "Widoro",
        "kecamatan": "Donorojo",
        "kabupaten": "Pacitan",
        "provinsi": "Jawa Timur",
        "kode_wilayah": "35.01.01.2001"
      }
    },
    {
      "type": "Feature",
      "geometry": {
        "type": "Point",
        "coordinates": [110.93699, -8.11012]
      },
      "properties": {
        "name": "KDMP Cemeng",
        "desa": "Cemeng",
        "kecamatan": "Donorojo",
        "kabupaten": "Pacitan",
        "provinsi": "Jawa Timur",
        "kode_wilayah": "35.01.01.2007"
      }
    },
    {
      "type": "Feature",
      "geometry": {
        "type": "Point",
        "coordinates": [110.96695, -8.19687]
      },
      "properties": {
        "name": "KDMP Dersono",
        "desa": "Dersono",
        "kecamatan": "Pringkuku",
        "kabupaten": "Pacitan",
        "provinsi": "Jawa Timur",
        "kode_wilayah": "35.01.02.2001"
      }
    },
    {
      "type": "Feature",
      "geometry": {
        "type": "Point",
        "coordinates": [111.05861, -8.22087]
      },
      "properties": {
        "name": "KDMP Dadapan",
        "desa": "Dadapan",
        "kecamatan": "Pringkuku",
        "kabupaten": "Pacitan",
        "provinsi": "Jawa Timur",
        "kode_wilayah": "35.01.02.2007"
      }
    },
    {
      "type": "Feature",
      "geometry": {
        "type": "Point",
        "coordinates": [111.09871, -8.126]
      },
      "properties": {
        "name": "KDMP Tamanasri",
        "desa": "Tamanasri",
        "kecamatan": "Pringkuku",
        "kabupaten": "Pacitan",
        "provinsi": "Jawa Timur",
        "kode_wilayah": "35.01.02.2013"
      }
    },
    {
      "type": "Feature",
      "geometry": {
        "type": "Point",
        "coordinates": [111, -8.14179]
      },
      "properties": {
        "name": "KDMP Kendal",
        "desa": "Kendal",
        "kecamatan": "Punung",
        "kabupaten": "Pacitan",
        "provinsi": "Jawa Timur",
        "kode_wilayah": "35.01.03.2006"
      }
    },
    {
      "type": "Feature",
      "geometry": {
        "type": "Point",
        "coordinates": [111.08406, -8.06809]
      },
      "properties": {
        "name": "KDMP Kebonsari",
        "desa": "Kebonsari",
        "kecamatan": "Punung",
        "kabupaten": "Pacitan",
        "provinsi": "Jawa Timur",
        "kode_wilayah": "35.01.03.2012"
      }
    },
    {
      "type": "Feature",
      "geometry": {
        "type": "Point",
        "coordinates": [111.10243, -8.19007]
      },
      "properties": {
        "name": "KDMP Pacitan",
        "desa": "Pacitan",
        "kecamatan": "Pacitan",
        "kabupaten": "Pacitan",
        "provinsi": "Jawa Timur",
        "kode_wilayah": "35.01.04.1013"
      }
    },
    {
      "type": "Feature",
      "geometry": {
        "type": "Point",
        "coordinates": [111.07955, -8.19517]
      },
      "properties": {
        "name": "KDMP Bangunsari",
        "desa": "Bangunsari",
        "kecamatan": "Pacitan",
        "kabupaten": "Pacitan",
        "provinsi": "Jawa Timur",
        "kode_wilayah": "35.01.04.2009"
      }
    },
    {
      "type": "Feature",
      "geometry": {
        "type": "Point",
        "coordinates": [111.13058, -8.18265]
      },
      "properties": {
        "name": "KDMP Purworejo",
        "desa": "Purworejo",
        "kecamatan": "Pacitan",
        "kabupaten": "Pacitan",
        "provinsi": "Jawa Timur",
        "kode_wilayah": "35.01.04.2017"
      }
    },
    {
      "type": "Feature",
      "geometry": {
        "type": "Point",
        "coordinates": [111.11814, -8.14229]
      },
      "properties": {
        "name": "KDMP Bolosingo",
        "desa": "Bolosingo",
        "kecamatan": "Pacitan",
        "kabupaten": "Pacitan",
        "provinsi": "Jawa Timur",
        "kode_wilayah": "35.01.04.2023"
      }
    },
    {
      "type": "Feature",
      "geometry": {
        "type": "Point",
        "coordinates": [111.1546, -8.23439]
      },
      "properties": {
        "name": "KDMP Karanganyar",
        "desa": "Karanganyar",
        "kecamatan": "Kebonagung",
        "kabupaten": "Pacitan",
        "provinsi": "Jawa Timur",
        "kode_wilayah": "35.01.05.2004"
      }
    },
    {
      "type": "Feature",
      "geometry": {
        "type": "Point",
        "coordinates": [111.17317, -8.2261]
      },
      "properties": {
        "name": "KDMP Gawang",
        "desa": "Gawang",
        "kecamatan": "Kebonagung",
        "kabupaten": "Pacitan",
        "provinsi": "Jawa Timur",
        "kode_wilayah": "35.01.05.2010"
      }
    },
    {
      "type": "Feature",
      "geometry": {
        "type": "Point",
        "coordinates": [111.16566, -8.19734]
      },
      "properties": {
        "name": "KDMP Punjung",
        "desa": "Punjung",
        "kecamatan": "Kebonagung",
        "kabupaten": "Pacitan",
        "provinsi": "Jawa Timur",
        "kode_wilayah": "35.01.05.2016"
      }
    },
    {
      "type": "Feature",
      "geometry": {
        "type": "Point",
        "coordinates": [111.14066, -8.12192]
      },
      "properties": {
        "name": "KDMP Tremas",
        "desa": "Tremas",
        "kecamatan": "Arjosari",
        "kabupaten": "Pacitan",
        "provinsi": "Jawa Timur",
        "kode_wilayah": "35.01.06.2003"
      }
    },
    {
      "type": "Feature",
      "geometry": {
        "type": "Point",
        "coordinates": [111.1802, -8.11427]
      },
      "properties": {
        "name": "KDMP Gegeran",
        "desa": "Gegeran",
        "kecamatan": "Arjosari",
        "kabupaten": "Pacitan",
        "provinsi": "Jawa Timur",
        "kode_wilayah": "35.01.06.2009"
      }
    },
    {
      "type": "Feature",
      "geometry": {
        "type": "Point",
        "coordinates": [111.14524, -8.09359]
      },
      "properties": {
        "name": "KDMP Gayuhan",
        "desa": "Gayuhan",
        "kecamatan": "Arjosari",
        "kabupaten": "Pacitan",
        "provinsi": "Jawa Timur",
        "kode_wilayah": "35.01.06.2015"
      }
    },
    {
      "type": "Feature",
      "geometry": {
        "type": "Point",
        "coordinates": [111.16723, -8.00713]
      },
      "properties": {
        "name": "KDMP Nawangan",
        "desa": "Nawangan",
        "kecamatan": "Nawangan",
        "kabupaten": "Pacitan",
        "provinsi": "Jawa Timur",
        "kode_wilayah": "35.01.07.2004"
      }
    },
    {
      "type": "Feature",
      "geometry": {
        "type": "Point",
        "coordinates": [111.22273, -8.06644]
      },
      "properties": {
        "name": "KDMP Petungsinarang",
        "desa": "Petungsinarang",
        "kecamatan": "Bandar",
        "kabupaten": "Pacitan",
        "provinsi": "Jawa Timur",
        "kode_wilayah": "35.01.08.2001"
      }
    },
    {
      "type": "Feature",
      "geometry": {
        "type": "Point",
        "coordinates": [111.27129, -7.95505]
      },
      "properties": {
        "name": "KDMP Bangunsari",
        "desa": "Bangunsari",
        "kecamatan": "Bandar",
        "kabupaten": "Pacitan",
        "provinsi": "Jawa Timur",
        "kode_wilayah": "35.01.08.2007"
      }
    },
    {
      "type": "Feature",
      "geometry": {
        "type": "Point",
        "coordinates": [111.3313, -8.08528]
      },
      "properties": {
        "name": "KDMP Pucangombo",
        "desa": "Pucangombo",
        "kecamatan": "Tegalombo",
        "kabupaten": "Pacitan",
        "provinsi": "Jawa Timur",
        "kode_wilayah": "35.01.09.2005"
      }
    },
    {
      "type": "Feature",
      "geometry": {
        "type": "Point",
        "coordinates": [111.33309, -8.0136]
      },
      "properties": {
        "name": "KDMP Tahunan Baru",
        "desa": "Tahunan Baru",
        "kecamatan": "Tegalombo",
        "kabupaten": "Pacitan",
        "provinsi": "Jawa Timur",
        "kode_wilayah": "35.01.09.2011"
      }
    },
    {
      "type": "Feature",
      "geometry": {
        "type": "Point",
        "coordinates": [111.28276, -8.17302]
      },
      "properties": {
        "name": "KDMP Bungur",
        "desa": "Bungur",
        "kecamatan": "Tulakan",
        "kabupaten": "Pacitan",
        "provinsi": "Jawa Timur",
        "kode_wilayah": "35.01.10.2006"
      }
    },
    {
      "type": "Feature",
      "geometry": {
        "type": "Point",
        "coordinates": [111.2729, -8.131]
      },
      "properties": {
        "name": "KDMP Bubakan",
        "desa": "Bubakan",
        "kecamatan": "Tulakan",
        "kabupaten": "Pacitan",
        "provinsi": "Jawa Timur",
        "kode_wilayah": "35.01.10.2012"
      }
    },
    {
      "type": "Feature",
      "geometry": {
        "type": "Point",
        "coordinates": [111.31042, -8.25469]
      },
      "properties": {
        "name": "KDMP Hadiwarno",
        "desa": "Hadiwarno",
        "kecamatan": "Ngadirojo",
        "kabupaten": "Pacitan",
        "provinsi": "Jawa Timur",
        "kode_wilayah": "35.01.11.2002"
      }
    },
    {
      "type": "Feature",
      "geometry": {
        "type": "Point",
        "coordinates": [111.3513, -8.20647]
      },
      "properties": {
        "name": "KDMP Bogoharjo",
        "desa": "Bogoharjo",
        "kecamatan": "Ngadirojo",
        "kabupaten": "Pacitan",
        "provinsi": "Jawa Timur",
        "kode_wilayah": "35.01.11.2008"
      }
    },
    {
      "type": "Feature",
      "geometry": {
        "type": "Point",
        "coordinates": [111.36155, -8.19111]
      },
      "properties": {
        "name": "KDMP Wonodadi Wetan",
        "desa": "Wonodadi Wetan",
        "kecamatan": "Ngadirojo",
        "kabupaten": "Pacitan",
        "provinsi": "Jawa Timur",
        "kode_wilayah": "35.01.11.2014"
      }
    },
    {
      "type": "Feature",
      "geometry": {
        "type": "Point",
        "coordinates": [111.35335, -8.22906]
      },
      "properties": {
        "name": "KDMP Pagerlor",
        "desa": "Pagerlor",
        "kecamatan": "Sudimoro",
        "kabupaten": "Pacitan",
        "provinsi": "Jawa Timur",
        "kode_wilayah": "35.01.12.2002"
      }
    },
    {
      "type": "Feature",
      "geometry": {
        "type": "Point",
        "coordinates": [111.38409, -8.20261]
      },
      "properties": {
        "name": "KDMP Karangmulyo",
        "desa": "Karangmulyo",
        "kecamatan": "Sudimoro",
        "kabupaten": "Pacitan",
        "provinsi": "Jawa Timur",
        "kode_wilayah": "35.01.12.2008"
      }
    },
    {
      "type": "Feature",
      "geometry": {
        "type": "Point",
        "coordinates": [111.39831, -8.04032]
      },
      "properties": {
        "name": "KDMP Caluk",
        "desa": "Caluk",
        "kecamatan": "Slahung",
        "kabupaten": "Ponorogo",
        "provinsi": "Jawa Timur",
        "kode_wilayah": "35.02.01.2004"
      }
    },
    {
      "type": "Feature",
      "geometry": {
        "type": "Point",
        "coordinates": [111.40244, -7.99351]
      },
      "properties": {
        "name": "KDMP Duri",
        "desa": "Duri",
        "kecamatan": "Slahung",
        "kabupaten": "Ponorogo",
        "provinsi": "Jawa Timur",
        "kode_wilayah": "35.02.01.2010"
      }
    },
    {
      "type": "Feature",
      "geometry": {
        "type": "Point",
        "coordinates": [111.4357, -7.99711]
      },
      "properties": {
        "name": "KDMP Simo",
        "desa": "Simo",
        "kecamatan": "Slahung",
        "kabupaten": "Ponorogo",
        "provinsi": "Jawa Timur",
        "kode_wilayah": "35.02.01.2016"
      }
    },
    {
      "type": "Feature",
      "geometry": {
        "type": "Point",
        "coordinates": [111.40351, -7.97685]
      },
      "properties": {
        "name": "KDMP Janti",
        "desa": "Janti",
        "kecamatan": "Slahung",
        "kabupaten": "Ponorogo",
        "provinsi": "Jawa Timur",
        "kode_wilayah": "35.02.01.2022"
      }
    },
    {
      "type": "Feature",
      "geometry": {
        "type": "Point",
        "coordinates": [111.41818, -8.09855]
      },
      "properties": {
        "name": "KDMP Baosan Lor",
        "desa": "Baosan Lor",
        "kecamatan": "Ngrayun",
        "kabupaten": "Ponorogo",
        "provinsi": "Jawa Timur",
        "kode_wilayah": "35.02.02.2006"
      }
    },
    {
      "type": "Feature",
      "geometry": {
        "type": "Point",
        "coordinates": [111.45688, -8.0523]
      },
      "properties": {
        "name": "KDMP Pelem",
        "desa": "Pelem",
        "kecamatan": "Bungkal",
        "kabupaten": "Ponorogo",
        "provinsi": "Jawa Timur",
        "kode_wilayah": "35.02.03.2001"
      }
    },
    {
      "type": "Feature",
      "geometry": {
        "type": "Point",
        "coordinates": [111.47333, -8.01294]
      },
      "properties": {
        "name": "KDMP Pager",
        "desa": "Pager",
        "kecamatan": "Bungkal",
        "kabupaten": "Ponorogo",
        "provinsi": "Jawa Timur",
        "kode_wilayah": "35.02.03.2007"
      }
    },
    {
      "type": "Feature",
      "geometry": {
        "type": "Point",
        "coordinates": [111.46694, -7.99337]
      },
      "properties": {
        "name": "KDMP Padas",
        "desa": "Padas",
        "kecamatan": "Bungkal",
        "kabupaten": "Ponorogo",
        "provinsi": "Jawa Timur",
        "kode_wilayah": "35.02.03.2013"
      }
    },
    {
      "type": "Feature",
      "geometry": {
        "type": "Point",
        "coordinates": [111.45143, -7.9743]
      },
      "properties": {
        "name": "KDMP Bedikulon",
        "desa": "Bedikulon",
        "kecamatan": "Bungkal",
        "kabupaten": "Ponorogo",
        "provinsi": "Jawa Timur",
        "kode_wilayah": "35.02.03.2019"
      }
    },
    {
      "type": "Feature",
      "geometry": {
        "type": "Point",
        "coordinates": [111.49177, -7.97208]
      },
      "properties": {
        "name": "KDMP Bedingin",
        "desa": "Bedingin",
        "kecamatan": "Sambit",
        "kabupaten": "Ponorogo",
        "provinsi": "Jawa Timur",
        "kode_wilayah": "35.02.04.2006"
      }
    },
    {
      "type": "Feature",
      "geometry": {
        "type": "Point",
        "coordinates": [111.53706, -7.96078]
      },
      "properties": {
        "name": "KDMP Besuki",
        "desa": "Besuki",
        "kecamatan": "Sambit",
        "kabupaten": "Ponorogo",
        "provinsi": "Jawa Timur",
        "kode_wilayah": "35.02.04.2012"
      }
    },
    {
      "type": "Feature",
      "geometry": {
        "type": "Point",
        "coordinates": [111.57835, -8.01513]
      },
      "properties": {
        "name": "KDMP Pangkal",
        "desa": "Pangkal",
        "kecamatan": "Sawoo",
        "kabupaten": "Ponorogo",
        "provinsi": "Jawa Timur",
        "kode_wilayah": "35.02.05.2002"
      }
    },
    {
      "type": "Feature",
      "geometry": {
        "type": "Point",
        "coordinates": [111.55957, -7.96845]
      },
      "properties": {
        "name": "KDMP Prayungan",
        "desa": "Prayungan",
        "kecamatan": "Sawoo",
        "kabupaten": "Ponorogo",
        "provinsi": "Jawa Timur",
        "kode_wilayah": "35.02.05.2008"
      }
    },
    {
      "type": "Feature",
      "geometry": {
        "type": "Point",
        "coordinates": [111.56485, -7.94157]
      },
      "properties": {
        "name": "KDMP Ngindeng",
        "desa": "Ngindeng",
        "kecamatan": "Sawoo",
        "kabupaten": "Ponorogo",
        "provinsi": "Jawa Timur",
        "kode_wilayah": "35.02.05.2014"
      }
    },
    {
      "type": "Feature",
      "geometry": {
        "type": "Point",
        "coordinates": [111.68105, -7.90399]
      },
      "properties": {
        "name": "KDMP Jurug",
        "desa": "Jurug",
        "kecamatan": "Sooko",
        "kabupaten": "Ponorogo",
        "provinsi": "Jawa Timur",
        "kode_wilayah": "35.02.06.2006"
      }
    },
    {
      "type": "Feature",
      "geometry": {
        "type": "Point",
        "coordinates": [111.63565, -7.87134]
      },
      "properties": {
        "name": "KDMP Patik",
        "desa": "Patik",
        "kecamatan": "Pulung",
        "kabupaten": "Ponorogo",
        "provinsi": "Jawa Timur",
        "kode_wilayah": "35.02.07.2006"
      }
    },
    {
      "type": "Feature",
      "geometry": {
        "type": "Point",
        "coordinates": [111.60304, -7.84102]
      },
      "properties": {
        "name": "KDMP Pomahan",
        "desa": "Pomahan",
        "kecamatan": "Pulung",
        "kabupaten": "Ponorogo",
        "provinsi": "Jawa Timur",
        "kode_wilayah": "35.02.07.2012"
      }
    },
    {
      "type": "Feature",
      "geometry": {
        "type": "Point",
        "coordinates": [111.7084, -7.82884]
      },
      "properties": {
        "name": "KDMP Banaran",
        "desa": "Banaran",
        "kecamatan": "Pulung",
        "kabupaten": "Ponorogo",
        "provinsi": "Jawa Timur",
        "kode_wilayah": "35.02.07.2018"
      }
    },
    {
      "type": "Feature",
      "geometry": {
        "type": "Point",
        "coordinates": [111.51296, -7.93557]
      },
      "properties": {
        "name": "KDMP Joresan",
        "desa": "Joresan",
        "kecamatan": "Mlarak",
        "kabupaten": "Ponorogo",
        "provinsi": "Jawa Timur",
        "kode_wilayah": "35.02.08.2006"
      }
    },
    {
      "type": "Feature",
      "geometry": {
        "type": "Point",
        "coordinates": [111.51918, -7.9162]
      },
      "properties": {
        "name": "KDMP Mlarak",
        "desa": "Mlarak",
        "kecamatan": "Mlarak",
        "kabupaten": "Ponorogo",
        "provinsi": "Jawa Timur",
        "kode_wilayah": "35.02.08.2012"
      }
    },
    {
      "type": "Feature",
      "geometry": {
        "type": "Point",
        "coordinates": [111.48619, -7.95166]
      },
      "properties": {
        "name": "KDMP Kutu Wetan",
        "desa": "Kutu Wetan",
        "kecamatan": "Jetis",
        "kabupaten": "Ponorogo",
        "provinsi": "Jawa Timur",
        "kode_wilayah": "35.02.09.2003"
      }
    },
    {
      "type": "Feature",
      "geometry": {
        "type": "Point",
        "coordinates": [114.63088, -8.27398]
      },
      "properties": {
        "name": "KDMP Baler Bale Agung",
        "desa": "Baler Bale Agung",
        "kecamatan": "Negara",
        "kabupaten": "Jembrana",
        "provinsi": "Bali",
        "kode_wilayah": "51.01.01.1006"
      }
    },
    {
      "type": "Feature",
      "geometry": {
        "type": "Point",
        "coordinates": [114.55447, -8.33827]
      },
      "properties": {
        "name": "KDMP Banyubiru",
        "desa": "Banyubiru",
        "kecamatan": "Negara",
        "kabupaten": "Jembrana",
        "provinsi": "Bali",
        "kode_wilayah": "51.01.01.2003"
      }
    },
    {
      "type": "Feature",
      "geometry": {
        "type": "Point",
        "coordinates": [114.70587, -8.34213]
      },
      "properties": {
        "name": "KDMP Tegalcangkring",
        "desa": "Tegalcangkring",
        "kecamatan": "Mendoyo",
        "kabupaten": "Jembrana",
        "provinsi": "Bali",
        "kode_wilayah": "51.01.02.1006"
      }
    },
    {
      "type": "Feature",
      "geometry": {
        "type": "Point",
        "coordinates": [114.72251, -8.32569]
      },
      "properties": {
        "name": "KDMP Penyaringan",
        "desa": "Penyaringan",
        "kecamatan": "Mendoyo",
        "kabupaten": "Jembrana",
        "provinsi": "Bali",
        "kode_wilayah": "51.01.02.2007"
      }
    },
    {
      "type": "Feature",
      "geometry": {
        "type": "Point",
        "coordinates": [114.85331, -8.37112]
      },
      "properties": {
        "name": "KDMP Pulukan",
        "desa": "Pulukan",
        "kecamatan": "Pekutatan",
        "kabupaten": "Jembrana",
        "provinsi": "Bali",
        "kode_wilayah": "51.01.03.2002"
      }
    },
    {
      "type": "Feature",
      "geometry": {
        "type": "Point",
        "coordinates": [114.90972, -8.42556]
      },
      "properties": {
        "name": "KDMP Pengeragoan",
        "desa": "Pengeragoan",
        "kecamatan": "Pekutatan",
        "kabupaten": "Jembrana",
        "provinsi": "Bali",
        "kode_wilayah": "51.01.03.2008"
      }
    },
    {
      "type": "Feature",
      "geometry": {
        "type": "Point",
        "coordinates": [114.54356, -8.27052]
      },
      "properties": {
        "name": "KDMP Warnasari",
        "desa": "Warnasari",
        "kecamatan": "Melaya",
        "kabupaten": "Jembrana",
        "provinsi": "Bali",
        "kode_wilayah": "51.01.04.2006"
      }
    },
    {
      "type": "Feature",
      "geometry": {
        "type": "Point",
        "coordinates": [114.62307, -8.3752]
      },
      "properties": {
        "name": "KDMP Loloan Timur",
        "desa": "Loloan Timur",
        "kecamatan": "Jembrana",
        "kabupaten": "Jembrana",
        "provinsi": "Bali",
        "kode_wilayah": "51.01.05.1003"
      }
    },
    {
      "type": "Feature",
      "geometry": {
        "type": "Point",
        "coordinates": [114.64398, -8.3989]
      },
      "properties": {
        "name": "KDMP Air Kuning",
        "desa": "Air Kuning",
        "kecamatan": "Jembrana",
        "kabupaten": "Jembrana",
        "provinsi": "Bali",
        "kode_wilayah": "51.01.05.2007"
      }
    },
    {
      "type": "Feature",
      "geometry": {
        "type": "Point",
        "coordinates": [115.0245, -8.52645]
      },
      "properties": {
        "name": "KDMP Berembeng",
        "desa": "Berembeng",
        "kecamatan": "Selemadeg",
        "kabupaten": "Tabanan",
        "provinsi": "Bali",
        "kode_wilayah": "51.02.01.2004"
      }
    },
    {
      "type": "Feature",
      "geometry": {
        "type": "Point",
        "coordinates": [115.03284, -8.47167]
      },
      "properties": {
        "name": "KDMP Bajera Utara",
        "desa": "Bajera Utara",
        "kecamatan": "Selemadeg",
        "kabupaten": "Tabanan",
        "provinsi": "Bali",
        "kode_wilayah": "51.02.01.2010"
      }
    },
    {
      "type": "Feature",
      "geometry": {
        "type": "Point",
        "coordinates": [115.05274, -8.5407]
      },
      "properties": {
        "name": "KDMP Tangguntiti",
        "desa": "Tangguntiti",
        "kecamatan": "Selemadeg Timur",
        "kabupaten": "Tabanan",
        "provinsi": "Bali",
        "kode_wilayah": "51.02.02.2006"
      }
    },
    {
      "type": "Feature",
      "geometry": {
        "type": "Point",
        "coordinates": [114.99376, -8.42141]
      },
      "properties": {
        "name": "KDMP Mundeh Kangin",
        "desa": "Mundeh Kangin",
        "kecamatan": "Selemadeg Barat",
        "kabupaten": "Tabanan",
        "provinsi": "Bali",
        "kode_wilayah": "51.02.03.2002"
      }
    },
    {
      "type": "Feature",
      "geometry": {
        "type": "Point",
        "coordinates": [114.95255, -8.42879]
      },
      "properties": {
        "name": "KDMP Mundeh Kauh",
        "desa": "Mundeh Kauh",
        "kecamatan": "Selemadeg Barat",
        "kabupaten": "Tabanan",
        "provinsi": "Bali",
        "kode_wilayah": "51.02.03.2008"
      }
    },
    {
      "type": "Feature",
      "geometry": {
        "type": "Point",
        "coordinates": [115.07129, -8.56204]
      },
      "properties": {
        "name": "KDMP Penarukan",
        "desa": "Penarukan",
        "kecamatan": "Kerambitan",
        "kabupaten": "Tabanan",
        "provinsi": "Bali",
        "kode_wilayah": "51.02.04.2003"
      }
    },
    {
      "type": "Feature",
      "geometry": {
        "type": "Point",
        "coordinates": [115.09596, -8.53994]
      },
      "properties": {
        "name": "KDMP Kukuh",
        "desa": "Kukuh",
        "kecamatan": "Kerambitan",
        "kabupaten": "Tabanan",
        "provinsi": "Bali",
        "kode_wilayah": "51.02.04.2009"
      }
    },
    {
      "type": "Feature",
      "geometry": {
        "type": "Point",
        "coordinates": [115.09253, -8.49364]
      },
      "properties": {
        "name": "KDMP Timpag",
        "desa": "Timpag",
        "kecamatan": "Kerambitan",
        "kabupaten": "Tabanan",
        "provinsi": "Bali",
        "kode_wilayah": "51.02.04.2015"
      }
    },
    {
      "type": "Feature",
      "geometry": {
        "type": "Point",
        "coordinates": [115.13194, -8.53298]
      },
      "properties": {
        "name": "KDMP Dajan Peken",
        "desa": "Dajan Peken",
        "kecamatan": "Tabanan",
        "kabupaten": "Tabanan",
        "provinsi": "Bali",
        "kode_wilayah": "51.02.05.2006"
      }
    },
    {
      "type": "Feature",
      "geometry": {
        "type": "Point",
        "coordinates": [115.13855, -8.47703]
      },
      "properties": {
        "name": "KDMP Sesandan",
        "desa": "Sesandan",
        "kecamatan": "Tabanan",
        "kabupaten": "Tabanan",
        "provinsi": "Bali",
        "kode_wilayah": "51.02.05.2012"
      }
    },
    {
      "type": "Feature",
      "geometry": {
        "type": "Point",
        "coordinates": [115.14551, -8.60293]
      },
      "properties": {
        "name": "KDMP Cepaka",
        "desa": "Cepaka",
        "kecamatan": "Kediri",
        "kabupaten": "Tabanan",
        "provinsi": "Bali",
        "kode_wilayah": "51.02.06.2006"
      }
    },
    {
      "type": "Feature",
      "geometry": {
        "type": "Point",
        "coordinates": [115.10984, -8.57331]
      },
      "properties": {
        "name": "KDMP Pejaten",
        "desa": "Pejaten",
        "kecamatan": "Kediri",
        "kabupaten": "Tabanan",
        "provinsi": "Bali",
        "kode_wilayah": "51.02.06.2012"
      }
    },
    {
      "type": "Feature",
      "geometry": {
        "type": "Point",
        "coordinates": [115.1668, -8.52157]
      },
      "properties": {
        "name": "KDMP Peken Belayu",
        "desa": "Peken Belayu",
        "kecamatan": "Marga",
        "kabupaten": "Tabanan",
        "provinsi": "Bali",
        "kode_wilayah": "51.02.07.2003"
      }
    },
    {
      "type": "Feature",
      "geometry": {
        "type": "Point",
        "coordinates": [115.18198, -8.44193]
      },
      "properties": {
        "name": "KDMP Petiga",
        "desa": "Petiga",
        "kecamatan": "Marga",
        "kabupaten": "Tabanan",
        "provinsi": "Bali",
        "kode_wilayah": "51.02.07.2009"
      }
    },
    {
      "type": "Feature",
      "geometry": {
        "type": "Point",
        "coordinates": [115.16916, -8.4523]
      },
      "properties": {
        "name": "KDMP Geluntung",
        "desa": "Geluntung",
        "kecamatan": "Marga",
        "kabupaten": "Tabanan",
        "provinsi": "Bali",
        "kode_wilayah": "51.02.07.2015"
      }
    },
    {
      "type": "Feature",
      "geometry": {
        "type": "Point",
        "coordinates": [115.16336, -8.4088]
      },
      "properties": {
        "name": "KDMP Biaung",
        "desa": "Biaung",
        "kecamatan": "Penebel",
        "kabupaten": "Tabanan",
        "provinsi": "Bali",
        "kode_wilayah": "51.02.08.2005"
      }
    },
    {
      "type": "Feature",
      "geometry": {
        "type": "Point",
        "coordinates": [115.1506, -8.39064]
      },
      "properties": {
        "name": "KDMP Babahan",
        "desa": "Babahan",
        "kecamatan": "Penebel",
        "kabupaten": "Tabanan",
        "provinsi": "Bali",
        "kode_wilayah": "51.02.08.2011"
      }
    },
    {
      "type": "Feature",
      "geometry": {
        "type": "Point",
        "coordinates": [115.102, -8.45767]
      },
      "properties": {
        "name": "KDMP Pesagi",
        "desa": "Pesagi",
        "kecamatan": "Penebel",
        "kabupaten": "Tabanan",
        "provinsi": "Bali",
        "kode_wilayah": "51.02.08.2017"
      }
    },
    {
      "type": "Feature",
      "geometry": {
        "type": "Point",
        "coordinates": [115.17288, -8.32797]
      },
      "properties": {
        "name": "KDMP Bangli",
        "desa": "Bangli",
        "kecamatan": "Baturiti",
        "kabupaten": "Tabanan",
        "provinsi": "Bali",
        "kode_wilayah": "51.02.09.2005"
      }
    },
    {
      "type": "Feature",
      "geometry": {
        "type": "Point",
        "coordinates": [115.19752, -8.43526]
      },
      "properties": {
        "name": "KDMP Perean Tengah",
        "desa": "Perean Tengah",
        "kecamatan": "Baturiti",
        "kabupaten": "Tabanan",
        "provinsi": "Bali",
        "kode_wilayah": "51.02.09.2011"
      }
    },
    {
      "type": "Feature",
      "geometry": {
        "type": "Point",
        "coordinates": [114.96007, -8.36616]
      },
      "properties": {
        "name": "KDMP Munduktemu",
        "desa": "Munduktemu",
        "kecamatan": "Pupuan",
        "kabupaten": "Tabanan",
        "provinsi": "Bali",
        "kode_wilayah": "51.02.10.2005"
      }
    },
    {
      "type": "Feature",
      "geometry": {
        "type": "Point",
        "coordinates": [114.94442, -8.40305]
      },
      "properties": {
        "name": "KDMP Belatungan",
        "desa": "Belatungan",
        "kecamatan": "Pupuan",
        "kabupaten": "Tabanan",
        "provinsi": "Bali",
        "kode_wilayah": "51.02.10.2011"
      }
    },
    {
      "type": "Feature",
      "geometry": {
        "type": "Point",
        "coordinates": [115.17625, -8.76427]
      },
      "properties": {
        "name": "KDMP Kedonganan",
        "desa": "Kedonganan",
        "kecamatan": "Kuta",
        "kabupaten": "Badung",
        "provinsi": "Bali",
        "kode_wilayah": "51.03.01.1003"
      }
    },
    {
      "type": "Feature",
      "geometry": {
        "type": "Point",
        "coordinates": [115.19915, -8.59686]
      },
      "properties": {
        "name": "KDMP Sading",
        "desa": "Sading",
        "kecamatan": "Mengwi",
        "kabupaten": "Badung",
        "provinsi": "Bali",
        "kode_wilayah": "51.03.02.1015"
      }
    },
    {
      "type": "Feature",
      "geometry": {
        "type": "Point",
        "coordinates": [115.18618, -8.46957]
      },
      "properties": {
        "name": "KDMP Sembung",
        "desa": "Sembung",
        "kecamatan": "Mengwi",
        "kabupaten": "Badung",
        "provinsi": "Bali",
        "kode_wilayah": "51.03.02.2007"
      }
    },
    {
      "type": "Feature",
      "geometry": {
        "type": "Point",
        "coordinates": [115.17808, -8.51309]
      },
      "properties": {
        "name": "KDMP Werdi Bhuwana",
        "desa": "Werdi Bhuwana",
        "kecamatan": "Mengwi",
        "kabupaten": "Badung",
        "provinsi": "Bali",
        "kode_wilayah": "51.03.02.2013"
      }
    },
    {
      "type": "Feature",
      "geometry": {
        "type": "Point",
        "coordinates": [115.21767, -8.56756]
      },
      "properties": {
        "name": "KDMP Sibangkaja",
        "desa": "Sibangkaja",
        "kecamatan": "Abiansemal",
        "kabupaten": "Badung",
        "provinsi": "Bali",
        "kode_wilayah": "51.03.03.2002"
      }
    },
    {
      "type": "Feature",
      "geometry": {
        "type": "Point",
        "coordinates": [115.21216, -8.5326]
      },
      "properties": {
        "name": "KDMP Abiansemal",
        "desa": "Abiansemal",
        "kecamatan": "Abiansemal",
        "kabupaten": "Badung",
        "provinsi": "Bali",
        "kode_wilayah": "51.03.03.2008"
      }
    },
    {
      "type": "Feature",
      "geometry": {
        "type": "Point",
        "coordinates": [115.22322, -8.50448]
      },
      "properties": {
        "name": "KDMP Punggul",
        "desa": "Punggul",
        "kecamatan": "Abiansemal",
        "kabupaten": "Badung",
        "provinsi": "Bali",
        "kode_wilayah": "51.03.03.2014"
      }
    },
    {
      "type": "Feature",
      "geometry": {
        "type": "Point",
        "coordinates": [115.21704, -8.38015]
      },
      "properties": {
        "name": "KDMP Petang",
        "desa": "Petang",
        "kecamatan": "Petang",
        "kabupaten": "Badung",
        "provinsi": "Bali",
        "kode_wilayah": "51.03.04.2002"
      }
    },
    {
      "type": "Feature",
      "geometry": {
        "type": "Point",
        "coordinates": [115.21113, -8.8028]
      },
      "properties": {
        "name": "KDMP Benoa",
        "desa": "Benoa",
        "kecamatan": "Kuta Selatan",
        "kabupaten": "Badung",
        "provinsi": "Bali",
        "kode_wilayah": "51.03.05.1004"
      }
    },
    {
      "type": "Feature",
      "geometry": {
        "type": "Point",
        "coordinates": [115.16363, -8.67176]
      },
      "properties": {
        "name": "KDMP Kerobokan Kelod",
        "desa": "Kerobokan Kelod",
        "kecamatan": "Kuta Utara",
        "kabupaten": "Badung",
        "provinsi": "Bali",
        "kode_wilayah": "51.03.06.1001"
      }
    },
    {
      "type": "Feature",
      "geometry": {
        "type": "Point",
        "coordinates": [115.25908, -8.61501]
      },
      "properties": {
        "name": "KDMP Batubulan",
        "desa": "Batubulan",
        "kecamatan": "Sukawati",
        "kabupaten": "Gianyar",
        "provinsi": "Bali",
        "kode_wilayah": "51.04.01.2001"
      }
    },
    {
      "type": "Feature",
      "geometry": {
        "type": "Point",
        "coordinates": [115.27275, -8.58527]
      },
      "properties": {
        "name": "KDMP Batuan",
        "desa": "Batuan",
        "kecamatan": "Sukawati",
        "kabupaten": "Gianyar",
        "provinsi": "Bali",
        "kode_wilayah": "51.04.01.2007"
      }
    },
    {
      "type": "Feature",
      "geometry": {
        "type": "Point",
        "coordinates": [115.30229, -8.59468]
      },
      "properties": {
        "name": "KDMP Saba",
        "desa": "Saba",
        "kecamatan": "Blahbatuh",
        "kabupaten": "Gianyar",
        "provinsi": "Bali",
        "kode_wilayah": "51.04.02.2001"
      }
    },
    {
      "type": "Feature",
      "geometry": {
        "type": "Point",
        "coordinates": [115.3009, -8.53294]
      },
      "properties": {
        "name": "KDMP Bedulu",
        "desa": "Bedulu",
        "kecamatan": "Blahbatuh",
        "kabupaten": "Gianyar",
        "provinsi": "Bali",
        "kode_wilayah": "51.04.02.2007"
      }
    },
    {
      "type": "Feature",
      "geometry": {
        "type": "Point",
        "coordinates": [115.31705, -8.53483]
      },
      "properties": {
        "name": "KDMP Bitera",
        "desa": "Bitera",
        "kecamatan": "Gianyar",
        "kabupaten": "Gianyar",
        "provinsi": "Bali",
        "kode_wilayah": "51.04.03.1007"
      }
    },
    {
      "type": "Feature",
      "geometry": {
        "type": "Point",
        "coordinates": [115.31098, -8.50213]
      },
      "properties": {
        "name": "KDMP Siangan",
        "desa": "Siangan",
        "kecamatan": "Gianyar",
        "kabupaten": "Gianyar",
        "provinsi": "Bali",
        "kode_wilayah": "51.04.03.2010"
      }
    },
    {
      "type": "Feature",
      "geometry": {
        "type": "Point",
        "coordinates": [115.31141, -8.46731]
      },
      "properties": {
        "name": "KDMP Sumita",
        "desa": "Sumita",
        "kecamatan": "Gianyar",
        "kabupaten": "Gianyar",
        "provinsi": "Bali",
        "kode_wilayah": "51.04.03.2016"
      }
    },
    {
      "type": "Feature",
      "geometry": {
        "type": "Point",
        "coordinates": [115.28669, -8.50631]
      },
      "properties": {
        "name": "KDMP Pejeng Kawan",
        "desa": "Pejeng Kawan",
        "kecamatan": "Tampaksiring",
        "kabupaten": "Gianyar",
        "provinsi": "Bali",
        "kode_wilayah": "51.04.04.2005"
      }
    },
    {
      "type": "Feature",
      "geometry": {
        "type": "Point",
        "coordinates": [115.26641, -8.53874]
      },
      "properties": {
        "name": "KDMP Mas",
        "desa": "Mas",
        "kecamatan": "Ubud",
        "kabupaten": "Gianyar",
        "provinsi": "Bali",
        "kode_wilayah": "51.04.05.2002"
      }
    },
    {
      "type": "Feature",
      "geometry": {
        "type": "Point",
        "coordinates": [116.12048, -8.68268]
      },
      "properties": {
        "name": "KDMP Gerung Utara",
        "desa": "Gerung Utara",
        "kecamatan": "Gerung",
        "kabupaten": "Lombok Barat",
        "provinsi": "Nusa Tenggara Barat",
        "kode_wilayah": "52.01.01.1001"
      }
    },
    {
      "type": "Feature",
      "geometry": {
        "type": "Point",
        "coordinates": [116.14969, -8.71894]
      },
      "properties": {
        "name": "KDMP Banyu Urip",
        "desa": "Banyu Urip",
        "kecamatan": "Gerung",
        "kabupaten": "Lombok Barat",
        "provinsi": "Nusa Tenggara Barat",
        "kode_wilayah": "52.01.01.2006"
      }
    },
    {
      "type": "Feature",
      "geometry": {
        "type": "Point",
        "coordinates": [116.08511, -8.66479]
      },
      "properties": {
        "name": "KDMP Taman Ayu",
        "desa": "Taman Ayu",
        "kecamatan": "Gerung",
        "kabupaten": "Lombok Barat",
        "provinsi": "Nusa Tenggara Barat",
        "kode_wilayah": "52.01.01.2013"
      }
    },
    {
      "type": "Feature",
      "geometry": {
        "type": "Point",
        "coordinates": [116.12693, -8.6467]
      },
      "properties": {
        "name": "KDMP Rumak",
        "desa": "Rumak",
        "kecamatan": "Kediri",
        "kabupaten": "Lombok Barat",
        "provinsi": "Nusa Tenggara Barat",
        "kode_wilayah": "52.01.02.2005"
      }
    },
    {
      "type": "Feature",
      "geometry": {
        "type": "Point",
        "coordinates": [116.199, -8.59482]
      },
      "properties": {
        "name": "KDMP Lembuak",
        "desa": "Lembuak",
        "kecamatan": "Narmada",
        "kabupaten": "Lombok Barat",
        "provinsi": "Nusa Tenggara Barat",
        "kode_wilayah": "52.01.03.2001"
      }
    },
    {
      "type": "Feature",
      "geometry": {
        "type": "Point",
        "coordinates": [116.27624, -8.55077]
      },
      "properties": {
        "name": "KDMP Sedau",
        "desa": "Sedau",
        "kecamatan": "Narmada",
        "kabupaten": "Lombok Barat",
        "provinsi": "Nusa Tenggara Barat",
        "kode_wilayah": "52.01.03.2007"
      }
    },
    {
      "type": "Feature",
      "geometry": {
        "type": "Point",
        "coordinates": [116.17128, -8.61859]
      },
      "properties": {
        "name": "KDMP Badrain",
        "desa": "Badrain",
        "kecamatan": "Narmada",
        "kabupaten": "Lombok Barat",
        "provinsi": "Nusa Tenggara Barat",
        "kode_wilayah": "52.01.03.2013"
      }
    },
    {
      "type": "Feature",
      "geometry": {
        "type": "Point",
        "coordinates": [116.1671, -8.60456]
      },
      "properties": {
        "name": "KDMP Mekarsari",
        "desa": "Mekarsari",
        "kecamatan": "Narmada",
        "kabupaten": "Lombok Barat",
        "provinsi": "Nusa Tenggara Barat",
        "kode_wilayah": "52.01.03.2019"
      }
    },
    {
      "type": "Feature",
      "geometry": {
        "type": "Point",
        "coordinates": [116.04128, -8.84833]
      },
      "properties": {
        "name": "KDMP Buwun Mas",
        "desa": "Buwun Mas",
        "kecamatan": "Sekotong",
        "kabupaten": "Lombok Barat",
        "provinsi": "Nusa Tenggara Barat",
        "kode_wilayah": "52.01.07.2004"
      }
    },
    {
      "type": "Feature",
      "geometry": {
        "type": "Point",
        "coordinates": [116.14521, -8.61824]
      },
      "properties": {
        "name": "KDMP Bengkel",
        "desa": "Bengkel",
        "kecamatan": "Labuapi",
        "kabupaten": "Lombok Barat",
        "provinsi": "Nusa Tenggara Barat",
        "kode_wilayah": "52.01.08.2001"
      }
    },
    {
      "type": "Feature",
      "geometry": {
        "type": "Point",
        "coordinates": [116.11019, -8.62648]
      },
      "properties": {
        "name": "KDMP Terong Tawah",
        "desa": "Terong Tawah",
        "kecamatan": "Labuapi",
        "kabupaten": "Lombok Barat",
        "provinsi": "Nusa Tenggara Barat",
        "kode_wilayah": "52.01.08.2007"
      }
    },
    {
      "type": "Feature",
      "geometry": {
        "type": "Point",
        "coordinates": [116.10058, -8.53922]
      },
      "properties": {
        "name": "KDMP Gunungsari",
        "desa": "Gunungsari",
        "kecamatan": "Gunungsari",
        "kabupaten": "Lombok Barat",
        "provinsi": "Nusa Tenggara Barat",
        "kode_wilayah": "52.01.09.2001"
      }
    },
    {
      "type": "Feature",
      "geometry": {
        "type": "Point",
        "coordinates": [116.12872, -8.50243]
      },
      "properties": {
        "name": "KDMP Dopang",
        "desa": "Dopang",
        "kecamatan": "Gunungsari",
        "kabupaten": "Lombok Barat",
        "provinsi": "Nusa Tenggara Barat",
        "kode_wilayah": "52.01.09.2007"
      }
    },
    {
      "type": "Feature",
      "geometry": {
        "type": "Point",
        "coordinates": [116.12066, -8.54881]
      },
      "properties": {
        "name": "KDMP Ranjok",
        "desa": "Ranjok",
        "kecamatan": "Gunungsari",
        "kabupaten": "Lombok Barat",
        "provinsi": "Nusa Tenggara Barat",
        "kode_wilayah": "52.01.09.2013"
      }
    },
    {
      "type": "Feature",
      "geometry": {
        "type": "Point",
        "coordinates": [116.16238, -8.5657]
      },
      "properties": {
        "name": "KDMP Sigerongan",
        "desa": "Sigerongan",
        "kecamatan": "Lingsar",
        "kabupaten": "Lombok Barat",
        "provinsi": "Nusa Tenggara Barat",
        "kode_wilayah": "52.01.12.2003"
      }
    },
    {
      "type": "Feature",
      "geometry": {
        "type": "Point",
        "coordinates": [116.15366, -8.53399]
      },
      "properties": {
        "name": "KDMP Gegerung",
        "desa": "Gegerung",
        "kecamatan": "Lingsar",
        "kabupaten": "Lombok Barat",
        "provinsi": "Nusa Tenggara Barat",
        "kode_wilayah": "52.01.12.2009"
      }
    },
    {
      "type": "Feature",
      "geometry": {
        "type": "Point",
        "coordinates": [116.16757, -8.58402]
      },
      "properties": {
        "name": "KDMP Gontoran",
        "desa": "Gontoran",
        "kecamatan": "Lingsar",
        "kabupaten": "Lombok Barat",
        "provinsi": "Nusa Tenggara Barat",
        "kode_wilayah": "52.01.12.2015"
      }
    },
    {
      "type": "Feature",
      "geometry": {
        "type": "Point",
        "coordinates": [116.10441, -8.70776]
      },
      "properties": {
        "name": "KDMP Jembatan Gantung",
        "desa": "Jembatan Gantung",
        "kecamatan": "Lembar",
        "kabupaten": "Lombok Barat",
        "provinsi": "Nusa Tenggara Barat",
        "kode_wilayah": "52.01.13.2006"
      }
    },
    {
      "type": "Feature",
      "geometry": {
        "type": "Point",
        "coordinates": [116.07306, -8.54424]
      },
      "properties": {
        "name": "KDMP Meninting",
        "desa": "Meninting",
        "kecamatan": "Batu Layar",
        "kabupaten": "Lombok Barat",
        "provinsi": "Nusa Tenggara Barat",
        "kode_wilayah": "52.01.14.2002"
      }
    },
    {
      "type": "Feature",
      "geometry": {
        "type": "Point",
        "coordinates": [116.08601, -8.479]
      },
      "properties": {
        "name": "KDMP Pusuk Lestari",
        "desa": "Pusuk Lestari",
        "kecamatan": "Batu Layar",
        "kabupaten": "Lombok Barat",
        "provinsi": "Nusa Tenggara Barat",
        "kode_wilayah": "52.01.14.2008"
      }
    },
    {
      "type": "Feature",
      "geometry": {
        "type": "Point",
        "coordinates": [116.18324, -8.67464]
      },
      "properties": {
        "name": "KDMP Kuripan Timur",
        "desa": "Kuripan Timur",
        "kecamatan": "Kuripan",
        "kabupaten": "Lombok Barat",
        "provinsi": "Nusa Tenggara Barat",
        "kode_wilayah": "52.01.15.2005"
      }
    },
    {
      "type": "Feature",
      "geometry": {
        "type": "Point",
        "coordinates": [116.26905, -8.71556]
      },
      "properties": {
        "name": "KDMP Perapen",
        "desa": "Perapen",
        "kecamatan": "Praya",
        "kabupaten": "Lombok Tengah",
        "provinsi": "Nusa Tenggara Barat",
        "kode_wilayah": "52.02.01.1005"
      }
    },
    {
      "type": "Feature",
      "geometry": {
        "type": "Point",
        "coordinates": [116.28625, -8.65983]
      },
      "properties": {
        "name": "KDMP Aik Mual",
        "desa": "Aik Mual",
        "kecamatan": "Praya",
        "kabupaten": "Lombok Tengah",
        "provinsi": "Nusa Tenggara Barat",
        "kode_wilayah": "52.02.01.2011"
      }
    },
    {
      "type": "Feature",
      "geometry": {
        "type": "Point",
        "coordinates": [116.201, -8.64959]
      },
      "properties": {
        "name": "KDMP Ubung",
        "desa": "Ubung",
        "kecamatan": "Jonggat",
        "kabupaten": "Lombok Tengah",
        "provinsi": "Nusa Tenggara Barat",
        "kode_wilayah": "52.02.02.2002"
      }
    },
    {
      "type": "Feature",
      "geometry": {
        "type": "Point",
        "coordinates": [116.23751, -8.69125]
      },
      "properties": {
        "name": "KDMP Puyung",
        "desa": "Puyung",
        "kecamatan": "Jonggat",
        "kabupaten": "Lombok Tengah",
        "provinsi": "Nusa Tenggara Barat",
        "kode_wilayah": "52.02.02.2008"
      }
    },
    {
      "type": "Feature",
      "geometry": {
        "type": "Point",
        "coordinates": [116.33747, -8.64066]
      },
      "properties": {
        "name": "KDMP Bujak",
        "desa": "Bujak",
        "kecamatan": "Batukliang",
        "kabupaten": "Lombok Tengah",
        "provinsi": "Nusa Tenggara Barat",
        "kode_wilayah": "52.02.03.2001"
      }
    },
    {
      "type": "Feature",
      "geometry": {
        "type": "Point",
        "coordinates": [116.31274, -8.6373]
      },
      "properties": {
        "name": "KDMP Barabali",
        "desa": "Barabali",
        "kecamatan": "Batukliang",
        "kabupaten": "Lombok Tengah",
        "provinsi": "Nusa Tenggara Barat",
        "kode_wilayah": "52.02.03.2007"
      }
    },
    {
      "type": "Feature",
      "geometry": {
        "type": "Point",
        "coordinates": [116.33518, -8.84459]
      },
      "properties": {
        "name": "KDMP Sukadana",
        "desa": "Sukadana",
        "kecamatan": "Pujut",
        "kabupaten": "Lombok Tengah",
        "provinsi": "Nusa Tenggara Barat",
        "kode_wilayah": "52.02.04.2003"
      }
    },
    {
      "type": "Feature",
      "geometry": {
        "type": "Point",
        "coordinates": [116.3144, -8.78645]
      },
      "properties": {
        "name": "KDMP Kuta",
        "desa": "Kuta",
        "kecamatan": "Pujut",
        "kabupaten": "Lombok Tengah",
        "provinsi": "Nusa Tenggara Barat",
        "kode_wilayah": "52.02.04.2009"
      }
    },
    {
      "type": "Feature",
      "geometry": {
        "type": "Point",
        "coordinates": [116.26737, -8.77814]
      },
      "properties": {
        "name": "KDMP Ketara",
        "desa": "Ketara",
        "kecamatan": "Pujut",
        "kabupaten": "Lombok Tengah",
        "provinsi": "Nusa Tenggara Barat",
        "kode_wilayah": "52.02.04.2015"
      }
    },
    {
      "type": "Feature",
      "geometry": {
        "type": "Point",
        "coordinates": [116.2163, -8.76254]
      },
      "properties": {
        "name": "KDMP Setanggor",
        "desa": "Setanggor",
        "kecamatan": "Praya Barat",
        "kabupaten": "Lombok Tengah",
        "provinsi": "Nusa Tenggara Barat",
        "kode_wilayah": "52.02.05.2005"
      }
    },
    {
      "type": "Feature",
      "geometry": {
        "type": "Point",
        "coordinates": [116.3506, -8.74351]
      },
      "properties": {
        "name": "KDMP Sukaraja",
        "desa": "Sukaraja",
        "kecamatan": "Praya Timur",
        "kabupaten": "Lombok Tengah",
        "provinsi": "Nusa Tenggara Barat",
        "kode_wilayah": "52.02.06.2001"
      }
    },
    {
      "type": "Feature",
      "geometry": {
        "type": "Point",
        "coordinates": [116.39178, -8.8329]
      },
      "properties": {
        "name": "KDMP Bilelando",
        "desa": "Bilelando",
        "kecamatan": "Praya Timur",
        "kabupaten": "Lombok Tengah",
        "provinsi": "Nusa Tenggara Barat",
        "kode_wilayah": "52.02.06.2007"
      }
    },
    {
      "type": "Feature",
      "geometry": {
        "type": "Point",
        "coordinates": [116.40137, -8.69548]
      },
      "properties": {
        "name": "KDMP Janapria",
        "desa": "Janapria",
        "kecamatan": "Janapria",
        "kabupaten": "Lombok Tengah",
        "provinsi": "Nusa Tenggara Barat",
        "kode_wilayah": "52.02.07.2003"
      }
    },
    {
      "type": "Feature",
      "geometry": {
        "type": "Point",
        "coordinates": [116.35636, -8.70007]
      },
      "properties": {
        "name": "KDMP Selebung Rembiga",
        "desa": "Selebung Rembiga",
        "kecamatan": "Janapria",
        "kabupaten": "Lombok Tengah",
        "provinsi": "Nusa Tenggara Barat",
        "kode_wilayah": "52.02.07.2009"
      }
    },
    {
      "type": "Feature",
      "geometry": {
        "type": "Point",
        "coordinates": [116.2572, -8.60871]
      },
      "properties": {
        "name": "KDMP Murbaya",
        "desa": "Murbaya",
        "kecamatan": "Pringgarata",
        "kabupaten": "Lombok Tengah",
        "provinsi": "Nusa Tenggara Barat",
        "kode_wilayah": "52.02.08.2003"
      }
    },
    {
      "type": "Feature",
      "geometry": {
        "type": "Point",
        "coordinates": [116.23861, -8.61451]
      },
      "properties": {
        "name": "KDMP Arjangka",
        "desa": "Arjangka",
        "kecamatan": "Pringgarata",
        "kabupaten": "Lombok Tengah",
        "provinsi": "Nusa Tenggara Barat",
        "kode_wilayah": "52.02.08.2009"
      }
    },
    {
      "type": "Feature",
      "geometry": {
        "type": "Point",
        "coordinates": [116.36166, -8.60716]
      },
      "properties": {
        "name": "KDMP Bebuak",
        "desa": "Bebuak",
        "kecamatan": "Kopang",
        "kabupaten": "Lombok Tengah",
        "provinsi": "Nusa Tenggara Barat",
        "kode_wilayah": "52.02.09.2004"
      }
    },
    {
      "type": "Feature",
      "geometry": {
        "type": "Point",
        "coordinates": [116.39415, -8.47412]
      },
      "properties": {
        "name": "KDMP Aik Bual",
        "desa": "Aik Bual",
        "kecamatan": "Kopang",
        "kabupaten": "Lombok Tengah",
        "provinsi": "Nusa Tenggara Barat",
        "kode_wilayah": "52.02.09.2010"
      }
    },
    {
      "type": "Feature",
      "geometry": {
        "type": "Point",
        "coordinates": [116.34222, -8.70854]
      },
      "properties": {
        "name": "KDMP Beraim",
        "desa": "Beraim",
        "kecamatan": "Praya Tengah",
        "kabupaten": "Lombok Tengah",
        "provinsi": "Nusa Tenggara Barat",
        "kode_wilayah": "52.02.10.2005"
      }
    },
    {
      "type": "Feature",
      "geometry": {
        "type": "Point",
        "coordinates": [116.33984, -8.71796]
      },
      "properties": {
        "name": "KDMP Dakung",
        "desa": "Dakung",
        "kecamatan": "Praya Tengah",
        "kabupaten": "Lombok Tengah",
        "provinsi": "Nusa Tenggara Barat",
        "kode_wilayah": "52.02.10.2011"
      }
    },
    {
      "type": "Feature",
      "geometry": {
        "type": "Point",
        "coordinates": [116.20568, -8.74345]
      },
      "properties": {
        "name": "KDMP Darek",
        "desa": "Darek",
        "kecamatan": "Praya Barat Daya",
        "kabupaten": "Lombok Tengah",
        "provinsi": "Nusa Tenggara Barat",
        "kode_wilayah": "52.02.11.2005"
      }
    },
    {
      "type": "Feature",
      "geometry": {
        "type": "Point",
        "coordinates": [116.17312, -8.73799]
      },
      "properties": {
        "name": "KDMP Teduh",
        "desa": "Teduh",
        "kecamatan": "Praya Barat Daya",
        "kabupaten": "Lombok Tengah",
        "provinsi": "Nusa Tenggara Barat",
        "kode_wilayah": "52.02.11.2011"
      }
    },
    {
      "type": "Feature",
      "geometry": {
        "type": "Point",
        "coordinates": [116.36716, -8.46963]
      },
      "properties": {
        "name": "KDMP Aik Berik",
        "desa": "Aik Berik",
        "kecamatan": "Batukliang Utara",
        "kabupaten": "Lombok Tengah",
        "provinsi": "Nusa Tenggara Barat",
        "kode_wilayah": "52.02.12.2006"
      }
    },
    {
      "type": "Feature",
      "geometry": {
        "type": "Point",
        "coordinates": [116.46247, -8.74376]
      },
      "properties": {
        "name": "KDMP Sepit",
        "desa": "Sepit",
        "kecamatan": "Keruak",
        "kabupaten": "Lombok Timur",
        "provinsi": "Nusa Tenggara Barat",
        "kode_wilayah": "52.03.01.2004"
      }
    },
    {
      "type": "Feature",
      "geometry": {
        "type": "Point",
        "coordinates": [116.49195, -8.775]
      },
      "properties": {
        "name": "KDMP Dane Rase",
        "desa": "Dane Rase",
        "kecamatan": "Keruak",
        "kabupaten": "Lombok Timur",
        "provinsi": "Nusa Tenggara Barat",
        "kode_wilayah": "52.03.01.2010"
      }
    },
    {
      "type": "Feature",
      "geometry": {
        "type": "Point",
        "coordinates": [116.44023, -8.68964]
      },
      "properties": {
        "name": "KDMP Suwangi",
        "desa": "Suwangi",
        "kecamatan": "Sakra",
        "kabupaten": "Lombok Timur",
        "provinsi": "Nusa Tenggara Barat",
        "kode_wilayah": "52.03.02.2001"
      }
    },
    {
      "type": "Feature",
      "geometry": {
        "type": "Point",
        "coordinates": [116.50094, -8.67175]
      },
      "properties": {
        "name": "KDMP Rumbuk Timur",
        "desa": "Rumbuk Timur",
        "kecamatan": "Sakra",
        "kabupaten": "Lombok Timur",
        "provinsi": "Nusa Tenggara Barat",
        "kode_wilayah": "52.03.02.2007"
      }
    },
    {
      "type": "Feature",
      "geometry": {
        "type": "Point",
        "coordinates": [116.38304, -8.6306]
      },
      "properties": {
        "name": "KDMP Jenggik",
        "desa": "Jenggik",
        "kecamatan": "Terara",
        "kabupaten": "Lombok Timur",
        "provinsi": "Nusa Tenggara Barat",
        "kode_wilayah": "52.03.03.2001"
      }
    },
    {
      "type": "Feature",
      "geometry": {
        "type": "Point",
        "coordinates": [116.38929, -8.66685]
      },
      "properties": {
        "name": "KDMP Rarang Selatan",
        "desa": "Rarang Selatan",
        "kecamatan": "Terara",
        "kabupaten": "Lombok Timur",
        "provinsi": "Nusa Tenggara Barat",
        "kode_wilayah": "52.03.03.2007"
      }
    },
    {
      "type": "Feature",
      "geometry": {
        "type": "Point",
        "coordinates": [123.37944, -10.22954]
      },
      "properties": {
        "name": "KDMP Bokonusan",
        "desa": "Bokonusan",
        "kecamatan": "Semau",
        "kabupaten": "Kupang",
        "provinsi": "Nusa Tenggara Timur",
        "kode_wilayah": "53.01.04.2003"
      }
    },
    {
      "type": "Feature",
      "geometry": {
        "type": "Point",
        "coordinates": [123.40074, -10.15381]
      },
      "properties": {
        "name": "KDMP Batuinan",
        "desa": "Batuinan",
        "kecamatan": "Semau",
        "kabupaten": "Kupang",
        "provinsi": "Nusa Tenggara Timur",
        "kode_wilayah": "53.01.04.2011"
      }
    },
    {
      "type": "Feature",
      "geometry": {
        "type": "Point",
        "coordinates": [123.48086, -10.33364]
      },
      "properties": {
        "name": "KDMP Lifuleo",
        "desa": "Lifuleo",
        "kecamatan": "Kupang Barat",
        "kabupaten": "Kupang",
        "provinsi": "Nusa Tenggara Timur",
        "kode_wilayah": "53.01.05.2005"
      }
    },
    {
      "type": "Feature",
      "geometry": {
        "type": "Point",
        "coordinates": [123.48445, -10.31432]
      },
      "properties": {
        "name": "KDMP Tablolong",
        "desa": "Tablolong",
        "kecamatan": "Kupang Barat",
        "kabupaten": "Kupang",
        "provinsi": "Nusa Tenggara Timur",
        "kode_wilayah": "53.01.05.2011"
      }
    },
    {
      "type": "Feature",
      "geometry": {
        "type": "Point",
        "coordinates": [123.83833, -10.16174]
      },
      "properties": {
        "name": "KDMP Tuatuka",
        "desa": "Tuatuka",
        "kecamatan": "Kupang Timur",
        "kabupaten": "Kupang",
        "provinsi": "Nusa Tenggara Timur",
        "kode_wilayah": "53.01.06.1008"
      }
    },
    {
      "type": "Feature",
      "geometry": {
        "type": "Point",
        "coordinates": [123.88082, -10.09882]
      },
      "properties": {
        "name": "KDMP Manusak",
        "desa": "Manusak",
        "kecamatan": "Kupang Timur",
        "kabupaten": "Kupang",
        "provinsi": "Nusa Tenggara Timur",
        "kode_wilayah": "53.01.06.2016"
      }
    },
    {
      "type": "Feature",
      "geometry": {
        "type": "Point",
        "coordinates": [123.77254, -9.99285]
      },
      "properties": {
        "name": "KDMP Oeteta",
        "desa": "Oeteta",
        "kecamatan": "Sulamu",
        "kabupaten": "Kupang",
        "provinsi": "Nusa Tenggara Timur",
        "kode_wilayah": "53.01.07.2004"
      }
    },
    {
      "type": "Feature",
      "geometry": {
        "type": "Point",
        "coordinates": [123.72081, -10.13054]
      },
      "properties": {
        "name": "KDMP Noelbaki",
        "desa": "Noelbaki",
        "kecamatan": "Kupang Tengah",
        "kabupaten": "Kupang",
        "provinsi": "Nusa Tenggara Timur",
        "kode_wilayah": "53.01.08.2008"
      }
    },
    {
      "type": "Feature",
      "geometry": {
        "type": "Point",
        "coordinates": [123.83249, -10.1926]
      },
      "properties": {
        "name": "KDMP Nonbes",
        "desa": "Nonbes",
        "kecamatan": "Amarasi",
        "kabupaten": "Kupang",
        "provinsi": "Nusa Tenggara Timur",
        "kode_wilayah": "53.01.09.1002"
      }
    },
    {
      "type": "Feature",
      "geometry": {
        "type": "Point",
        "coordinates": [123.94403, -10.23341]
      },
      "properties": {
        "name": "KDMP Apren",
        "desa": "Apren",
        "kecamatan": "Amarasi",
        "kabupaten": "Kupang",
        "provinsi": "Nusa Tenggara Timur",
        "kode_wilayah": "53.01.09.2007"
      }
    },
    {
      "type": "Feature",
      "geometry": {
        "type": "Point",
        "coordinates": [124.00104, -10.07987]
      },
      "properties": {
        "name": "KDMP Oebola",
        "desa": "Oebola",
        "kecamatan": "Fatuleu",
        "kabupaten": "Kupang",
        "provinsi": "Nusa Tenggara Timur",
        "kode_wilayah": "53.01.10.2009"
      }
    },
    {
      "type": "Feature",
      "geometry": {
        "type": "Point",
        "coordinates": [123.9494, -9.92637]
      },
      "properties": {
        "name": "KDMP Kiuoni",
        "desa": "Kiuoni",
        "kecamatan": "Fatuleu",
        "kabupaten": "Kupang",
        "provinsi": "Nusa Tenggara Timur",
        "kode_wilayah": "53.01.10.2015"
      }
    },
    {
      "type": "Feature",
      "geometry": {
        "type": "Point",
        "coordinates": [123.89087, -9.81164]
      },
      "properties": {
        "name": "KDMP Tanini",
        "desa": "Tanini",
        "kecamatan": "Takari",
        "kabupaten": "Kupang",
        "provinsi": "Nusa Tenggara Timur",
        "kode_wilayah": "53.01.11.2005"
      }
    },
    {
      "type": "Feature",
      "geometry": {
        "type": "Point",
        "coordinates": [123.85724, -9.78386]
      },
      "properties": {
        "name": "KDMP Fatusuki",
        "desa": "Fatusuki",
        "kecamatan": "Amfoang Selatan",
        "kabupaten": "Kupang",
        "provinsi": "Nusa Tenggara Timur",
        "kode_wilayah": "53.01.12.2001"
      }
    },
    {
      "type": "Feature",
      "geometry": {
        "type": "Point",
        "coordinates": [123.85042, -9.52457]
      },
      "properties": {
        "name": "KDMP Naikliu",
        "desa": "Naikliu",
        "kecamatan": "Amfoang Utara",
        "kabupaten": "Kupang",
        "provinsi": "Nusa Tenggara Timur",
        "kode_wilayah": "53.01.13.1002"
      }
    },
    {
      "type": "Feature",
      "geometry": {
        "type": "Point",
        "coordinates": [123.6351, -10.23006]
      },
      "properties": {
        "name": "KDMP Oelomin",
        "desa": "Oelomin",
        "kecamatan": "Nekamese",
        "kabupaten": "Kupang",
        "provinsi": "Nusa Tenggara Timur",
        "kode_wilayah": "53.01.16.2001"
      }
    },
    {
      "type": "Feature",
      "geometry": {
        "type": "Point",
        "coordinates": [123.6453, -10.34241]
      },
      "properties": {
        "name": "KDMP Oepaha",
        "desa": "Oepaha",
        "kecamatan": "Nekamese",
        "kabupaten": "Kupang",
        "provinsi": "Nusa Tenggara Timur",
        "kode_wilayah": "53.01.16.2007"
      }
    },
    {
      "type": "Feature",
      "geometry": {
        "type": "Point",
        "coordinates": [123.7263, -10.27047]
      },
      "properties": {
        "name": "KDMP Soba",
        "desa": "Soba",
        "kecamatan": "Amarasi Barat",
        "kabupaten": "Kupang",
        "provinsi": "Nusa Tenggara Timur",
        "kode_wilayah": "53.01.17.2002"
      }
    },
    {
      "type": "Feature",
      "geometry": {
        "type": "Point",
        "coordinates": [123.7589, -10.33151]
      },
      "properties": {
        "name": "KDMP Erbaun",
        "desa": "Erbaun",
        "kecamatan": "Amarasi Barat",
        "kabupaten": "Kupang",
        "provinsi": "Nusa Tenggara Timur",
        "kode_wilayah": "53.01.17.2008"
      }
    },
    {
      "type": "Feature",
      "geometry": {
        "type": "Point",
        "coordinates": [123.99731, -10.19907]
      },
      "properties": {
        "name": "KDMP Oebesi",
        "desa": "Oebesi",
        "kecamatan": "Amarasi Timur",
        "kabupaten": "Kupang",
        "provinsi": "Nusa Tenggara Timur",
        "kode_wilayah": "53.01.19.2001"
      }
    },
    {
      "type": "Feature",
      "geometry": {
        "type": "Point",
        "coordinates": [124.09198, -10.09161]
      },
      "properties": {
        "name": "KDMP Nunmafo",
        "desa": "Nunmafo",
        "kecamatan": "Amabi Oefeto Timur",
        "kabupaten": "Kupang",
        "provinsi": "Nusa Tenggara Timur",
        "kode_wilayah": "53.01.20.2003"
      }
    },
    {
      "type": "Feature",
      "geometry": {
        "type": "Point",
        "coordinates": [124.1419, -10.06908]
      },
      "properties": {
        "name": "KDMP Enolanan",
        "desa": "Enolanan",
        "kecamatan": "Amabi Oefeto Timur",
        "kabupaten": "Kupang",
        "provinsi": "Nusa Tenggara Timur",
        "kode_wilayah": "53.01.20.2009"
      }
    },
    {
      "type": "Feature",
      "geometry": {
        "type": "Point",
        "coordinates": [123.73948, -9.61751]
      },
      "properties": {
        "name": "KDMP Soliu",
        "desa": "Soliu",
        "kecamatan": "Amfoang Barat Laut",
        "kabupaten": "Kupang",
        "provinsi": "Nusa Tenggara Timur",
        "kode_wilayah": "53.01.22.2001"
      }
    },
    {
      "type": "Feature",
      "geometry": {
        "type": "Point",
        "coordinates": [123.3821, -10.30641]
      },
      "properties": {
        "name": "KDMP Akle",
        "desa": "Akle",
        "kecamatan": "Semau Selatan",
        "kabupaten": "Kupang",
        "provinsi": "Nusa Tenggara Timur",
        "kode_wilayah": "53.01.23.2001"
      }
    },
    {
      "type": "Feature",
      "geometry": {
        "type": "Point",
        "coordinates": [123.66351, -10.20866]
      },
      "properties": {
        "name": "KDMP Oeltuah",
        "desa": "Oeltuah",
        "kecamatan": "Taebenu",
        "kabupaten": "Kupang",
        "provinsi": "Nusa Tenggara Timur",
        "kode_wilayah": "53.01.24.2001"
      }
    },
    {
      "type": "Feature",
      "geometry": {
        "type": "Point",
        "coordinates": [123.70579, -10.20464]
      },
      "properties": {
        "name": "KDMP Baumata Timur",
        "desa": "Baumata Timur",
        "kecamatan": "Taebenu",
        "kabupaten": "Kupang",
        "provinsi": "Nusa Tenggara Timur",
        "kode_wilayah": "53.01.24.2007"
      }
    },
    {
      "type": "Feature",
      "geometry": {
        "type": "Point",
        "coordinates": [123.86065, -10.14147]
      },
      "properties": {
        "name": "KDMP Fatuteta",
        "desa": "Fatuteta",
        "kecamatan": "Amabi Oefeto",
        "kabupaten": "Kupang",
        "provinsi": "Nusa Tenggara Timur",
        "kode_wilayah": "53.01.25.2005"
      }
    },
    {
      "type": "Feature",
      "geometry": {
        "type": "Point",
        "coordinates": [124.06003, -9.39789]
      },
      "properties": {
        "name": "KDMP Netemnanu Utara",
        "desa": "Netemnanu Utara",
        "kecamatan": "Amfoang Timur",
        "kabupaten": "Kupang",
        "provinsi": "Nusa Tenggara Timur",
        "kode_wilayah": "53.01.26.2004"
      }
    },
    {
      "type": "Feature",
      "geometry": {
        "type": "Point",
        "coordinates": [123.73289, -9.85717]
      },
      "properties": {
        "name": "KDMP Naitae",
        "desa": "Naitae",
        "kecamatan": "Fatuleu Barat",
        "kabupaten": "Kupang",
        "provinsi": "Nusa Tenggara Timur",
        "kode_wilayah": "53.01.27.2005"
      }
    },
    {
      "type": "Feature",
      "geometry": {
        "type": "Point",
        "coordinates": [124.05423, -9.66871]
      },
      "properties": {
        "name": "KDMP Binafun",
        "desa": "Binafun",
        "kecamatan": "Amfoang Tengah",
        "kabupaten": "Kupang",
        "provinsi": "Nusa Tenggara Timur",
        "kode_wilayah": "53.01.30.2002"
      }
    },
    {
      "type": "Feature",
      "geometry": {
        "type": "Point",
        "coordinates": [124.2843, -9.86248]
      },
      "properties": {
        "name": "KDMP Taubneno",
        "desa": "Taubneno",
        "kecamatan": "Kota Soe",
        "kabupaten": "Timor Tengah Selatan",
        "provinsi": "Nusa Tenggara Timur",
        "kode_wilayah": "53.02.01.1004"
      }
    },
    {
      "type": "Feature",
      "geometry": {
        "type": "Point",
        "coordinates": [124.28163, -9.85584]
      },
      "properties": {
        "name": "KDMP Kota Baru",
        "desa": "Kota Baru",
        "kecamatan": "Kota Soe",
        "kabupaten": "Timor Tengah Selatan",
        "provinsi": "Nusa Tenggara Timur",
        "kode_wilayah": "53.02.01.1010"
      }
    },
    {
      "type": "Feature",
      "geometry": {
        "type": "Point",
        "coordinates": [124.1514, -9.91497]
      },
      "properties": {
        "name": "KDMP Tuasene",
        "desa": "Tuasene",
        "kecamatan": "Mollo Selatan",
        "kabupaten": "Timor Tengah Selatan",
        "provinsi": "Nusa Tenggara Timur",
        "kode_wilayah": "53.02.02.2006"
      }
    },
    {
      "type": "Feature",
      "geometry": {
        "type": "Point",
        "coordinates": [124.27897, -9.74346]
      },
      "properties": {
        "name": "KDMP Eonbesi",
        "desa": "Eonbesi",
        "kecamatan": "Mollo Utara",
        "kabupaten": "Timor Tengah Selatan",
        "provinsi": "Nusa Tenggara Timur",
        "kode_wilayah": "53.02.03.2002"
      }
    },
    {
      "type": "Feature",
      "geometry": {
        "type": "Point",
        "coordinates": [124.27849, -9.6845]
      },
      "properties": {
        "name": "KDMP Bijaepunu",
        "desa": "Bijaepunu",
        "kecamatan": "Mollo Utara",
        "kabupaten": "Timor Tengah Selatan",
        "provinsi": "Nusa Tenggara Timur",
        "kode_wilayah": "53.02.03.2010"
      }
    },
    {
      "type": "Feature",
      "geometry": {
        "type": "Point",
        "coordinates": [124.14294, -9.73979]
      },
      "properties": {
        "name": "KDMP Kokfe'u",
        "desa": "Kokfe'u",
        "kecamatan": "Mollo Utara",
        "kabupaten": "Timor Tengah Selatan",
        "provinsi": "Nusa Tenggara Timur",
        "kode_wilayah": "53.02.03.2016"
      }
    },
    {
      "type": "Feature",
      "geometry": {
        "type": "Point",
        "coordinates": [124.53157, -9.71651]
      },
      "properties": {
        "name": "KDMP Oelet",
        "desa": "Oelet",
        "kecamatan": "Amanuban Timur",
        "kabupaten": "Timor Tengah Selatan",
        "provinsi": "Nusa Tenggara Timur",
        "kode_wilayah": "53.02.04.2002"
      }
    },
    {
      "type": "Feature",
      "geometry": {
        "type": "Point",
        "coordinates": [124.57119, -9.69271]
      },
      "properties": {
        "name": "KDMP Oe'Ekam",
        "desa": "Oe'Ekam",
        "kecamatan": "Amanuban Timur",
        "kabupaten": "Timor Tengah Selatan",
        "provinsi": "Nusa Tenggara Timur",
        "kode_wilayah": "53.02.04.2012"
      }
    },
    {
      "type": "Feature",
      "geometry": {
        "type": "Point",
        "coordinates": [124.47253, -9.9205]
      },
      "properties": {
        "name": "KDMP Oe'ekam",
        "desa": "Oe'ekam",
        "kecamatan": "Amanuban Tengah",
        "kabupaten": "Timor Tengah Selatan",
        "provinsi": "Nusa Tenggara Timur",
        "kode_wilayah": "53.02.05.2003"
      }
    },
    {
      "type": "Feature",
      "geometry": {
        "type": "Point",
        "coordinates": [124.45981, -9.80404]
      },
      "properties": {
        "name": "KDMP Bone",
        "desa": "Bone",
        "kecamatan": "Amanuban Tengah",
        "kabupaten": "Timor Tengah Selatan",
        "provinsi": "Nusa Tenggara Timur",
        "kode_wilayah": "53.02.05.2009"
      }
    },
    {
      "type": "Feature",
      "geometry": {
        "type": "Point",
        "coordinates": [124.28155, -10.03747]
      },
      "properties": {
        "name": "KDMP Kiubaat",
        "desa": "Kiubaat",
        "kecamatan": "Amanuban Selatan",
        "kabupaten": "Timor Tengah Selatan",
        "provinsi": "Nusa Tenggara Timur",
        "kode_wilayah": "53.02.06.2010"
      }
    },
    {
      "type": "Feature",
      "geometry": {
        "type": "Point",
        "coordinates": [124.35514, -9.86517]
      },
      "properties": {
        "name": "KDMP Tublopo",
        "desa": "Tublopo",
        "kecamatan": "Amanuban Barat",
        "kabupaten": "Timor Tengah Selatan",
        "provinsi": "Nusa Tenggara Timur",
        "kode_wilayah": "53.02.07.2007"
      }
    },
    {
      "type": "Feature",
      "geometry": {
        "type": "Point",
        "coordinates": [124.2693, -9.91602]
      },
      "properties": {
        "name": "KDMP Haumeni Baki",
        "desa": "Haumeni Baki",
        "kecamatan": "Amanuban Barat",
        "kabupaten": "Timor Tengah Selatan",
        "provinsi": "Nusa Tenggara Timur",
        "kode_wilayah": "53.02.07.2013"
      }
    },
    {
      "type": "Feature",
      "geometry": {
        "type": "Point",
        "coordinates": [124.65726, -9.85635]
      },
      "properties": {
        "name": "KDMP Kuale'u",
        "desa": "Kuale'u",
        "kecamatan": "Amanatun Selatan",
        "kabupaten": "Timor Tengah Selatan",
        "provinsi": "Nusa Tenggara Timur",
        "kode_wilayah": "53.02.08.2005"
      }
    },
    {
      "type": "Feature",
      "geometry": {
        "type": "Point",
        "coordinates": [124.62479, -9.86055]
      },
      "properties": {
        "name": "KDMP Fatulunu",
        "desa": "Fatulunu",
        "kecamatan": "Amanatun Selatan",
        "kabupaten": "Timor Tengah Selatan",
        "provinsi": "Nusa Tenggara Timur",
        "kode_wilayah": "53.02.08.2011"
      }
    },
    {
      "type": "Feature",
      "geometry": {
        "type": "Point",
        "coordinates": [124.68377, -9.69923]
      },
      "properties": {
        "name": "KDMP Snok",
        "desa": "Snok",
        "kecamatan": "Amanatun Utara",
        "kabupaten": "Timor Tengah Selatan",
        "provinsi": "Nusa Tenggara Timur",
        "kode_wilayah": "53.02.09.2004"
      }
    },
    {
      "type": "Feature",
      "geometry": {
        "type": "Point",
        "coordinates": [124.51025, -9.77994]
      },
      "properties": {
        "name": "KDMP Pilli",
        "desa": "Pilli",
        "kecamatan": "KI'E",
        "kabupaten": "Timor Tengah Selatan",
        "provinsi": "Nusa Tenggara Timur",
        "kode_wilayah": "53.02.10.2001"
      }
    },
    {
      "type": "Feature",
      "geometry": {
        "type": "Point",
        "coordinates": [124.61376, -9.9107]
      },
      "properties": {
        "name": "KDMP Fatuulan",
        "desa": "Fatuulan",
        "kecamatan": "KI'E",
        "kabupaten": "Timor Tengah Selatan",
        "provinsi": "Nusa Tenggara Timur",
        "kode_wilayah": "53.02.10.2007"
      }
    },
    {
      "type": "Feature",
      "geometry": {
        "type": "Point",
        "coordinates": [124.51288, -9.88469]
      },
      "properties": {
        "name": "KDMP Naile'u",
        "desa": "Naile'u",
        "kecamatan": "KI'E",
        "kabupaten": "Timor Tengah Selatan",
        "provinsi": "Nusa Tenggara Timur",
        "kode_wilayah": "53.02.10.2013"
      }
    },
    {
      "type": "Feature",
      "geometry": {
        "type": "Point",
        "coordinates": [124.44192, -10.02855]
      },
      "properties": {
        "name": "KDMP Kuanfatu",
        "desa": "Kuanfatu",
        "kecamatan": "Kuanfatu",
        "kabupaten": "Timor Tengah Selatan",
        "provinsi": "Nusa Tenggara Timur",
        "kode_wilayah": "53.02.11.2007"
      }
    },
    {
      "type": "Feature",
      "geometry": {
        "type": "Point",
        "coordinates": [109.35394, 1.33519]
      },
      "properties": {
        "name": "KDMP Dalam Kaum",
        "desa": "Dalam Kaum",
        "kecamatan": "Sambas",
        "kabupaten": "Sambas",
        "provinsi": "Kalimantan Barat",
        "kode_wilayah": "61.01.01.2001"
      }
    },
    {
      "type": "Feature",
      "geometry": {
        "type": "Point",
        "coordinates": [109.28248, 1.36832]
      },
      "properties": {
        "name": "KDMP Lorong",
        "desa": "Lorong",
        "kecamatan": "Sambas",
        "kabupaten": "Sambas",
        "provinsi": "Kalimantan Barat",
        "kode_wilayah": "61.01.01.2007"
      }
    },
    {
      "type": "Feature",
      "geometry": {
        "type": "Point",
        "coordinates": [109.2724, 1.34797]
      },
      "properties": {
        "name": "KDMP Saing Rambi",
        "desa": "Saing Rambi",
        "kecamatan": "Sambas",
        "kabupaten": "Sambas",
        "provinsi": "Kalimantan Barat",
        "kode_wilayah": "61.01.01.2013"
      }
    },
    {
      "type": "Feature",
      "geometry": {
        "type": "Point",
        "coordinates": [109.19799, 1.44178]
      },
      "properties": {
        "name": "KDMP Sungai Kumpai",
        "desa": "Sungai Kumpai",
        "kecamatan": "Teluk Keramat",
        "kabupaten": "Sambas",
        "provinsi": "Kalimantan Barat",
        "kode_wilayah": "61.01.02.2001"
      }
    },
    {
      "type": "Feature",
      "geometry": {
        "type": "Point",
        "coordinates": [109.18604, 1.38383]
      },
      "properties": {
        "name": "KDMP Berlimang",
        "desa": "Berlimang",
        "kecamatan": "Teluk Keramat",
        "kabupaten": "Sambas",
        "provinsi": "Kalimantan Barat",
        "kode_wilayah": "61.01.02.2007"
      }
    },
    {
      "type": "Feature",
      "geometry": {
        "type": "Point",
        "coordinates": [109.25205, 1.41426]
      },
      "properties": {
        "name": "KDMP Kubangga",
        "desa": "Kubangga",
        "kecamatan": "Teluk Keramat",
        "kabupaten": "Sambas",
        "provinsi": "Kalimantan Barat",
        "kode_wilayah": "61.01.02.2013"
      }
    },
    {
      "type": "Feature",
      "geometry": {
        "type": "Point",
        "coordinates": [109.25657, 1.50504]
      },
      "properties": {
        "name": "KDMP Teluk Kembang",
        "desa": "Teluk Kembang",
        "kecamatan": "Teluk Keramat",
        "kabupaten": "Sambas",
        "provinsi": "Kalimantan Barat",
        "kode_wilayah": "61.01.02.2026"
      }
    },
    {
      "type": "Feature",
      "geometry": {
        "type": "Point",
        "coordinates": [109.28832, 1.51911]
      },
      "properties": {
        "name": "KDMP Sabing",
        "desa": "Sabing",
        "kecamatan": "Teluk Keramat",
        "kabupaten": "Sambas",
        "provinsi": "Kalimantan Barat",
        "kode_wilayah": "61.01.02.2032"
      }
    },
    {
      "type": "Feature",
      "geometry": {
        "type": "Point",
        "coordinates": [109.09552, 1.36729]
      },
      "properties": {
        "name": "KDMP Pelimpaan",
        "desa": "Pelimpaan",
        "kecamatan": "Jawai",
        "kabupaten": "Sambas",
        "provinsi": "Kalimantan Barat",
        "kode_wilayah": "61.01.03.2006"
      }
    },
    {
      "type": "Feature",
      "geometry": {
        "type": "Point",
        "coordinates": [109.1047, 1.37509]
      },
      "properties": {
        "name": "KDMP Lambau",
        "desa": "Lambau",
        "kecamatan": "Jawai",
        "kabupaten": "Sambas",
        "provinsi": "Kalimantan Barat",
        "kode_wilayah": "61.01.03.2021"
      }
    },
    {
      "type": "Feature",
      "geometry": {
        "type": "Point",
        "coordinates": [109.20648, 1.19575]
      },
      "properties": {
        "name": "KDMP Seberkat",
        "desa": "Seberkat",
        "kecamatan": "Tebas",
        "kabupaten": "Sambas",
        "provinsi": "Kalimantan Barat",
        "kode_wilayah": "61.01.04.2005"
      }
    },
    {
      "type": "Feature",
      "geometry": {
        "type": "Point",
        "coordinates": [109.09825, 1.19274]
      },
      "properties": {
        "name": "KDMP Segedong",
        "desa": "Segedong",
        "kecamatan": "Tebas",
        "kabupaten": "Sambas",
        "provinsi": "Kalimantan Barat",
        "kode_wilayah": "61.01.04.2011"
      }
    },
    {
      "type": "Feature",
      "geometry": {
        "type": "Point",
        "coordinates": [109.1253, 1.13619]
      },
      "properties": {
        "name": "KDMP Serindang",
        "desa": "Serindang",
        "kecamatan": "Tebas",
        "kabupaten": "Sambas",
        "provinsi": "Kalimantan Barat",
        "kode_wilayah": "61.01.04.2017"
      }
    },
    {
      "type": "Feature",
      "geometry": {
        "type": "Point",
        "coordinates": [109.32351, 1.04516]
      },
      "properties": {
        "name": "KDMP Seret Ayon",
        "desa": "Seret Ayon",
        "kecamatan": "Tebas",
        "kabupaten": "Sambas",
        "provinsi": "Kalimantan Barat",
        "kode_wilayah": "61.01.04.2023"
      }
    },
    {
      "type": "Feature",
      "geometry": {
        "type": "Point",
        "coordinates": [108.94463, 1.13348]
      },
      "properties": {
        "name": "KDMP Sebatuan",
        "desa": "Sebatuan",
        "kecamatan": "Pemangkat",
        "kabupaten": "Sambas",
        "provinsi": "Kalimantan Barat",
        "kode_wilayah": "61.01.05.2016"
      }
    },
    {
      "type": "Feature",
      "geometry": {
        "type": "Point",
        "coordinates": [109.30929, 1.41945]
      },
      "properties": {
        "name": "KDMP Setalik",
        "desa": "Setalik",
        "kecamatan": "Sejangkung",
        "kabupaten": "Sambas",
        "provinsi": "Kalimantan Barat",
        "kode_wilayah": "61.01.06.2004"
      }
    },
    {
      "type": "Feature",
      "geometry": {
        "type": "Point",
        "coordinates": [109.43194, 1.4335]
      },
      "properties": {
        "name": "KDMP Perigi Limus",
        "desa": "Perigi Limus",
        "kecamatan": "Sejangkung",
        "kabupaten": "Sambas",
        "provinsi": "Kalimantan Barat",
        "kode_wilayah": "61.01.06.2010"
      }
    },
    {
      "type": "Feature",
      "geometry": {
        "type": "Point",
        "coordinates": [108.97369, 1.05528]
      },
      "properties": {
        "name": "KDMP Sungai Nyirih",
        "desa": "Sungai Nyirih",
        "kecamatan": "Selakau",
        "kabupaten": "Sambas",
        "provinsi": "Kalimantan Barat",
        "kode_wilayah": "61.01.07.2004"
      }
    },
    {
      "type": "Feature",
      "geometry": {
        "type": "Point",
        "coordinates": [109.03027, 1.05004]
      },
      "properties": {
        "name": "KDMP Parit Kongsi",
        "desa": "Parit Kongsi",
        "kecamatan": "Selakau",
        "kabupaten": "Sambas",
        "provinsi": "Kalimantan Barat",
        "kode_wilayah": "61.01.07.2014"
      }
    },
    {
      "type": "Feature",
      "geometry": {
        "type": "Point",
        "coordinates": [109.20533, 1.59912]
      },
      "properties": {
        "name": "KDMP Matang Danau",
        "desa": "Matang Danau",
        "kecamatan": "Paloh",
        "kabupaten": "Sambas",
        "provinsi": "Kalimantan Barat",
        "kode_wilayah": "61.01.08.2005"
      }
    },
    {
      "type": "Feature",
      "geometry": {
        "type": "Point",
        "coordinates": [109.51388, 1.66866]
      },
      "properties": {
        "name": "KDMP Santaban",
        "desa": "Santaban",
        "kecamatan": "Sajingan Besar",
        "kabupaten": "Sambas",
        "provinsi": "Kalimantan Barat",
        "kode_wilayah": "61.01.09.2003"
      }
    },
    {
      "type": "Feature",
      "geometry": {
        "type": "Point",
        "coordinates": [109.38783, 1.2786]
      },
      "properties": {
        "name": "KDMP Sabung",
        "desa": "Sabung",
        "kecamatan": "Subah",
        "kabupaten": "Sambas",
        "provinsi": "Kalimantan Barat",
        "kode_wilayah": "61.01.10.2004"
      }
    },
    {
      "type": "Feature",
      "geometry": {
        "type": "Point",
        "coordinates": [109.50548, 1.13283]
      },
      "properties": {
        "name": "KDMP Mensade",
        "desa": "Mensade",
        "kecamatan": "Subah",
        "kabupaten": "Sambas",
        "provinsi": "Kalimantan Barat",
        "kode_wilayah": "61.01.10.2010"
      }
    },
    {
      "type": "Feature",
      "geometry": {
        "type": "Point",
        "coordinates": [109.34271, 1.64333]
      },
      "properties": {
        "name": "KDMP Tempapan Hulu",
        "desa": "Tempapan Hulu",
        "kecamatan": "Galing",
        "kabupaten": "Sambas",
        "provinsi": "Kalimantan Barat",
        "kode_wilayah": "61.01.11.2005"
      }
    },
    {
      "type": "Feature",
      "geometry": {
        "type": "Point",
        "coordinates": [109.12924, 1.26848]
      },
      "properties": {
        "name": "KDMP Tekarang",
        "desa": "Tekarang",
        "kecamatan": "Tekarang",
        "kabupaten": "Sambas",
        "provinsi": "Kalimantan Barat",
        "kode_wilayah": "61.01.12.2001"
      }
    },
    {
      "type": "Feature",
      "geometry": {
        "type": "Point",
        "coordinates": [109.0991, 1.26948]
      },
      "properties": {
        "name": "KDMP Matang Segarau",
        "desa": "Matang Segarau",
        "kecamatan": "Tekarang",
        "kabupaten": "Sambas",
        "provinsi": "Kalimantan Barat",
        "kode_wilayah": "61.01.12.2007"
      }
    },
    {
      "type": "Feature",
      "geometry": {
        "type": "Point",
        "coordinates": [109.35405, 1.40874]
      },
      "properties": {
        "name": "KDMP Jirak",
        "desa": "Jirak",
        "kecamatan": "Sajad",
        "kabupaten": "Sambas",
        "provinsi": "Kalimantan Barat",
        "kode_wilayah": "61.01.14.2001"
      }
    },
    {
      "type": "Feature",
      "geometry": {
        "type": "Point",
        "coordinates": [109.23752, 1.25776]
      },
      "properties": {
        "name": "KDMP Sebawi",
        "desa": "Sebawi",
        "kecamatan": "Sebawi",
        "kabupaten": "Sambas",
        "provinsi": "Kalimantan Barat",
        "kode_wilayah": "61.01.15.2003"
      }
    },
    {
      "type": "Feature",
      "geometry": {
        "type": "Point",
        "coordinates": [109.0125, 1.22401]
      },
      "properties": {
        "name": "KDMP Jelu Air",
        "desa": "Jelu Air",
        "kecamatan": "Jawai Selatan",
        "kabupaten": "Sambas",
        "provinsi": "Kalimantan Barat",
        "kode_wilayah": "61.01.16.2002"
      }
    },
    {
      "type": "Feature",
      "geometry": {
        "type": "Point",
        "coordinates": [109.05355, 1.2189]
      },
      "properties": {
        "name": "KDMP Semperiuk B",
        "desa": "Semperiuk B",
        "kecamatan": "Jawai Selatan",
        "kabupaten": "Sambas",
        "provinsi": "Kalimantan Barat",
        "kode_wilayah": "61.01.16.2008"
      }
    },
    {
      "type": "Feature",
      "geometry": {
        "type": "Point",
        "coordinates": [109.18256, 1.54456]
      },
      "properties": {
        "name": "KDMP Merpati",
        "desa": "Merpati",
        "kecamatan": "Tangaran",
        "kabupaten": "Sambas",
        "provinsi": "Kalimantan Barat",
        "kode_wilayah": "61.01.17.2005"
      }
    },
    {
      "type": "Feature",
      "geometry": {
        "type": "Point",
        "coordinates": [109.05551, 1.12879]
      },
      "properties": {
        "name": "KDMP Serunai",
        "desa": "Serunai",
        "kecamatan": "Salatiga",
        "kabupaten": "Sambas",
        "provinsi": "Kalimantan Barat",
        "kode_wilayah": "61.01.18.2003"
      }
    },
    {
      "type": "Feature",
      "geometry": {
        "type": "Point",
        "coordinates": [109.16174, 1.0256]
      },
      "properties": {
        "name": "KDMP Buduk Sempadang",
        "desa": "Buduk Sempadang",
        "kecamatan": "Selakau Timur",
        "kabupaten": "Sambas",
        "provinsi": "Kalimantan Barat",
        "kode_wilayah": "61.01.19.2004"
      }
    },
    {
      "type": "Feature",
      "geometry": {
        "type": "Point",
        "coordinates": [109.02297, 0.40665]
      },
      "properties": {
        "name": "KDMP Pasir",
        "desa": "Pasir",
        "kecamatan": "Mempawah Hilir",
        "kabupaten": "Mempawah",
        "provinsi": "Kalimantan Barat",
        "kode_wilayah": "61.02.01.2003"
      }
    },
    {
      "type": "Feature",
      "geometry": {
        "type": "Point",
        "coordinates": [109.21348, 0.38635]
      },
      "properties": {
        "name": "KDMP Terap",
        "desa": "Terap",
        "kecamatan": "Toho",
        "kabupaten": "Mempawah",
        "provinsi": "Kalimantan Barat",
        "kode_wilayah": "61.02.06.2004"
      }
    },
    {
      "type": "Feature",
      "geometry": {
        "type": "Point",
        "coordinates": [109.09417, 0.32547]
      },
      "properties": {
        "name": "KDMP Sungai Rasau",
        "desa": "Sungai Rasau",
        "kecamatan": "Sungai Pinyuh",
        "kabupaten": "Mempawah",
        "provinsi": "Kalimantan Barat",
        "kode_wilayah": "61.02.07.2001"
      }
    },
    {
      "type": "Feature",
      "geometry": {
        "type": "Point",
        "coordinates": [109.1091, 0.26838]
      },
      "properties": {
        "name": "KDMP Nusapati",
        "desa": "Nusapati",
        "kecamatan": "Sungai Pinyuh",
        "kabupaten": "Mempawah",
        "provinsi": "Kalimantan Barat",
        "kode_wilayah": "61.02.07.2007"
      }
    },
    {
      "type": "Feature",
      "geometry": {
        "type": "Point",
        "coordinates": [109.21429, 0.09828]
      },
      "properties": {
        "name": "KDMP Jungkat",
        "desa": "Jungkat",
        "kecamatan": "Jongkat",
        "kabupaten": "Mempawah",
        "provinsi": "Kalimantan Barat",
        "kode_wilayah": "61.02.08.2010"
      }
    },
    {
      "type": "Feature",
      "geometry": {
        "type": "Point",
        "coordinates": [108.93883, 0.49651]
      },
      "properties": {
        "name": "KDMP Sungai Kunyit Dalam",
        "desa": "Sungai Kunyit Dalam",
        "kecamatan": "Sungai Kunyit",
        "kabupaten": "Mempawah",
        "provinsi": "Kalimantan Barat",
        "kode_wilayah": "61.02.12.2006"
      }
    },
    {
      "type": "Feature",
      "geometry": {
        "type": "Point",
        "coordinates": [109.03851, 0.48865]
      },
      "properties": {
        "name": "KDMP Semudun",
        "desa": "Semudun",
        "kecamatan": "Sungai Kunyit",
        "kabupaten": "Mempawah",
        "provinsi": "Kalimantan Barat",
        "kode_wilayah": "61.02.12.2012"
      }
    },
    {
      "type": "Feature",
      "geometry": {
        "type": "Point",
        "coordinates": [109.16826, 0.1636]
      },
      "properties": {
        "name": "KDMP Sungai Burung",
        "desa": "Sungai Burung",
        "kecamatan": "Segedong",
        "kabupaten": "Mempawah",
        "provinsi": "Kalimantan Barat",
        "kode_wilayah": "61.02.15.2006"
      }
    },
    {
      "type": "Feature",
      "geometry": {
        "type": "Point",
        "coordinates": [109.1538, 0.50187]
      },
      "properties": {
        "name": "KDMP Sekabuk",
        "desa": "Sekabuk",
        "kecamatan": "Sadaniang",
        "kabupaten": "Mempawah",
        "provinsi": "Kalimantan Barat",
        "kode_wilayah": "61.02.17.2001"
      }
    },
    {
      "type": "Feature",
      "geometry": {
        "type": "Point",
        "coordinates": [108.96423, 0.37237]
      },
      "properties": {
        "name": "KDMP Pulau Pedalaman",
        "desa": "Pulau Pedalaman",
        "kecamatan": "Mempawah Timur",
        "kabupaten": "Mempawah",
        "provinsi": "Kalimantan Barat",
        "kode_wilayah": "61.02.18.1001"
      }
    },
    {
      "type": "Feature",
      "geometry": {
        "type": "Point",
        "coordinates": [109.01233, 0.33504]
      },
      "properties": {
        "name": "KDMP Sungai Bakau Kecil",
        "desa": "Sungai Bakau Kecil",
        "kecamatan": "Mempawah Timur",
        "kabupaten": "Mempawah",
        "provinsi": "Kalimantan Barat",
        "kode_wilayah": "61.02.18.2007"
      }
    },
    {
      "type": "Feature",
      "geometry": {
        "type": "Point",
        "coordinates": [110.58513, 0.10599]
      },
      "properties": {
        "name": "KDMP Beringin",
        "desa": "Beringin",
        "kecamatan": "Kapuas",
        "kabupaten": "Sanggau",
        "provinsi": "Kalimantan Barat",
        "kode_wilayah": "61.03.01.1005"
      }
    },
    {
      "type": "Feature",
      "geometry": {
        "type": "Point",
        "coordinates": [110.68696, 0.18021]
      },
      "properties": {
        "name": "KDMP Pana",
        "desa": "Pana",
        "kecamatan": "Kapuas",
        "kabupaten": "Sanggau",
        "provinsi": "Kalimantan Barat",
        "kode_wilayah": "61.03.01.2011"
      }
    },
    {
      "type": "Feature",
      "geometry": {
        "type": "Point",
        "coordinates": [110.42851, -0.05776]
      },
      "properties": {
        "name": "KDMP Sungai Alai",
        "desa": "Sungai Alai",
        "kecamatan": "Kapuas",
        "kabupaten": "Sanggau",
        "provinsi": "Kalimantan Barat",
        "kode_wilayah": "61.03.01.2017"
      }
    },
    {
      "type": "Feature",
      "geometry": {
        "type": "Point",
        "coordinates": [110.62558, 0.00459]
      },
      "properties": {
        "name": "KDMP Belangin",
        "desa": "Belangin",
        "kecamatan": "Kapuas",
        "kabupaten": "Sanggau",
        "provinsi": "Kalimantan Barat",
        "kode_wilayah": "61.03.01.2023"
      }
    },
    {
      "type": "Feature",
      "geometry": {
        "type": "Point",
        "coordinates": [110.7487, 0.18177]
      },
      "properties": {
        "name": "KDMP Engkode",
        "desa": "Engkode",
        "kecamatan": "Mukok",
        "kabupaten": "Sanggau",
        "provinsi": "Kalimantan Barat",
        "kode_wilayah": "61.03.02.2003"
      }
    },
    {
      "type": "Feature",
      "geometry": {
        "type": "Point",
        "coordinates": [110.85678, 0.276]
      },
      "properties": {
        "name": "KDMP Serambai Jaya",
        "desa": "Serambai Jaya",
        "kecamatan": "Mukok",
        "kabupaten": "Sanggau",
        "provinsi": "Kalimantan Barat",
        "kode_wilayah": "61.03.02.2009"
      }
    },
    {
      "type": "Feature",
      "geometry": {
        "type": "Point",
        "coordinates": [111.73121, -2.71958]
      },
      "properties": {
        "name": "KDMP Candi",
        "desa": "Candi",
        "kecamatan": "Kumai",
        "kabupaten": "Kotawaringin Barat",
        "provinsi": "Kalimantan Tengah",
        "kode_wilayah": "62.01.01.1011"
      }
    },
    {
      "type": "Feature",
      "geometry": {
        "type": "Point",
        "coordinates": [111.54587, -2.95446]
      },
      "properties": {
        "name": "KDMP Keraya",
        "desa": "Keraya",
        "kecamatan": "Kumai",
        "kabupaten": "Kotawaringin Barat",
        "provinsi": "Kalimantan Tengah",
        "kode_wilayah": "62.01.01.2004"
      }
    },
    {
      "type": "Feature",
      "geometry": {
        "type": "Point",
        "coordinates": [111.72508, -2.6991]
      },
      "properties": {
        "name": "KDMP Sungai Tendang",
        "desa": "Sungai Tendang",
        "kecamatan": "Kumai",
        "kabupaten": "Kotawaringin Barat",
        "provinsi": "Kalimantan Tengah",
        "kode_wilayah": "62.01.01.2010"
      }
    },
    {
      "type": "Feature",
      "geometry": {
        "type": "Point",
        "coordinates": [111.51137, -2.67308]
      },
      "properties": {
        "name": "KDMP Mendawai Seberang",
        "desa": "Mendawai Seberang",
        "kecamatan": "Arut Selatan",
        "kabupaten": "Kotawaringin Barat",
        "provinsi": "Kalimantan Tengah",
        "kode_wilayah": "62.01.02.1002"
      }
    },
    {
      "type": "Feature",
      "geometry": {
        "type": "Point",
        "coordinates": [111.6636, -2.63411]
      },
      "properties": {
        "name": "KDMP Baru",
        "desa": "Baru",
        "kecamatan": "Arut Selatan",
        "kabupaten": "Kotawaringin Barat",
        "provinsi": "Kalimantan Tengah",
        "kode_wilayah": "62.01.02.1009"
      }
    },
    {
      "type": "Feature",
      "geometry": {
        "type": "Point",
        "coordinates": [111.73942, -2.20893]
      },
      "properties": {
        "name": "KDMP Umpang",
        "desa": "Umpang",
        "kecamatan": "Arut Selatan",
        "kabupaten": "Kotawaringin Barat",
        "provinsi": "Kalimantan Tengah",
        "kode_wilayah": "62.01.02.2013"
      }
    },
    {
      "type": "Feature",
      "geometry": {
        "type": "Point",
        "coordinates": [111.51677, -2.81869]
      },
      "properties": {
        "name": "KDMP Tanjung Terantang",
        "desa": "Tanjung Terantang",
        "kecamatan": "Arut Selatan",
        "kabupaten": "Kotawaringin Barat",
        "provinsi": "Kalimantan Tengah",
        "kode_wilayah": "62.01.02.2019"
      }
    },
    {
      "type": "Feature",
      "geometry": {
        "type": "Point",
        "coordinates": [111.31478, -2.49147]
      },
      "properties": {
        "name": "KDMP Sakabulin",
        "desa": "Sakabulin",
        "kecamatan": "Kotawaringin Lama",
        "kabupaten": "Kotawaringin Barat",
        "provinsi": "Kalimantan Tengah",
        "kode_wilayah": "62.01.03.2003"
      }
    },
    {
      "type": "Feature",
      "geometry": {
        "type": "Point",
        "coordinates": [111.46243, -2.32371]
      },
      "properties": {
        "name": "KDMP Kondang",
        "desa": "Kondang",
        "kecamatan": "Kotawaringin Lama",
        "kabupaten": "Kotawaringin Barat",
        "provinsi": "Kalimantan Tengah",
        "kode_wilayah": "62.01.03.2011"
      }
    },
    {
      "type": "Feature",
      "geometry": {
        "type": "Point",
        "coordinates": [111.2949, -2.36174]
      },
      "properties": {
        "name": "KDMP Sagu Suka Mulya",
        "desa": "Sagu Suka Mulya",
        "kecamatan": "Kotawaringin Lama",
        "kabupaten": "Kotawaringin Barat",
        "provinsi": "Kalimantan Tengah",
        "kode_wilayah": "62.01.03.2017"
      }
    },
    {
      "type": "Feature",
      "geometry": {
        "type": "Point",
        "coordinates": [112.01154, -1.97974]
      },
      "properties": {
        "name": "KDMP Sambi",
        "desa": "Sambi",
        "kecamatan": "Arut Utara",
        "kabupaten": "Kotawaringin Barat",
        "provinsi": "Kalimantan Tengah",
        "kode_wilayah": "62.01.04.2006"
      }
    },
    {
      "type": "Feature",
      "geometry": {
        "type": "Point",
        "coordinates": [111.80781, -2.38198]
      },
      "properties": {
        "name": "KDMP Pangkalan Tiga",
        "desa": "Pangkalan Tiga",
        "kecamatan": "Pangkalan Lada",
        "kabupaten": "Kotawaringin Barat",
        "provinsi": "Kalimantan Tengah",
        "kode_wilayah": "62.01.05.2001"
      }
    },
    {
      "type": "Feature",
      "geometry": {
        "type": "Point",
        "coordinates": [111.76987, -2.55942]
      },
      "properties": {
        "name": "KDMP Sungai Rangit Jaya",
        "desa": "Sungai Rangit Jaya",
        "kecamatan": "Pangkalan Lada",
        "kabupaten": "Kotawaringin Barat",
        "provinsi": "Kalimantan Tengah",
        "kode_wilayah": "62.01.05.2007"
      }
    },
    {
      "type": "Feature",
      "geometry": {
        "type": "Point",
        "coordinates": [111.84395, -2.56514]
      },
      "properties": {
        "name": "KDMP Mulya Jadi",
        "desa": "Mulya Jadi",
        "kecamatan": "Pangkalan Banteng",
        "kabupaten": "Kotawaringin Barat",
        "provinsi": "Kalimantan Tengah",
        "kode_wilayah": "62.01.06.2002"
      }
    },
    {
      "type": "Feature",
      "geometry": {
        "type": "Point",
        "coordinates": [111.94122, -2.38089]
      },
      "properties": {
        "name": "KDMP Arga Mulya",
        "desa": "Arga Mulya",
        "kecamatan": "Pangkalan Banteng",
        "kabupaten": "Kotawaringin Barat",
        "provinsi": "Kalimantan Tengah",
        "kode_wilayah": "62.01.06.2008"
      }
    },
    {
      "type": "Feature",
      "geometry": {
        "type": "Point",
        "coordinates": [111.89082, -2.59341]
      },
      "properties": {
        "name": "KDMP Karang Sari",
        "desa": "Karang Sari",
        "kecamatan": "Pangkalan Banteng",
        "kabupaten": "Kotawaringin Barat",
        "provinsi": "Kalimantan Tengah",
        "kode_wilayah": "62.01.06.2014"
      }
    },
    {
      "type": "Feature",
      "geometry": {
        "type": "Point",
        "coordinates": [112.74476, -2.36052]
      },
      "properties": {
        "name": "KDMP Palangan",
        "desa": "Palangan",
        "kecamatan": "Kota Besi",
        "kabupaten": "Kotawaringin Timur",
        "provinsi": "Kalimantan Tengah",
        "kode_wilayah": "62.02.01.2003"
      }
    },
    {
      "type": "Feature",
      "geometry": {
        "type": "Point",
        "coordinates": [112.95528, -2.3839]
      },
      "properties": {
        "name": "KDMP Bajarum",
        "desa": "Bajarum",
        "kecamatan": "Kota Besi",
        "kabupaten": "Kotawaringin Timur",
        "provinsi": "Kalimantan Tengah",
        "kode_wilayah": "62.02.01.2012"
      }
    },
    {
      "type": "Feature",
      "geometry": {
        "type": "Point",
        "coordinates": [112.95121, -2.29071]
      },
      "properties": {
        "name": "KDMP Jemaras",
        "desa": "Jemaras",
        "kecamatan": "Cempaga",
        "kabupaten": "Kotawaringin Timur",
        "provinsi": "Kalimantan Tengah",
        "kode_wilayah": "62.02.02.2007"
      }
    },
    {
      "type": "Feature",
      "geometry": {
        "type": "Point",
        "coordinates": [112.66361, -2.17527]
      },
      "properties": {
        "name": "KDMP Tangar",
        "desa": "Tangar",
        "kecamatan": "Mentaya Hulu",
        "kabupaten": "Kotawaringin Timur",
        "provinsi": "Kalimantan Tengah",
        "kode_wilayah": "62.02.03.2001"
      }
    },
    {
      "type": "Feature",
      "geometry": {
        "type": "Point",
        "coordinates": [112.61852, -2.007]
      },
      "properties": {
        "name": "KDMP Satiung",
        "desa": "Satiung",
        "kecamatan": "Mentaya Hulu",
        "kabupaten": "Kotawaringin Timur",
        "provinsi": "Kalimantan Tengah",
        "kode_wilayah": "62.02.03.2007"
      }
    },
    {
      "type": "Feature",
      "geometry": {
        "type": "Point",
        "coordinates": [112.59872, -1.89098]
      },
      "properties": {
        "name": "KDMP Tanjung Jariangau",
        "desa": "Tanjung Jariangau",
        "kecamatan": "Mentaya Hulu",
        "kabupaten": "Kotawaringin Timur",
        "provinsi": "Kalimantan Tengah",
        "kode_wilayah": "62.02.03.2015"
      }
    },
    {
      "type": "Feature",
      "geometry": {
        "type": "Point",
        "coordinates": [112.77612, -1.91273]
      },
      "properties": {
        "name": "KDMP Barunang Miri",
        "desa": "Barunang Miri",
        "kecamatan": "Parenggean",
        "kabupaten": "Kotawaringin Timur",
        "provinsi": "Kalimantan Tengah",
        "kode_wilayah": "62.02.04.2007"
      }
    },
    {
      "type": "Feature",
      "geometry": {
        "type": "Point",
        "coordinates": [112.77653, -1.98548]
      },
      "properties": {
        "name": "KDMP Sari Harapan",
        "desa": "Sari Harapan",
        "kecamatan": "Parenggean",
        "kabupaten": "Kotawaringin Timur",
        "provinsi": "Kalimantan Tengah",
        "kode_wilayah": "62.02.04.2015"
      }
    },
    {
      "type": "Feature",
      "geometry": {
        "type": "Point",
        "coordinates": [112.95668, -2.53283]
      },
      "properties": {
        "name": "KDMP Baamang Hilir",
        "desa": "Baamang Hilir",
        "kecamatan": "Baamang",
        "kabupaten": "Kotawaringin Timur",
        "provinsi": "Kalimantan Tengah",
        "kode_wilayah": "62.02.05.1001"
      }
    },
    {
      "type": "Feature",
      "geometry": {
        "type": "Point",
        "coordinates": [112.94149, -2.54063]
      },
      "properties": {
        "name": "KDMP Mentawa Baru Hulu",
        "desa": "Mentawa Baru Hulu",
        "kecamatan": "Mentawa Baru Ketapang",
        "kabupaten": "Kotawaringin Timur",
        "provinsi": "Kalimantan Tengah",
        "kode_wilayah": "62.02.06.1001"
      }
    },
    {
      "type": "Feature",
      "geometry": {
        "type": "Point",
        "coordinates": [112.93347, -2.66508]
      },
      "properties": {
        "name": "KDMP Bapeang",
        "desa": "Bapeang",
        "kecamatan": "Mentawa Baru Ketapang",
        "kabupaten": "Kotawaringin Timur",
        "provinsi": "Kalimantan Tengah",
        "kode_wilayah": "62.02.06.2006"
      }
    },
    {
      "type": "Feature",
      "geometry": {
        "type": "Point",
        "coordinates": [112.88252, -2.80736]
      },
      "properties": {
        "name": "KDMP Bagendang Hilir",
        "desa": "Bagendang Hilir",
        "kecamatan": "Mentaya Hilir Utara",
        "kabupaten": "Kotawaringin Timur",
        "provinsi": "Kalimantan Tengah",
        "kode_wilayah": "62.02.07.2002"
      }
    },
    {
      "type": "Feature",
      "geometry": {
        "type": "Point",
        "coordinates": [112.90777, -2.87298]
      },
      "properties": {
        "name": "KDMP Samuda Kota",
        "desa": "Samuda Kota",
        "kecamatan": "Mentaya Hilir Selatan",
        "kabupaten": "Kotawaringin Timur",
        "provinsi": "Kalimantan Tengah",
        "kode_wilayah": "62.02.08.1008"
      }
    },
    {
      "type": "Feature",
      "geometry": {
        "type": "Point",
        "coordinates": [112.9035, -2.8429]
      },
      "properties": {
        "name": "KDMP Basirih Hulu",
        "desa": "Basirih Hulu",
        "kecamatan": "Mentaya Hilir Selatan",
        "kabupaten": "Kotawaringin Timur",
        "provinsi": "Kalimantan Tengah",
        "kode_wilayah": "62.02.08.2011"
      }
    },
    {
      "type": "Feature",
      "geometry": {
        "type": "Point",
        "coordinates": [113.08933, -2.91933]
      },
      "properties": {
        "name": "KDMP Bapinang Hilir Laut",
        "desa": "Bapinang Hilir Laut",
        "kecamatan": "Pulau Hanaut",
        "kabupaten": "Kotawaringin Timur",
        "provinsi": "Kalimantan Tengah",
        "kode_wilayah": "62.02.09.2003"
      }
    },
    {
      "type": "Feature",
      "geometry": {
        "type": "Point",
        "coordinates": [113.0929, -2.98288]
      },
      "properties": {
        "name": "KDMP Serambut",
        "desa": "Serambut",
        "kecamatan": "Pulau Hanaut",
        "kabupaten": "Kotawaringin Timur",
        "provinsi": "Kalimantan Tengah",
        "kode_wilayah": "62.02.09.2009"
      }
    },
    {
      "type": "Feature",
      "geometry": {
        "type": "Point",
        "coordinates": [112.67519, -1.48096]
      },
      "properties": {
        "name": "KDMP Tumbang Kalang",
        "desa": "Tumbang Kalang",
        "kecamatan": "Antang Kalang",
        "kabupaten": "Kotawaringin Timur",
        "provinsi": "Kalimantan Tengah",
        "kode_wilayah": "62.02.10.2001"
      }
    },
    {
      "type": "Feature",
      "geometry": {
        "type": "Point",
        "coordinates": [112.66437, -1.5501]
      },
      "properties": {
        "name": "KDMP Sungai Hanya",
        "desa": "Sungai Hanya",
        "kecamatan": "Antang Kalang",
        "kabupaten": "Kotawaringin Timur",
        "provinsi": "Kalimantan Tengah",
        "kode_wilayah": "62.02.10.2007"
      }
    },
    {
      "type": "Feature",
      "geometry": {
        "type": "Point",
        "coordinates": [112.68559, -1.65862]
      },
      "properties": {
        "name": "KDMP Mulya Agung",
        "desa": "Mulya Agung",
        "kecamatan": "Antang Kalang",
        "kabupaten": "Kotawaringin Timur",
        "provinsi": "Kalimantan Tengah",
        "kode_wilayah": "62.02.10.2027"
      }
    },
    {
      "type": "Feature",
      "geometry": {
        "type": "Point",
        "coordinates": [112.88993, -3.21402]
      },
      "properties": {
        "name": "KDMP Ujung Pandaran",
        "desa": "Ujung Pandaran",
        "kecamatan": "Teluk Sampit",
        "kabupaten": "Kotawaringin Timur",
        "provinsi": "Kalimantan Tengah",
        "kode_wilayah": "62.02.11.2004"
      }
    },
    {
      "type": "Feature",
      "geometry": {
        "type": "Point",
        "coordinates": [113.13944, -2.41296]
      },
      "properties": {
        "name": "KDMP Terantang Hilir",
        "desa": "Terantang Hilir",
        "kecamatan": "Seranau",
        "kabupaten": "Kotawaringin Timur",
        "provinsi": "Kalimantan Tengah",
        "kode_wilayah": "62.02.12.2004"
      }
    },
    {
      "type": "Feature",
      "geometry": {
        "type": "Point",
        "coordinates": [113.14587, -2.01231]
      },
      "properties": {
        "name": "KDMP Pantai Harapan",
        "desa": "Pantai Harapan",
        "kecamatan": "Cempaga Hulu",
        "kabupaten": "Kotawaringin Timur",
        "provinsi": "Kalimantan Tengah",
        "kode_wilayah": "62.02.13.2004"
      }
    },
    {
      "type": "Feature",
      "geometry": {
        "type": "Point",
        "coordinates": [112.98492, -1.83913]
      },
      "properties": {
        "name": "KDMP Selucing",
        "desa": "Selucing",
        "kecamatan": "Cempaga Hulu",
        "kabupaten": "Kotawaringin Timur",
        "provinsi": "Kalimantan Tengah",
        "kode_wilayah": "62.02.13.2010"
      }
    },
    {
      "type": "Feature",
      "geometry": {
        "type": "Point",
        "coordinates": [112.65168, -2.49269]
      },
      "properties": {
        "name": "KDMP Penyang",
        "desa": "Penyang",
        "kecamatan": "Telawang",
        "kabupaten": "Kotawaringin Timur",
        "provinsi": "Kalimantan Tengah",
        "kode_wilayah": "62.02.14.2005"
      }
    },
    {
      "type": "Feature",
      "geometry": {
        "type": "Point",
        "coordinates": [112.39092, -1.76664]
      },
      "properties": {
        "name": "KDMP Tumbang Sapia",
        "desa": "Tumbang Sapia",
        "kecamatan": "Bukit Santuai",
        "kabupaten": "Kotawaringin Timur",
        "provinsi": "Kalimantan Tengah",
        "kode_wilayah": "62.02.15.2005"
      }
    },
    {
      "type": "Feature",
      "geometry": {
        "type": "Point",
        "coordinates": [112.33031, -1.64271]
      },
      "properties": {
        "name": "KDMP Lunuk Bagantung",
        "desa": "Lunuk Bagantung",
        "kecamatan": "Bukit Santuai",
        "kabupaten": "Kotawaringin Timur",
        "provinsi": "Kalimantan Tengah",
        "kode_wilayah": "62.02.15.2011"
      }
    },
    {
      "type": "Feature",
      "geometry": {
        "type": "Point",
        "coordinates": [112.78366, -1.74513]
      },
      "properties": {
        "name": "KDMP Merah",
        "desa": "Merah",
        "kecamatan": "Tualan Hulu",
        "kabupaten": "Kotawaringin Timur",
        "provinsi": "Kalimantan Tengah",
        "kode_wilayah": "62.02.16.2003"
      }
    },
    {
      "type": "Feature",
      "geometry": {
        "type": "Point",
        "coordinates": [112.83297, -1.69711]
      },
      "properties": {
        "name": "KDMP Damar Makmur",
        "desa": "Damar Makmur",
        "kecamatan": "Tualan Hulu",
        "kabupaten": "Kotawaringin Timur",
        "provinsi": "Kalimantan Tengah",
        "kode_wilayah": "62.02.16.2009"
      }
    },
    {
      "type": "Feature",
      "geometry": {
        "type": "Point",
        "coordinates": [112.56529, -1.7647]
      },
      "properties": {
        "name": "KDMP Tumbang Mangkup",
        "desa": "Tumbang Mangkup",
        "kecamatan": "Telaga Antang",
        "kabupaten": "Kotawaringin Timur",
        "provinsi": "Kalimantan Tengah",
        "kode_wilayah": "62.02.17.2004"
      }
    },
    {
      "type": "Feature",
      "geometry": {
        "type": "Point",
        "coordinates": [112.48923, -1.68273]
      },
      "properties": {
        "name": "KDMP Batu Agung",
        "desa": "Batu Agung",
        "kecamatan": "Telaga Antang",
        "kabupaten": "Kotawaringin Timur",
        "provinsi": "Kalimantan Tengah",
        "kode_wilayah": "62.02.17.2010"
      }
    },
    {
      "type": "Feature",
      "geometry": {
        "type": "Point",
        "coordinates": [112.65994, -1.86133]
      },
      "properties": {
        "name": "KDMP Buana Mustika",
        "desa": "Buana Mustika",
        "kecamatan": "Telaga Antang",
        "kabupaten": "Kotawaringin Timur",
        "provinsi": "Kalimantan Tengah",
        "kode_wilayah": "62.02.17.2016"
      }
    },
    {
      "type": "Feature",
      "geometry": {
        "type": "Point",
        "coordinates": [114.40751, -2.99352]
      },
      "properties": {
        "name": "KDMP Selat Hulu",
        "desa": "Selat Hulu",
        "kecamatan": "Selat",
        "kabupaten": "Kapuas",
        "provinsi": "Kalimantan Tengah",
        "kode_wilayah": "62.03.01.1009"
      }
    },
    {
      "type": "Feature",
      "geometry": {
        "type": "Point",
        "coordinates": [114.38129, -2.9539]
      },
      "properties": {
        "name": "KDMP Pulau Telo Baru",
        "desa": "Pulau Telo Baru",
        "kecamatan": "Selat",
        "kabupaten": "Kapuas",
        "provinsi": "Kalimantan Tengah",
        "kode_wilayah": "62.03.01.2020"
      }
    },
    {
      "type": "Feature",
      "geometry": {
        "type": "Point",
        "coordinates": [114.46026, -2.97313]
      },
      "properties": {
        "name": "KDMP Bakungin",
        "desa": "Bakungin",
        "kecamatan": "Kapuas Hilir",
        "kabupaten": "Kapuas",
        "provinsi": "Kalimantan Tengah",
        "kode_wilayah": "62.03.02.2006"
      }
    },
    {
      "type": "Feature",
      "geometry": {
        "type": "Point",
        "coordinates": [114.68455, -3.86987]
      },
      "properties": {
        "name": "KDMP Benua Lawas",
        "desa": "Benua Lawas",
        "kecamatan": "Takisung",
        "kabupaten": "Tanah Laut",
        "provinsi": "Kalimantan Selatan",
        "kode_wilayah": "63.01.01.2001"
      }
    },
    {
      "type": "Feature",
      "geometry": {
        "type": "Point",
        "coordinates": [114.68451, -3.8466]
      },
      "properties": {
        "name": "KDMP Ranggang",
        "desa": "Ranggang",
        "kecamatan": "Takisung",
        "kabupaten": "Tanah Laut",
        "provinsi": "Kalimantan Selatan",
        "kode_wilayah": "63.01.01.2007"
      }
    },
    {
      "type": "Feature",
      "geometry": {
        "type": "Point",
        "coordinates": [114.80371, -4.01599]
      },
      "properties": {
        "name": "KDMP Sabuhur",
        "desa": "Sabuhur",
        "kecamatan": "Jorong",
        "kabupaten": "Tanah Laut",
        "provinsi": "Kalimantan Selatan",
        "kode_wilayah": "63.01.02.2001"
      }
    },
    {
      "type": "Feature",
      "geometry": {
        "type": "Point",
        "coordinates": [114.88698, -3.99081]
      },
      "properties": {
        "name": "KDMP Alur",
        "desa": "Alur",
        "kecamatan": "Jorong",
        "kabupaten": "Tanah Laut",
        "provinsi": "Kalimantan Selatan",
        "kode_wilayah": "63.01.02.2007"
      }
    },
    {
      "type": "Feature",
      "geometry": {
        "type": "Point",
        "coordinates": [114.76035, -3.82552]
      },
      "properties": {
        "name": "KDMP Karang Taruna",
        "desa": "Karang Taruna",
        "kecamatan": "Pelaihari",
        "kabupaten": "Tanah Laut",
        "provinsi": "Kalimantan Selatan",
        "kode_wilayah": "63.01.03.1002"
      }
    },
    {
      "type": "Feature",
      "geometry": {
        "type": "Point",
        "coordinates": [114.79294, -3.8538]
      },
      "properties": {
        "name": "KDMP Tampang",
        "desa": "Tampang",
        "kecamatan": "Pelaihari",
        "kabupaten": "Tanah Laut",
        "provinsi": "Kalimantan Selatan",
        "kode_wilayah": "63.01.03.2009"
      }
    },
    {
      "type": "Feature",
      "geometry": {
        "type": "Point",
        "coordinates": [114.68713, -3.73211]
      },
      "properties": {
        "name": "KDMP Ujung Batu",
        "desa": "Ujung Batu",
        "kecamatan": "Pelaihari",
        "kabupaten": "Tanah Laut",
        "provinsi": "Kalimantan Selatan",
        "kode_wilayah": "63.01.03.2017"
      }
    },
    {
      "type": "Feature",
      "geometry": {
        "type": "Point",
        "coordinates": [114.80731, -3.75666]
      },
      "properties": {
        "name": "KDMP Pemuda",
        "desa": "Pemuda",
        "kecamatan": "Pelaihari",
        "kabupaten": "Tanah Laut",
        "provinsi": "Kalimantan Selatan",
        "kode_wilayah": "63.01.03.2029"
      }
    },
    {
      "type": "Feature",
      "geometry": {
        "type": "Point",
        "coordinates": [114.63647, -3.61076]
      },
      "properties": {
        "name": "KDMP Handil Negara",
        "desa": "Handil Negara",
        "kecamatan": "Kurau",
        "kabupaten": "Tanah Laut",
        "provinsi": "Kalimantan Selatan",
        "kode_wilayah": "63.01.04.2006"
      }
    },
    {
      "type": "Feature",
      "geometry": {
        "type": "Point",
        "coordinates": [114.69942, -3.60991]
      },
      "properties": {
        "name": "KDMP Benua Raya",
        "desa": "Benua Raya",
        "kecamatan": "Bati Bati",
        "kabupaten": "Tanah Laut",
        "provinsi": "Kalimantan Selatan",
        "kode_wilayah": "63.01.05.2001"
      }
    },
    {
      "type": "Feature",
      "geometry": {
        "type": "Point",
        "coordinates": [114.80412, -3.54653]
      },
      "properties": {
        "name": "KDMP Banyu Irang",
        "desa": "Banyu Irang",
        "kecamatan": "Bati Bati",
        "kabupaten": "Tanah Laut",
        "provinsi": "Kalimantan Selatan",
        "kode_wilayah": "63.01.05.2007"
      }
    },
    {
      "type": "Feature",
      "geometry": {
        "type": "Point",
        "coordinates": [114.80083, -3.59955]
      },
      "properties": {
        "name": "KDMP Kait-kait",
        "desa": "Kait-kait",
        "kecamatan": "Bati Bati",
        "kabupaten": "Tanah Laut",
        "provinsi": "Kalimantan Selatan",
        "kode_wilayah": "63.01.05.2013"
      }
    },
    {
      "type": "Feature",
      "geometry": {
        "type": "Point",
        "coordinates": [114.67865, -4.1239]
      },
      "properties": {
        "name": "KDMP Batakan",
        "desa": "Batakan",
        "kecamatan": "Panyipatan",
        "kabupaten": "Tanah Laut",
        "provinsi": "Kalimantan Selatan",
        "kode_wilayah": "63.01.06.2005"
      }
    },
    {
      "type": "Feature",
      "geometry": {
        "type": "Point",
        "coordinates": [115.15591, -3.89829]
      },
      "properties": {
        "name": "KDMP Pandan Sari",
        "desa": "Pandan Sari",
        "kecamatan": "Kintap",
        "kabupaten": "Tanah Laut",
        "provinsi": "Kalimantan Selatan",
        "kode_wilayah": "63.01.07.2001"
      }
    },
    {
      "type": "Feature",
      "geometry": {
        "type": "Point",
        "coordinates": [115.10344, -3.75699]
      },
      "properties": {
        "name": "KDMP Salaman",
        "desa": "Salaman",
        "kecamatan": "Kintap",
        "kabupaten": "Tanah Laut",
        "provinsi": "Kalimantan Selatan",
        "kode_wilayah": "63.01.07.2007"
      }
    },
    {
      "type": "Feature",
      "geometry": {
        "type": "Point",
        "coordinates": [115.34949, -3.86013]
      },
      "properties": {
        "name": "KDMP Mekar Sari",
        "desa": "Mekar Sari",
        "kecamatan": "Kintap",
        "kabupaten": "Tanah Laut",
        "provinsi": "Kalimantan Selatan",
        "kode_wilayah": "63.01.07.2013"
      }
    },
    {
      "type": "Feature",
      "geometry": {
        "type": "Point",
        "coordinates": [114.67527, -3.69585]
      },
      "properties": {
        "name": "KDMP Bingkulu",
        "desa": "Bingkulu",
        "kecamatan": "Tambang Ulang",
        "kabupaten": "Tanah Laut",
        "provinsi": "Kalimantan Selatan",
        "kode_wilayah": "63.01.08.2005"
      }
    },
    {
      "type": "Feature",
      "geometry": {
        "type": "Point",
        "coordinates": [114.82328, -3.87711]
      },
      "properties": {
        "name": "KDMP Gunung Mas",
        "desa": "Gunung Mas",
        "kecamatan": "Batu Ampar",
        "kabupaten": "Tanah Laut",
        "provinsi": "Kalimantan Selatan",
        "kode_wilayah": "63.01.09.2002"
      }
    },
    {
      "type": "Feature",
      "geometry": {
        "type": "Point",
        "coordinates": [114.81655, -3.84608]
      },
      "properties": {
        "name": "KDMP Gunung Melati",
        "desa": "Gunung Melati",
        "kecamatan": "Batu Ampar",
        "kabupaten": "Tanah Laut",
        "provinsi": "Kalimantan Selatan",
        "kode_wilayah": "63.01.09.2008"
      }
    },
    {
      "type": "Feature",
      "geometry": {
        "type": "Point",
        "coordinates": [114.78785, -3.92]
      },
      "properties": {
        "name": "KDMP Tajau Pecah",
        "desa": "Tajau Pecah",
        "kecamatan": "Batu Ampar",
        "kabupaten": "Tanah Laut",
        "provinsi": "Kalimantan Selatan",
        "kode_wilayah": "63.01.09.2014"
      }
    },
    {
      "type": "Feature",
      "geometry": {
        "type": "Point",
        "coordinates": [114.88615, -3.81732]
      },
      "properties": {
        "name": "KDMP Pemalongan",
        "desa": "Pemalongan",
        "kecamatan": "Bajuin",
        "kabupaten": "Tanah Laut",
        "provinsi": "Kalimantan Selatan",
        "kode_wilayah": "63.01.10.2006"
      }
    },
    {
      "type": "Feature",
      "geometry": {
        "type": "Point",
        "coordinates": [114.62979, -3.57301]
      },
      "properties": {
        "name": "KDMP Bumi Harapan",
        "desa": "Bumi Harapan",
        "kecamatan": "Bumi Makmur",
        "kabupaten": "Tanah Laut",
        "provinsi": "Kalimantan Selatan",
        "kode_wilayah": "63.01.11.2003"
      }
    },
    {
      "type": "Feature",
      "geometry": {
        "type": "Point",
        "coordinates": [114.65675, -3.57233]
      },
      "properties": {
        "name": "KDMP Handil Birayang Bawah",
        "desa": "Handil Birayang Bawah",
        "kecamatan": "Bumi Makmur",
        "kabupaten": "Tanah Laut",
        "provinsi": "Kalimantan Selatan",
        "kode_wilayah": "63.01.11.2009"
      }
    },
    {
      "type": "Feature",
      "geometry": {
        "type": "Point",
        "coordinates": [115.80203, -4.37078]
      },
      "properties": {
        "name": "KDMP Tengah",
        "desa": "Tengah",
        "kecamatan": "Pulau Sembilan",
        "kabupaten": "Kotabaru",
        "provinsi": "Kalimantan Selatan",
        "kode_wilayah": "63.02.01.2004"
      }
    },
    {
      "type": "Feature",
      "geometry": {
        "type": "Point",
        "coordinates": [116.11303, -3.78117]
      },
      "properties": {
        "name": "KDMP Semaras",
        "desa": "Semaras",
        "kecamatan": "Pulau Laut Barat",
        "kabupaten": "Kotabaru",
        "provinsi": "Kalimantan Selatan",
        "kode_wilayah": "63.02.02.2009"
      }
    },
    {
      "type": "Feature",
      "geometry": {
        "type": "Point",
        "coordinates": [116.09556, -3.86767]
      },
      "properties": {
        "name": "KDMP Subur Makmur",
        "desa": "Subur Makmur",
        "kecamatan": "Pulau Laut Barat",
        "kabupaten": "Kotabaru",
        "provinsi": "Kalimantan Selatan",
        "kode_wilayah": "63.02.02.2022"
      }
    },
    {
      "type": "Feature",
      "geometry": {
        "type": "Point",
        "coordinates": [116.24447, -3.87189]
      },
      "properties": {
        "name": "KDMP Sungai Bulan",
        "desa": "Sungai Bulan",
        "kecamatan": "Pulau Laut Selatan",
        "kabupaten": "Kotabaru",
        "provinsi": "Kalimantan Selatan",
        "kode_wilayah": "63.02.03.2013"
      }
    },
    {
      "type": "Feature",
      "geometry": {
        "type": "Point",
        "coordinates": [116.23751, -3.4418]
      },
      "properties": {
        "name": "KDMP Langkang Baru",
        "desa": "Langkang Baru",
        "kecamatan": "Pulau Laut Timur",
        "kabupaten": "Kotabaru",
        "provinsi": "Kalimantan Selatan",
        "kode_wilayah": "63.02.04.2004"
      }
    },
    {
      "type": "Feature",
      "geometry": {
        "type": "Point",
        "coordinates": [116.2297, -3.35097]
      },
      "properties": {
        "name": "KDMP Teluk Mesjid",
        "desa": "Teluk Mesjid",
        "kecamatan": "Pulau Laut Timur",
        "kabupaten": "Kotabaru",
        "provinsi": "Kalimantan Selatan",
        "kode_wilayah": "63.02.04.2010"
      }
    },
    {
      "type": "Feature",
      "geometry": {
        "type": "Point",
        "coordinates": [116.36678, -3.57489]
      },
      "properties": {
        "name": "KDMP Kanibungan",
        "desa": "Kanibungan",
        "kecamatan": "Pulau Sebuku",
        "kabupaten": "Kotabaru",
        "provinsi": "Kalimantan Selatan",
        "kode_wilayah": "63.02.05.2002"
      }
    },
    {
      "type": "Feature",
      "geometry": {
        "type": "Point",
        "coordinates": [116.41432, -3.38211]
      },
      "properties": {
        "name": "KDMP Ujung",
        "desa": "Ujung",
        "kecamatan": "Pulau Sebuku",
        "kabupaten": "Kotabaru",
        "provinsi": "Kalimantan Selatan",
        "kode_wilayah": "63.02.05.2008"
      }
    },
    {
      "type": "Feature",
      "geometry": {
        "type": "Point",
        "coordinates": [116.19571, -3.27403]
      },
      "properties": {
        "name": "KDMP Sungai Taib",
        "desa": "Sungai Taib",
        "kecamatan": "Pulaulaut Utara",
        "kabupaten": "Kotabaru",
        "provinsi": "Kalimantan Selatan",
        "kode_wilayah": "63.02.06.2013"
      }
    },
    {
      "type": "Feature",
      "geometry": {
        "type": "Point",
        "coordinates": [116.19831, -3.12586]
      },
      "properties": {
        "name": "KDMP Pembelacanan",
        "desa": "Pembelacanan",
        "kecamatan": "Kelumpang Selatan",
        "kabupaten": "Kotabaru",
        "provinsi": "Kalimantan Selatan",
        "kode_wilayah": "63.02.07.2005"
      }
    },
    {
      "type": "Feature",
      "geometry": {
        "type": "Point",
        "coordinates": [116.15399, -3.09483]
      },
      "properties": {
        "name": "KDMP Pantai Baru",
        "desa": "Pantai Baru",
        "kecamatan": "Kelumpang Selatan",
        "kabupaten": "Kotabaru",
        "provinsi": "Kalimantan Selatan",
        "kode_wilayah": "63.02.07.2016"
      }
    },
    {
      "type": "Feature",
      "geometry": {
        "type": "Point",
        "coordinates": [116.05873, -2.94127]
      },
      "properties": {
        "name": "KDMP Bangkalaan Melayu",
        "desa": "Bangkalaan Melayu",
        "kecamatan": "Kelumpang Hulu",
        "kabupaten": "Kotabaru",
        "provinsi": "Kalimantan Selatan",
        "kode_wilayah": "63.02.08.2005"
      }
    },
    {
      "type": "Feature",
      "geometry": {
        "type": "Point",
        "coordinates": [116.21977, -2.96762]
      },
      "properties": {
        "name": "KDMP Tanjung Batu",
        "desa": "Tanjung Batu",
        "kecamatan": "Kelumpang Tengah",
        "kabupaten": "Kotabaru",
        "provinsi": "Kalimantan Selatan",
        "kode_wilayah": "63.02.09.2001"
      }
    },
    {
      "type": "Feature",
      "geometry": {
        "type": "Point",
        "coordinates": [116.19032, -2.78583]
      },
      "properties": {
        "name": "KDMP Sang-Sang",
        "desa": "Sang-Sang",
        "kecamatan": "Kelumpang Tengah",
        "kabupaten": "Kotabaru",
        "provinsi": "Kalimantan Selatan",
        "kode_wilayah": "63.02.09.2007"
      }
    },
    {
      "type": "Feature",
      "geometry": {
        "type": "Point",
        "coordinates": [116.21842, -2.86658]
      },
      "properties": {
        "name": "KDMP Geronggang",
        "desa": "Geronggang",
        "kecamatan": "Kelumpang Tengah",
        "kabupaten": "Kotabaru",
        "provinsi": "Kalimantan Selatan",
        "kode_wilayah": "63.02.09.2017"
      }
    },
    {
      "type": "Feature",
      "geometry": {
        "type": "Point",
        "coordinates": [116.34843, -2.83201]
      },
      "properties": {
        "name": "KDMP Pudi Seberang",
        "desa": "Pudi Seberang",
        "kecamatan": "Kelumpang Utara",
        "kabupaten": "Kotabaru",
        "provinsi": "Kalimantan Selatan",
        "kode_wilayah": "63.02.10.2006"
      }
    },
    {
      "type": "Feature",
      "geometry": {
        "type": "Point",
        "coordinates": [116.382, -2.58714]
      },
      "properties": {
        "name": "KDMP Tanjung Samalantakan",
        "desa": "Tanjung Samalantakan",
        "kecamatan": "Pamukan Selatan",
        "kabupaten": "Kotabaru",
        "provinsi": "Kalimantan Selatan",
        "kode_wilayah": "63.02.11.2005"
      }
    },
    {
      "type": "Feature",
      "geometry": {
        "type": "Point",
        "coordinates": [116.32812, -2.75594]
      },
      "properties": {
        "name": "KDMP Sukadana",
        "desa": "Sukadana",
        "kecamatan": "Pamukan Selatan",
        "kabupaten": "Kotabaru",
        "provinsi": "Kalimantan Selatan",
        "kode_wilayah": "63.02.11.2011"
      }
    },
    {
      "type": "Feature",
      "geometry": {
        "type": "Point",
        "coordinates": [116.27998, -2.56221]
      },
      "properties": {
        "name": "KDMP Rampa Manunggul",
        "desa": "Rampa Manunggul",
        "kecamatan": "Sampanahan",
        "kabupaten": "Kotabaru",
        "provinsi": "Kalimantan Selatan",
        "kode_wilayah": "63.02.12.2006"
      }
    },
    {
      "type": "Feature",
      "geometry": {
        "type": "Point",
        "coordinates": [116.22105, -2.34604]
      },
      "properties": {
        "name": "KDMP Betung",
        "desa": "Betung",
        "kecamatan": "Pamukan Utara",
        "kabupaten": "Kotabaru",
        "provinsi": "Kalimantan Selatan",
        "kode_wilayah": "63.02.13.2004"
      }
    },
    {
      "type": "Feature",
      "geometry": {
        "type": "Point",
        "coordinates": [116.31052, -2.42694]
      },
      "properties": {
        "name": "KDMP Tamiang",
        "desa": "Tamiang",
        "kecamatan": "Pamukan Utara",
        "kabupaten": "Kotabaru",
        "provinsi": "Kalimantan Selatan",
        "kode_wilayah": "63.02.13.2010"
      }
    },
    {
      "type": "Feature",
      "geometry": {
        "type": "Point",
        "coordinates": [115.83741, -2.92968]
      },
      "properties": {
        "name": "KDMP Hampang",
        "desa": "Hampang",
        "kecamatan": "Hampang",
        "kabupaten": "Kotabaru",
        "provinsi": "Kalimantan Selatan",
        "kode_wilayah": "63.02.14.2001"
      }
    },
    {
      "type": "Feature",
      "geometry": {
        "type": "Point",
        "coordinates": [115.64796, -2.9046]
      },
      "properties": {
        "name": "KDMP Limbur",
        "desa": "Limbur",
        "kecamatan": "Hampang",
        "kabupaten": "Kotabaru",
        "provinsi": "Kalimantan Selatan",
        "kode_wilayah": "63.02.14.2007"
      }
    },
    {
      "type": "Feature",
      "geometry": {
        "type": "Point",
        "coordinates": [116.10123, -2.52327]
      },
      "properties": {
        "name": "KDMP Rantau Buda",
        "desa": "Rantau Buda",
        "kecamatan": "Sungai Durian",
        "kabupaten": "Kotabaru",
        "provinsi": "Kalimantan Selatan",
        "kode_wilayah": "63.02.15.2006"
      }
    },
    {
      "type": "Feature",
      "geometry": {
        "type": "Point",
        "coordinates": [116.07395, -3.47113]
      },
      "properties": {
        "name": "KDMP Mekarpura",
        "desa": "Mekarpura",
        "kecamatan": "Pulau Laut Tengah",
        "kabupaten": "Kotabaru",
        "provinsi": "Kalimantan Selatan",
        "kode_wilayah": "63.02.16.2003"
      }
    },
    {
      "type": "Feature",
      "geometry": {
        "type": "Point",
        "coordinates": [116.08531, -3.26169]
      },
      "properties": {
        "name": "KDMP Tarjun",
        "desa": "Tarjun",
        "kecamatan": "Kelumpang Hilir",
        "kabupaten": "Kotabaru",
        "provinsi": "Kalimantan Selatan",
        "kode_wilayah": "63.02.17.2002"
      }
    },
    {
      "type": "Feature",
      "geometry": {
        "type": "Point",
        "coordinates": [115.99586, -3.154]
      },
      "properties": {
        "name": "KDMP Telagasari",
        "desa": "Telagasari",
        "kecamatan": "Kelumpang Hilir",
        "kabupaten": "Kotabaru",
        "provinsi": "Kalimantan Selatan",
        "kode_wilayah": "63.02.17.2008"
      }
    },
    {
      "type": "Feature",
      "geometry": {
        "type": "Point",
        "coordinates": [115.85999, -1.90497]
      },
      "properties": {
        "name": "KDMP Samurangau",
        "desa": "Samurangau",
        "kecamatan": "Batu Sopang",
        "kabupaten": "Paser",
        "provinsi": "Kalimantan Timur",
        "kode_wilayah": "64.01.01.2009"
      }
    },
    {
      "type": "Feature",
      "geometry": {
        "type": "Point",
        "coordinates": [115.96348, -1.71208]
      },
      "properties": {
        "name": "KDMP Rantau Buta",
        "desa": "Rantau Buta",
        "kecamatan": "Batu Sopang",
        "kabupaten": "Paser",
        "provinsi": "Kalimantan Timur",
        "kode_wilayah": "64.01.01.2015"
      }
    },
    {
      "type": "Feature",
      "geometry": {
        "type": "Point",
        "coordinates": [116.39704, -2.07014]
      },
      "properties": {
        "name": "KDMP Lori",
        "desa": "Lori",
        "kecamatan": "Tanjung Harapan",
        "kabupaten": "Paser",
        "provinsi": "Kalimantan Timur",
        "kode_wilayah": "64.01.02.2012"
      }
    },
    {
      "type": "Feature",
      "geometry": {
        "type": "Point",
        "coordinates": [116.14316, -1.94858]
      },
      "properties": {
        "name": "KDMP Damit",
        "desa": "Damit",
        "kecamatan": "Paser Belengkong",
        "kabupaten": "Paser",
        "provinsi": "Kalimantan Timur",
        "kode_wilayah": "64.01.03.2003"
      }
    },
    {
      "type": "Feature",
      "geometry": {
        "type": "Point",
        "coordinates": [116.26084, -1.98075]
      },
      "properties": {
        "name": "KDMP Suliliran Baru",
        "desa": "Suliliran Baru",
        "kecamatan": "Paser Belengkong",
        "kabupaten": "Paser",
        "provinsi": "Kalimantan Timur",
        "kode_wilayah": "64.01.03.2009"
      }
    },
    {
      "type": "Feature",
      "geometry": {
        "type": "Point",
        "coordinates": [116.16994, -1.97048]
      },
      "properties": {
        "name": "KDMP Suatang Keteban",
        "desa": "Suatang Keteban",
        "kecamatan": "Paser Belengkong",
        "kabupaten": "Paser",
        "provinsi": "Kalimantan Timur",
        "kode_wilayah": "64.01.03.2015"
      }
    },
    {
      "type": "Feature",
      "geometry": {
        "type": "Point",
        "coordinates": [116.21461, -1.9179]
      },
      "properties": {
        "name": "KDMP Sungai Tuak",
        "desa": "Sungai Tuak",
        "kecamatan": "Tanah Grogot",
        "kabupaten": "Paser",
        "provinsi": "Kalimantan Timur",
        "kode_wilayah": "64.01.04.2006"
      }
    },
    {
      "type": "Feature",
      "geometry": {
        "type": "Point",
        "coordinates": [116.43874, -1.97869]
      },
      "properties": {
        "name": "KDMP Perepat",
        "desa": "Perepat",
        "kecamatan": "Tanah Grogot",
        "kabupaten": "Paser",
        "provinsi": "Kalimantan Timur",
        "kode_wilayah": "64.01.04.2012"
      }
    },
    {
      "type": "Feature",
      "geometry": {
        "type": "Point",
        "coordinates": [116.04454, -1.88626]
      },
      "properties": {
        "name": "KDMP Lolo",
        "desa": "Lolo",
        "kecamatan": "Kuaro",
        "kabupaten": "Paser",
        "provinsi": "Kalimantan Timur",
        "kode_wilayah": "64.01.05.2002"
      }
    },
    {
      "type": "Feature",
      "geometry": {
        "type": "Point",
        "coordinates": [116.0787, -1.7329]
      },
      "properties": {
        "name": "KDMP Kerta Bumi",
        "desa": "Kerta Bumi",
        "kecamatan": "Kuaro",
        "kabupaten": "Paser",
        "provinsi": "Kalimantan Timur",
        "kode_wilayah": "64.01.05.2008"
      }
    },
    {
      "type": "Feature",
      "geometry": {
        "type": "Point",
        "coordinates": [116.20543, -1.60297]
      },
      "properties": {
        "name": "KDMP Long Ikis",
        "desa": "Long Ikis",
        "kecamatan": "Long Ikis",
        "kabupaten": "Paser",
        "provinsi": "Kalimantan Timur",
        "kode_wilayah": "64.01.06.1001"
      }
    },
    {
      "type": "Feature",
      "geometry": {
        "type": "Point",
        "coordinates": [116.16514, -1.58243]
      },
      "properties": {
        "name": "KDMP Pait",
        "desa": "Pait",
        "kecamatan": "Long Ikis",
        "kabupaten": "Paser",
        "provinsi": "Kalimantan Timur",
        "kode_wilayah": "64.01.06.2007"
      }
    },
    {
      "type": "Feature",
      "geometry": {
        "type": "Point",
        "coordinates": [116.10478, -1.52347]
      },
      "properties": {
        "name": "KDMP Long Gelang",
        "desa": "Long Gelang",
        "kecamatan": "Long Ikis",
        "kabupaten": "Paser",
        "provinsi": "Kalimantan Timur",
        "kode_wilayah": "64.01.06.2013"
      }
    },
    {
      "type": "Feature",
      "geometry": {
        "type": "Point",
        "coordinates": [116.22294, -1.58889]
      },
      "properties": {
        "name": "KDMP Krayan Bahagia",
        "desa": "Krayan Bahagia",
        "kecamatan": "Long Ikis",
        "kabupaten": "Paser",
        "provinsi": "Kalimantan Timur",
        "kode_wilayah": "64.01.06.2019"
      }
    },
    {
      "type": "Feature",
      "geometry": {
        "type": "Point",
        "coordinates": [116.12004, -1.55045]
      },
      "properties": {
        "name": "KDMP Brewe",
        "desa": "Brewe",
        "kecamatan": "Long Ikis",
        "kabupaten": "Paser",
        "provinsi": "Kalimantan Timur",
        "kode_wilayah": "64.01.06.2025"
      }
    },
    {
      "type": "Feature",
      "geometry": {
        "type": "Point",
        "coordinates": [115.70278, -1.57363]
      },
      "properties": {
        "name": "KDMP Binangon",
        "desa": "Binangon",
        "kecamatan": "Muara Komam",
        "kabupaten": "Paser",
        "provinsi": "Kalimantan Timur",
        "kode_wilayah": "64.01.07.2005"
      }
    },
    {
      "type": "Feature",
      "geometry": {
        "type": "Point",
        "coordinates": [115.84058, -1.32948]
      },
      "properties": {
        "name": "KDMP Swan Slutung",
        "desa": "Swan Slutung",
        "kecamatan": "Muara Komam",
        "kabupaten": "Paser",
        "provinsi": "Kalimantan Timur",
        "kode_wilayah": "64.01.07.2011"
      }
    },
    {
      "type": "Feature",
      "geometry": {
        "type": "Point",
        "coordinates": [116.34364, -1.44443]
      },
      "properties": {
        "name": "KDMP Bente Tualan",
        "desa": "Bente Tualan",
        "kecamatan": "Long Kali",
        "kabupaten": "Paser",
        "provinsi": "Kalimantan Timur",
        "kode_wilayah": "64.01.08.2004"
      }
    },
    {
      "type": "Feature",
      "geometry": {
        "type": "Point",
        "coordinates": [116.06894, -1.41903]
      },
      "properties": {
        "name": "KDMP Pinang Jatus",
        "desa": "Pinang Jatus",
        "kecamatan": "Long Kali",
        "kabupaten": "Paser",
        "provinsi": "Kalimantan Timur",
        "kode_wilayah": "64.01.08.2010"
      }
    },
    {
      "type": "Feature",
      "geometry": {
        "type": "Point",
        "coordinates": [116.42729, -1.59138]
      },
      "properties": {
        "name": "KDMP Sebakung Taka",
        "desa": "Sebakung Taka",
        "kecamatan": "Long Kali",
        "kabupaten": "Paser",
        "provinsi": "Kalimantan Timur",
        "kode_wilayah": "64.01.08.2016"
      }
    },
    {
      "type": "Feature",
      "geometry": {
        "type": "Point",
        "coordinates": [116.36846, -1.51159]
      },
      "properties": {
        "name": "KDMP Gunung Putar",
        "desa": "Gunung Putar",
        "kecamatan": "Long Kali",
        "kabupaten": "Paser",
        "provinsi": "Kalimantan Timur",
        "kode_wilayah": "64.01.08.2022"
      }
    },
    {
      "type": "Feature",
      "geometry": {
        "type": "Point",
        "coordinates": [116.31753, -2.20931]
      },
      "properties": {
        "name": "KDMP Riwang",
        "desa": "Riwang",
        "kecamatan": "Batu Engau",
        "kabupaten": "Paser",
        "provinsi": "Kalimantan Timur",
        "kode_wilayah": "64.01.09.2005"
      }
    },
    {
      "type": "Feature",
      "geometry": {
        "type": "Point",
        "coordinates": [116.25451, -2.09421]
      },
      "properties": {
        "name": "KDMP Bai Jaya",
        "desa": "Bai Jaya",
        "kecamatan": "Batu Engau",
        "kabupaten": "Paser",
        "provinsi": "Kalimantan Timur",
        "kode_wilayah": "64.01.09.2011"
      }
    },
    {
      "type": "Feature",
      "geometry": {
        "type": "Point",
        "coordinates": [115.99475, -1.95786]
      },
      "properties": {
        "name": "KDMP Luan",
        "desa": "Luan",
        "kecamatan": "Muara Samu",
        "kabupaten": "Paser",
        "provinsi": "Kalimantan Timur",
        "kode_wilayah": "64.01.10.2004"
      }
    },
    {
      "type": "Feature",
      "geometry": {
        "type": "Point",
        "coordinates": [116.45009, -0.61352]
      },
      "properties": {
        "name": "KDMP Perian",
        "desa": "Perian",
        "kecamatan": "Muara Muntai",
        "kabupaten": "Kutai Kartanegara",
        "provinsi": "Kalimantan Timur",
        "kode_wilayah": "64.02.01.2001"
      }
    },
    {
      "type": "Feature",
      "geometry": {
        "type": "Point",
        "coordinates": [116.39562, -0.33373]
      },
      "properties": {
        "name": "KDMP Muara Muntai Ulu",
        "desa": "Muara Muntai Ulu",
        "kecamatan": "Muara Muntai",
        "kabupaten": "Kutai Kartanegara",
        "provinsi": "Kalimantan Timur",
        "kode_wilayah": "64.02.01.2007"
      }
    },
    {
      "type": "Feature",
      "geometry": {
        "type": "Point",
        "coordinates": [116.25948, -0.41176]
      },
      "properties": {
        "name": "KDMP Jantur Baru",
        "desa": "Jantur Baru",
        "kecamatan": "Muara Muntai",
        "kabupaten": "Kutai Kartanegara",
        "provinsi": "Kalimantan Timur",
        "kode_wilayah": "64.02.01.2013"
      }
    },
    {
      "type": "Feature",
      "geometry": {
        "type": "Point",
        "coordinates": [117.00595, -0.4972]
      },
      "properties": {
        "name": "KDMP Ponoragan",
        "desa": "Ponoragan",
        "kecamatan": "Loa Kulu",
        "kabupaten": "Kutai Kartanegara",
        "provinsi": "Kalimantan Timur",
        "kode_wilayah": "64.02.02.2006"
      }
    },
    {
      "type": "Feature",
      "geometry": {
        "type": "Point",
        "coordinates": [116.93268, -0.56293]
      },
      "properties": {
        "name": "KDMP Jembayan Dalam",
        "desa": "Jembayan Dalam",
        "kecamatan": "Loa Kulu",
        "kabupaten": "Kutai Kartanegara",
        "provinsi": "Kalimantan Timur",
        "kode_wilayah": "64.02.02.2012"
      }
    },
    {
      "type": "Feature",
      "geometry": {
        "type": "Point",
        "coordinates": [117.09707, -0.59847]
      },
      "properties": {
        "name": "KDMP Loa Janan Ulu",
        "desa": "Loa Janan Ulu",
        "kecamatan": "Loa Janan",
        "kabupaten": "Kutai Kartanegara",
        "provinsi": "Kalimantan Timur",
        "kode_wilayah": "64.02.03.2003"
      }
    },
    {
      "type": "Feature",
      "geometry": {
        "type": "Point",
        "coordinates": [117.53132, -0.74658]
      },
      "properties": {
        "name": "KDMP Sepatin",
        "desa": "Sepatin",
        "kecamatan": "Anggana",
        "kabupaten": "Kutai Kartanegara",
        "provinsi": "Kalimantan Timur",
        "kode_wilayah": "64.02.04.2001"
      }
    },
    {
      "type": "Feature",
      "geometry": {
        "type": "Point",
        "coordinates": [117.2807, -0.52536]
      },
      "properties": {
        "name": "KDMP Sidomulyo",
        "desa": "Sidomulyo",
        "kecamatan": "Anggana",
        "kabupaten": "Kutai Kartanegara",
        "provinsi": "Kalimantan Timur",
        "kode_wilayah": "64.02.04.2007"
      }
    },
    {
      "type": "Feature",
      "geometry": {
        "type": "Point",
        "coordinates": [117.40348, -0.23912]
      },
      "properties": {
        "name": "KDMP Tanjung Limau",
        "desa": "Tanjung Limau",
        "kecamatan": "Muara Badak",
        "kabupaten": "Kutai Kartanegara",
        "provinsi": "Kalimantan Timur",
        "kode_wilayah": "64.02.05.2005"
      }
    },
    {
      "type": "Feature",
      "geometry": {
        "type": "Point",
        "coordinates": [117.34824, -0.30994]
      },
      "properties": {
        "name": "KDMP Batu-Batu",
        "desa": "Batu-Batu",
        "kecamatan": "Muara Badak",
        "kabupaten": "Kutai Kartanegara",
        "provinsi": "Kalimantan Timur",
        "kode_wilayah": "64.02.05.2011"
      }
    },
    {
      "type": "Feature",
      "geometry": {
        "type": "Point",
        "coordinates": [116.99572, -0.44846]
      },
      "properties": {
        "name": "KDMP Timbau",
        "desa": "Timbau",
        "kecamatan": "Tenggarong",
        "kabupaten": "Kutai Kartanegara",
        "provinsi": "Kalimantan Timur",
        "kode_wilayah": "64.02.06.1004"
      }
    },
    {
      "type": "Feature",
      "geometry": {
        "type": "Point",
        "coordinates": [116.96763, -0.37114]
      },
      "properties": {
        "name": "KDMP Mangkurawang",
        "desa": "Mangkurawang",
        "kecamatan": "Tenggarong",
        "kabupaten": "Kutai Kartanegara",
        "provinsi": "Kalimantan Timur",
        "kode_wilayah": "64.02.06.1010"
      }
    },
    {
      "type": "Feature",
      "geometry": {
        "type": "Point",
        "coordinates": [116.86154, -0.34584]
      },
      "properties": {
        "name": "KDMP Tanjung Harapan",
        "desa": "Tanjung Harapan",
        "kecamatan": "Sebulu",
        "kabupaten": "Kutai Kartanegara",
        "provinsi": "Kalimantan Timur",
        "kode_wilayah": "64.02.07.2002"
      }
    },
    {
      "type": "Feature",
      "geometry": {
        "type": "Point",
        "coordinates": [116.9494, -0.15072]
      },
      "properties": {
        "name": "KDMP Manunggal Daya",
        "desa": "Manunggal Daya",
        "kecamatan": "Sebulu",
        "kabupaten": "Kutai Kartanegara",
        "provinsi": "Kalimantan Timur",
        "kode_wilayah": "64.02.07.2008"
      }
    },
    {
      "type": "Feature",
      "geometry": {
        "type": "Point",
        "coordinates": [116.9845, -0.15116]
      },
      "properties": {
        "name": "KDMP Mekar Jaya",
        "desa": "Mekar Jaya",
        "kecamatan": "Sebulu",
        "kabupaten": "Kutai Kartanegara",
        "provinsi": "Kalimantan Timur",
        "kode_wilayah": "64.02.07.2014"
      }
    },
    {
      "type": "Feature",
      "geometry": {
        "type": "Point",
        "coordinates": [116.50872, -0.235]
      },
      "properties": {
        "name": "KDMP Pela",
        "desa": "Pela",
        "kecamatan": "Kota Bangun",
        "kabupaten": "Kutai Kartanegara",
        "provinsi": "Kalimantan Timur",
        "kode_wilayah": "64.02.08.2009"
      }
    },
    {
      "type": "Feature",
      "geometry": {
        "type": "Point",
        "coordinates": [116.11484, 0.07677]
      },
      "properties": {
        "name": "KDMP Lamin Telihan",
        "desa": "Lamin Telihan",
        "kecamatan": "Kenohan",
        "kabupaten": "Kutai Kartanegara",
        "provinsi": "Kalimantan Timur",
        "kode_wilayah": "64.02.09.2001"
      }
    },
    {
      "type": "Feature",
      "geometry": {
        "type": "Point",
        "coordinates": [116.48099, -0.11858]
      },
      "properties": {
        "name": "KDMP Teluk Muda",
        "desa": "Teluk Muda",
        "kecamatan": "Kenohan",
        "kabupaten": "Kutai Kartanegara",
        "provinsi": "Kalimantan Timur",
        "kode_wilayah": "64.02.09.2007"
      }
    },
    {
      "type": "Feature",
      "geometry": {
        "type": "Point",
        "coordinates": [116.3605, 0.20383]
      },
      "properties": {
        "name": "KDMP Kembang Janggut",
        "desa": "Kembang Janggut",
        "kecamatan": "Kembang Janggut",
        "kabupaten": "Kutai Kartanegara",
        "provinsi": "Kalimantan Timur",
        "kode_wilayah": "64.02.10.2004"
      }
    },
    {
      "type": "Feature",
      "geometry": {
        "type": "Point",
        "coordinates": [116.19213, 0.24656]
      },
      "properties": {
        "name": "KDMP Perdana",
        "desa": "Perdana",
        "kecamatan": "Kembang Janggut",
        "kabupaten": "Kutai Kartanegara",
        "provinsi": "Kalimantan Timur",
        "kode_wilayah": "64.02.10.2010"
      }
    },
    {
      "type": "Feature",
      "geometry": {
        "type": "Point",
        "coordinates": [116.72379, -0.10081]
      },
      "properties": {
        "name": "KDMP Muara Kaman Ulu",
        "desa": "Muara Kaman Ulu",
        "kecamatan": "Muara Kaman",
        "kabupaten": "Kutai Kartanegara",
        "provinsi": "Kalimantan Timur",
        "kode_wilayah": "64.02.11.2005"
      }
    },
    {
      "type": "Feature",
      "geometry": {
        "type": "Point",
        "coordinates": [117.06904, 0.28244]
      },
      "properties": {
        "name": "KDMP Menamang Kanan",
        "desa": "Menamang Kanan",
        "kecamatan": "Muara Kaman",
        "kabupaten": "Kutai Kartanegara",
        "provinsi": "Kalimantan Timur",
        "kode_wilayah": "64.02.11.2011"
      }
    },
    {
      "type": "Feature",
      "geometry": {
        "type": "Point",
        "coordinates": [116.66138, -0.18229]
      },
      "properties": {
        "name": "KDMP Bukit Jering",
        "desa": "Bukit Jering",
        "kecamatan": "Muara Kaman",
        "kabupaten": "Kutai Kartanegara",
        "provinsi": "Kalimantan Timur",
        "kode_wilayah": "64.02.11.2017"
      }
    },
    {
      "type": "Feature",
      "geometry": {
        "type": "Point",
        "coordinates": [115.90233, 0.38543]
      },
      "properties": {
        "name": "KDMP Muara Ritan",
        "desa": "Muara Ritan",
        "kecamatan": "Tabang",
        "kabupaten": "Kutai Kartanegara",
        "provinsi": "Kalimantan Timur",
        "kode_wilayah": "64.02.12.2003"
      }
    },
    {
      "type": "Feature",
      "geometry": {
        "type": "Point",
        "coordinates": [116.16341, 0.60805]
      },
      "properties": {
        "name": "KDMP Umaq Tukung",
        "desa": "Umaq Tukung",
        "kecamatan": "Tabang",
        "kabupaten": "Kutai Kartanegara",
        "provinsi": "Kalimantan Timur",
        "kode_wilayah": "64.02.12.2009"
      }
    },
    {
      "type": "Feature",
      "geometry": {
        "type": "Point",
        "coordinates": [115.65999, 0.71347]
      },
      "properties": {
        "name": "KDMP Muara Kebaq",
        "desa": "Muara Kebaq",
        "kecamatan": "Tabang",
        "kabupaten": "Kutai Kartanegara",
        "provinsi": "Kalimantan Timur",
        "kode_wilayah": "64.02.12.2015"
      }
    },
    {
      "type": "Feature",
      "geometry": {
        "type": "Point",
        "coordinates": [117.35399, 2.8127]
      },
      "properties": {
        "name": "KDMP Tanjung Palas Hulu",
        "desa": "Tanjung Palas Hulu",
        "kecamatan": "Tanjung Palas",
        "kabupaten": "Bulungan",
        "provinsi": "Kalimantan Utara",
        "kode_wilayah": "65.01.01.1001"
      }
    },
    {
      "type": "Feature",
      "geometry": {
        "type": "Point",
        "coordinates": [117.30965, 2.62529]
      },
      "properties": {
        "name": "KDMP Antutan",
        "desa": "Antutan",
        "kecamatan": "Tanjung Palas",
        "kabupaten": "Bulungan",
        "provinsi": "Kalimantan Utara",
        "kode_wilayah": "65.01.01.2007"
      }
    },
    {
      "type": "Feature",
      "geometry": {
        "type": "Point",
        "coordinates": [117.24894, 2.65306]
      },
      "properties": {
        "name": "KDMP Mara Hilir",
        "desa": "Mara Hilir",
        "kecamatan": "Tanjung Palas Barat",
        "kabupaten": "Bulungan",
        "provinsi": "Kalimantan Utara",
        "kode_wilayah": "65.01.02.2004"
      }
    },
    {
      "type": "Feature",
      "geometry": {
        "type": "Point",
        "coordinates": [117.23837, 3.10067]
      },
      "properties": {
        "name": "KDMP Ardi Mulyo",
        "desa": "Ardi Mulyo",
        "kecamatan": "Tanjung Palas Utara",
        "kabupaten": "Bulungan",
        "provinsi": "Kalimantan Utara",
        "kode_wilayah": "65.01.03.2005"
      }
    },
    {
      "type": "Feature",
      "geometry": {
        "type": "Point",
        "coordinates": [117.49407, 2.71397]
      },
      "properties": {
        "name": "KDMP Tanjung Agung",
        "desa": "Tanjung Agung",
        "kecamatan": "Tanjung Palas Timur",
        "kabupaten": "Bulungan",
        "provinsi": "Kalimantan Utara",
        "kode_wilayah": "65.01.04.2005"
      }
    },
    {
      "type": "Feature",
      "geometry": {
        "type": "Point",
        "coordinates": [117.43231, 2.84992]
      },
      "properties": {
        "name": "KDMP Tanjung Selor Timur",
        "desa": "Tanjung Selor Timur",
        "kecamatan": "Tanjung Selor",
        "kabupaten": "Bulungan",
        "provinsi": "Kalimantan Utara",
        "kode_wilayah": "65.01.05.1008"
      }
    },
    {
      "type": "Feature",
      "geometry": {
        "type": "Point",
        "coordinates": [117.51067, 2.82627]
      },
      "properties": {
        "name": "KDMP Tengkapak",
        "desa": "Tengkapak",
        "kecamatan": "Tanjung Selor",
        "kabupaten": "Bulungan",
        "provinsi": "Kalimantan Utara",
        "kode_wilayah": "65.01.05.2009"
      }
    },
    {
      "type": "Feature",
      "geometry": {
        "type": "Point",
        "coordinates": [116.7657, 2.68543]
      },
      "properties": {
        "name": "KDMP Long Peso",
        "desa": "Long Peso",
        "kecamatan": "Peso",
        "kabupaten": "Bulungan",
        "provinsi": "Kalimantan Utara",
        "kode_wilayah": "65.01.07.2003"
      }
    },
    {
      "type": "Feature",
      "geometry": {
        "type": "Point",
        "coordinates": [116.41537, 2.43334]
      },
      "properties": {
        "name": "KDMP Long Pelban",
        "desa": "Long Pelban",
        "kecamatan": "Peso",
        "kabupaten": "Bulungan",
        "provinsi": "Kalimantan Utara",
        "kode_wilayah": "65.01.07.2009"
      }
    },
    {
      "type": "Feature",
      "geometry": {
        "type": "Point",
        "coordinates": [117.08337, 2.8094]
      },
      "properties": {
        "name": "KDMP Long Lembu",
        "desa": "Long Lembu",
        "kecamatan": "Peso Hilir",
        "kabupaten": "Bulungan",
        "provinsi": "Kalimantan Utara",
        "kode_wilayah": "65.01.08.2005"
      }
    },
    {
      "type": "Feature",
      "geometry": {
        "type": "Point",
        "coordinates": [116.90889, 3.17242]
      },
      "properties": {
        "name": "KDMP Tenggiling",
        "desa": "Tenggiling",
        "kecamatan": "Sekatak",
        "kabupaten": "Bulungan",
        "provinsi": "Kalimantan Utara",
        "kode_wilayah": "65.01.09.2005"
      }
    },
    {
      "type": "Feature",
      "geometry": {
        "type": "Point",
        "coordinates": [117.13985, 3.20607]
      },
      "properties": {
        "name": "KDMP Keriting",
        "desa": "Keriting",
        "kecamatan": "Sekatak",
        "kabupaten": "Bulungan",
        "provinsi": "Kalimantan Utara",
        "kode_wilayah": "65.01.09.2011"
      }
    },
    {
      "type": "Feature",
      "geometry": {
        "type": "Point",
        "coordinates": [117.09044, 3.25334]
      },
      "properties": {
        "name": "KDMP Kelincauan",
        "desa": "Kelincauan",
        "kecamatan": "Sekatak",
        "kabupaten": "Bulungan",
        "provinsi": "Kalimantan Utara",
        "kode_wilayah": "65.01.09.2017"
      }
    },
    {
      "type": "Feature",
      "geometry": {
        "type": "Point",
        "coordinates": [117.50324, 3.50826]
      },
      "properties": {
        "name": "KDMP Bunyu Barat",
        "desa": "Bunyu Barat",
        "kecamatan": "Bunyu",
        "kabupaten": "Bulungan",
        "provinsi": "Kalimantan Utara",
        "kode_wilayah": "65.01.10.2001"
      }
    },
    {
      "type": "Feature",
      "geometry": {
        "type": "Point",
        "coordinates": [116.52566, 3.50117]
      },
      "properties": {
        "name": "KDMP Lidung Kemenci",
        "desa": "Lidung Kemenci",
        "kecamatan": "Mentarang",
        "kabupaten": "Malinau",
        "provinsi": "Kalimantan Utara",
        "kode_wilayah": "65.02.01.2007"
      }
    },
    {
      "type": "Feature",
      "geometry": {
        "type": "Point",
        "coordinates": [116.60037, 3.55684]
      },
      "properties": {
        "name": "KDMP Malinau Hulu",
        "desa": "Malinau Hulu",
        "kecamatan": "Malinau Kota",
        "kabupaten": "Malinau",
        "provinsi": "Kalimantan Utara",
        "kode_wilayah": "65.02.02.2004"
      }
    },
    {
      "type": "Feature",
      "geometry": {
        "type": "Point",
        "coordinates": [115.26527, 2.76138]
      },
      "properties": {
        "name": "KDMP Long Lame",
        "desa": "Long Lame",
        "kecamatan": "Pujungan",
        "kabupaten": "Malinau",
        "provinsi": "Kalimantan Utara",
        "kode_wilayah": "65.02.03.2004"
      }
    },
    {
      "type": "Feature",
      "geometry": {
        "type": "Point",
        "coordinates": [115.40069, 2.21241]
      },
      "properties": {
        "name": "KDMP Data Dian",
        "desa": "Data Dian",
        "kecamatan": "Kayan Hilir",
        "kabupaten": "Malinau",
        "provinsi": "Kalimantan Utara",
        "kode_wilayah": "65.02.04.2001"
      }
    },
    {
      "type": "Feature",
      "geometry": {
        "type": "Point",
        "coordinates": [114.79133, 1.51284]
      },
      "properties": {
        "name": "KDMP Nawang Baru",
        "desa": "Nawang Baru",
        "kecamatan": "Kayan Hulu",
        "kabupaten": "Malinau",
        "provinsi": "Kalimantan Utara",
        "kode_wilayah": "65.02.05.2002"
      }
    },
    {
      "type": "Feature",
      "geometry": {
        "type": "Point",
        "coordinates": [116.51832, 3.16566]
      },
      "properties": {
        "name": "KDMP Langap",
        "desa": "Langap",
        "kecamatan": "Malinau Selatan",
        "kabupaten": "Malinau",
        "provinsi": "Kalimantan Utara",
        "kode_wilayah": "65.02.06.2003"
      }
    },
    {
      "type": "Feature",
      "geometry": {
        "type": "Point",
        "coordinates": [116.39126, 3.21059]
      },
      "properties": {
        "name": "KDMP Sengayan",
        "desa": "Sengayan",
        "kecamatan": "Malinau Selatan",
        "kabupaten": "Malinau",
        "provinsi": "Kalimantan Utara",
        "kode_wilayah": "65.02.06.2009"
      }
    },
    {
      "type": "Feature",
      "geometry": {
        "type": "Point",
        "coordinates": [116.70709, 3.68304]
      },
      "properties": {
        "name": "KDMP Seruyung",
        "desa": "Seruyung",
        "kecamatan": "Malinau Utara",
        "kabupaten": "Malinau",
        "provinsi": "Kalimantan Utara",
        "kode_wilayah": "65.02.07.2006"
      }
    },
    {
      "type": "Feature",
      "geometry": {
        "type": "Point",
        "coordinates": [116.66024, 3.6226]
      },
      "properties": {
        "name": "KDMP Semengaris",
        "desa": "Semengaris",
        "kecamatan": "Malinau Utara",
        "kabupaten": "Malinau",
        "provinsi": "Kalimantan Utara",
        "kode_wilayah": "65.02.07.2012"
      }
    },
    {
      "type": "Feature",
      "geometry": {
        "type": "Point",
        "coordinates": [116.58336, 3.51767]
      },
      "properties": {
        "name": "KDMP Tanjung Lapang",
        "desa": "Tanjung Lapang",
        "kecamatan": "Malinau Barat",
        "kabupaten": "Malinau",
        "provinsi": "Kalimantan Utara",
        "kode_wilayah": "65.02.08.2006"
      }
    },
    {
      "type": "Feature",
      "geometry": {
        "type": "Point",
        "coordinates": [115.29865, 1.57634]
      },
      "properties": {
        "name": "KDMP Mahak Baru",
        "desa": "Mahak Baru",
        "kecamatan": "Sungai Boh",
        "kabupaten": "Malinau",
        "provinsi": "Kalimantan Utara",
        "kode_wilayah": "65.02.09.2003"
      }
    },
    {
      "type": "Feature",
      "geometry": {
        "type": "Point",
        "coordinates": [115.04571, 1.63969]
      },
      "properties": {
        "name": "KDMP Lidung Payau",
        "desa": "Lidung Payau",
        "kecamatan": "Kayan Selatan",
        "kabupaten": "Malinau",
        "provinsi": "Kalimantan Utara",
        "kode_wilayah": "65.02.10.2003"
      }
    },
    {
      "type": "Feature",
      "geometry": {
        "type": "Point",
        "coordinates": [115.84871, 2.84465]
      },
      "properties": {
        "name": "KDMP Long Tebulo",
        "desa": "Long Tebulo",
        "kecamatan": "Bahau Hulu",
        "kabupaten": "Malinau",
        "provinsi": "Kalimantan Utara",
        "kode_wilayah": "65.02.11.2004"
      }
    },
    {
      "type": "Feature",
      "geometry": {
        "type": "Point",
        "coordinates": [116.27745, 3.80802]
      },
      "properties": {
        "name": "KDMP Lung Simau",
        "desa": "Lung Simau",
        "kecamatan": "Mentarang Hulu",
        "kabupaten": "Malinau",
        "provinsi": "Kalimantan Utara",
        "kode_wilayah": "65.02.12.2004"
      }
    },
    {
      "type": "Feature",
      "geometry": {
        "type": "Point",
        "coordinates": [116.3871, 3.49645]
      },
      "properties": {
        "name": "KDMP Long Liku",
        "desa": "Long Liku",
        "kecamatan": "Mentarang Hulu",
        "kabupaten": "Malinau",
        "provinsi": "Kalimantan Utara",
        "kode_wilayah": "65.02.12.2010"
      }
    },
    {
      "type": "Feature",
      "geometry": {
        "type": "Point",
        "coordinates": [116.59452, 3.21866]
      },
      "properties": {
        "name": "KDMP Punan Gong Solok",
        "desa": "Punan Gong Solok",
        "kecamatan": "Malinau Selatan Hilir",
        "kabupaten": "Malinau",
        "provinsi": "Kalimantan Utara",
        "kode_wilayah": "65.02.13.2006"
      }
    },
    {
      "type": "Feature",
      "geometry": {
        "type": "Point",
        "coordinates": [116.39009, 3.11173]
      },
      "properties": {
        "name": "KDMP Halanga",
        "desa": "Halanga",
        "kecamatan": "Malinau Selatan Hulu",
        "kabupaten": "Malinau",
        "provinsi": "Kalimantan Utara",
        "kode_wilayah": "65.02.14.2004"
      }
    },
    {
      "type": "Feature",
      "geometry": {
        "type": "Point",
        "coordinates": [116.02399, 3.42408]
      },
      "properties": {
        "name": "KDMP Long Titi",
        "desa": "Long Titi",
        "kecamatan": "Sungai Tubu",
        "kabupaten": "Malinau",
        "provinsi": "Kalimantan Utara",
        "kode_wilayah": "65.02.15.2002"
      }
    },
    {
      "type": "Feature",
      "geometry": {
        "type": "Point",
        "coordinates": [117.90682, 4.07502]
      },
      "properties": {
        "name": "KDMP Sungai Manurung",
        "desa": "Sungai Manurung",
        "kecamatan": "Sebatik",
        "kabupaten": "Nunukan",
        "provinsi": "Kalimantan Utara",
        "kode_wilayah": "65.03.01.2003"
      }
    },
    {
      "type": "Feature",
      "geometry": {
        "type": "Point",
        "coordinates": [117.62743, 4.04664]
      },
      "properties": {
        "name": "KDMP Binusan",
        "desa": "Binusan",
        "kecamatan": "Nunukan",
        "kabupaten": "Nunukan",
        "provinsi": "Kalimantan Utara",
        "kode_wilayah": "65.03.02.2004"
      }
    },
    {
      "type": "Feature",
      "geometry": {
        "type": "Point",
        "coordinates": [116.91665, 3.84383]
      },
      "properties": {
        "name": "KDMP Pagar",
        "desa": "Pagar",
        "kecamatan": "Sembakung",
        "kabupaten": "Nunukan",
        "provinsi": "Kalimantan Utara",
        "kode_wilayah": "65.03.03.2006"
      }
    },
    {
      "type": "Feature",
      "geometry": {
        "type": "Point",
        "coordinates": [116.60558, 4.06271]
      },
      "properties": {
        "name": "KDMP Liang",
        "desa": "Liang",
        "kecamatan": "Lumbis",
        "kabupaten": "Nunukan",
        "provinsi": "Kalimantan Utara",
        "kode_wilayah": "65.03.04.2002"
      }
    },
    {
      "type": "Feature",
      "geometry": {
        "type": "Point",
        "coordinates": [116.70204, 3.784]
      },
      "properties": {
        "name": "KDMP Sapuyan",
        "desa": "Sapuyan",
        "kecamatan": "Lumbis",
        "kabupaten": "Nunukan",
        "provinsi": "Kalimantan Utara",
        "kode_wilayah": "65.03.04.2008"
      }
    },
    {
      "type": "Feature",
      "geometry": {
        "type": "Point",
        "coordinates": [116.58265, 3.92739]
      },
      "properties": {
        "name": "KDMP Sedongon",
        "desa": "Sedongon",
        "kecamatan": "Lumbis",
        "kabupaten": "Nunukan",
        "provinsi": "Kalimantan Utara",
        "kode_wilayah": "65.03.04.2014"
      }
    },
    {
      "type": "Feature",
      "geometry": {
        "type": "Point",
        "coordinates": [116.68757, 3.8433]
      },
      "properties": {
        "name": "KDMP Patal II",
        "desa": "Patal II",
        "kecamatan": "Lumbis",
        "kabupaten": "Nunukan",
        "provinsi": "Kalimantan Utara",
        "kode_wilayah": "65.03.04.2020"
      }
    },
    {
      "type": "Feature",
      "geometry": {
        "type": "Point",
        "coordinates": [116.76335, 3.74566]
      },
      "properties": {
        "name": "KDMP Kalampising",
        "desa": "Kalampising",
        "kecamatan": "Lumbis",
        "kabupaten": "Nunukan",
        "provinsi": "Kalimantan Utara",
        "kode_wilayah": "65.03.04.2026"
      }
    },
    {
      "type": "Feature",
      "geometry": {
        "type": "Point",
        "coordinates": [115.59307, 3.91183]
      },
      "properties": {
        "name": "KDMP Pa' Rupai",
        "desa": "Pa' Rupai",
        "kecamatan": "Krayan",
        "kabupaten": "Nunukan",
        "provinsi": "Kalimantan Utara",
        "kode_wilayah": "65.03.05.2029"
      }
    },
    {
      "type": "Feature",
      "geometry": {
        "type": "Point",
        "coordinates": [115.6433, 3.91935]
      },
      "properties": {
        "name": "KDMP Long Berayang",
        "desa": "Long Berayang",
        "kecamatan": "Krayan",
        "kabupaten": "Nunukan",
        "provinsi": "Kalimantan Utara",
        "kode_wilayah": "65.03.05.2035"
      }
    },
    {
      "type": "Feature",
      "geometry": {
        "type": "Point",
        "coordinates": [115.7015, 3.90565]
      },
      "properties": {
        "name": "KDMP Long Bawan",
        "desa": "Long Bawan",
        "kecamatan": "Krayan",
        "kabupaten": "Nunukan",
        "provinsi": "Kalimantan Utara",
        "kode_wilayah": "65.03.05.2041"
      }
    },
    {
      "type": "Feature",
      "geometry": {
        "type": "Point",
        "coordinates": [115.74354, 3.91537]
      },
      "properties": {
        "name": "KDMP Pa' Terutun",
        "desa": "Pa' Terutun",
        "kecamatan": "Krayan",
        "kabupaten": "Nunukan",
        "provinsi": "Kalimantan Utara",
        "kode_wilayah": "65.03.05.2049"
      }
    },
    {
      "type": "Feature",
      "geometry": {
        "type": "Point",
        "coordinates": [116.99604, 3.94356]
      },
      "properties": {
        "name": "KDMP Kekayap",
        "desa": "Kekayap",
        "kecamatan": "Sebuku",
        "kabupaten": "Nunukan",
        "provinsi": "Kalimantan Utara",
        "kode_wilayah": "65.03.06.2005"
      }
    },
    {
      "type": "Feature",
      "geometry": {
        "type": "Point",
        "coordinates": [115.71201, 3.59082]
      },
      "properties": {
        "name": "KDMP Long Pasia",
        "desa": "Long Pasia",
        "kecamatan": "Krayan Selatan",
        "kabupaten": "Nunukan",
        "provinsi": "Kalimantan Utara",
        "kode_wilayah": "65.03.07.2001"
      }
    },
    {
      "type": "Feature",
      "geometry": {
        "type": "Point",
        "coordinates": [115.66921, 3.52355]
      },
      "properties": {
        "name": "KDMP Pa' Sing",
        "desa": "Pa' Sing",
        "kecamatan": "Krayan Selatan",
        "kabupaten": "Nunukan",
        "provinsi": "Kalimantan Utara",
        "kode_wilayah": "65.03.07.2007"
      }
    },
    {
      "type": "Feature",
      "geometry": {
        "type": "Point",
        "coordinates": [115.72517, 3.65896]
      },
      "properties": {
        "name": "KDMP Pa' Urang",
        "desa": "Pa' Urang",
        "kecamatan": "Krayan Selatan",
        "kabupaten": "Nunukan",
        "provinsi": "Kalimantan Utara",
        "kode_wilayah": "65.03.07.2020"
      }
    },
    {
      "type": "Feature",
      "geometry": {
        "type": "Point",
        "coordinates": [117.70157, 4.08889]
      },
      "properties": {
        "name": "KDMP Nunukan Selatan",
        "desa": "Nunukan Selatan",
        "kecamatan": "Nunukan Selatan",
        "kabupaten": "Nunukan",
        "provinsi": "Kalimantan Utara",
        "kode_wilayah": "65.03.09.1002"
      }
    },
    {
      "type": "Feature",
      "geometry": {
        "type": "Point",
        "coordinates": [117.89404, 4.10086]
      },
      "properties": {
        "name": "KDMP Tanjung Aru",
        "desa": "Tanjung Aru",
        "kecamatan": "Sebatik Timur",
        "kabupaten": "Nunukan",
        "provinsi": "Kalimantan Utara",
        "kode_wilayah": "65.03.10.2004"
      }
    },
    {
      "type": "Feature",
      "geometry": {
        "type": "Point",
        "coordinates": [123.89599, 0.80705]
      },
      "properties": {
        "name": "KDMP Ayong",
        "desa": "Ayong",
        "kecamatan": "Sang Tombolang",
        "kabupaten": "Bolaang Mongondow",
        "provinsi": "Sulawesi Utara",
        "kode_wilayah": "71.01.05.2001"
      }
    },
    {
      "type": "Feature",
      "geometry": {
        "type": "Point",
        "coordinates": [123.84944, 0.72386]
      },
      "properties": {
        "name": "KDMP Lolanan",
        "desa": "Lolanan",
        "kecamatan": "Sang Tombolang",
        "kabupaten": "Bolaang Mongondow",
        "provinsi": "Sulawesi Utara",
        "kode_wilayah": "71.01.05.2012"
      }
    },
    {
      "type": "Feature",
      "geometry": {
        "type": "Point",
        "coordinates": [123.94812, 0.46035]
      },
      "properties": {
        "name": "KDMP Matayangan",
        "desa": "Matayangan",
        "kecamatan": "Dumoga Barat",
        "kabupaten": "Bolaang Mongondow",
        "provinsi": "Sulawesi Utara",
        "kode_wilayah": "71.01.09.2001"
      }
    },
    {
      "type": "Feature",
      "geometry": {
        "type": "Point",
        "coordinates": [123.935, 0.53427]
      },
      "properties": {
        "name": "KDMP Mekaruo",
        "desa": "Mekaruo",
        "kecamatan": "Dumoga Barat",
        "kabupaten": "Bolaang Mongondow",
        "provinsi": "Sulawesi Utara",
        "kode_wilayah": "71.01.09.2011"
      }
    },
    {
      "type": "Feature",
      "geometry": {
        "type": "Point",
        "coordinates": [124.0671, 0.5715]
      },
      "properties": {
        "name": "KDMP Imandi",
        "desa": "Imandi",
        "kecamatan": "Dumoga Timur",
        "kabupaten": "Bolaang Mongondow",
        "provinsi": "Sulawesi Utara",
        "kode_wilayah": "71.01.10.1003"
      }
    },
    {
      "type": "Feature",
      "geometry": {
        "type": "Point",
        "coordinates": [124.11492, 0.55778]
      },
      "properties": {
        "name": "KDMP Pinonobatuan",
        "desa": "Pinonobatuan",
        "kecamatan": "Dumoga Timur",
        "kabupaten": "Bolaang Mongondow",
        "provinsi": "Sulawesi Utara",
        "kode_wilayah": "71.01.10.2013"
      }
    },
    {
      "type": "Feature",
      "geometry": {
        "type": "Point",
        "coordinates": [124.05968, 0.57281]
      },
      "properties": {
        "name": "KDMP Mogoyunggung Satu",
        "desa": "Mogoyunggung Satu",
        "kecamatan": "Dumoga Timur",
        "kabupaten": "Bolaang Mongondow",
        "provinsi": "Sulawesi Utara",
        "kode_wilayah": "71.01.10.2023"
      }
    },
    {
      "type": "Feature",
      "geometry": {
        "type": "Point",
        "coordinates": [123.95432, 0.55062]
      },
      "properties": {
        "name": "KDMP Mopugad Selatan",
        "desa": "Mopugad Selatan",
        "kecamatan": "Dumoga Utara",
        "kabupaten": "Bolaang Mongondow",
        "provinsi": "Sulawesi Utara",
        "kode_wilayah": "71.01.11.2003"
      }
    },
    {
      "type": "Feature",
      "geometry": {
        "type": "Point",
        "coordinates": [123.963, 0.55301]
      },
      "properties": {
        "name": "KDMP Mopugad Selatan Satu",
        "desa": "Mopugad Selatan Satu",
        "kecamatan": "Dumoga Utara",
        "kabupaten": "Bolaang Mongondow",
        "provinsi": "Sulawesi Utara",
        "kode_wilayah": "71.01.11.2016"
      }
    },
    {
      "type": "Feature",
      "geometry": {
        "type": "Point",
        "coordinates": [123.99744, 0.54394]
      },
      "properties": {
        "name": "KDMP Dondomon Selatan",
        "desa": "Dondomon Selatan",
        "kecamatan": "Dumoga Utara",
        "kabupaten": "Bolaang Mongondow",
        "provinsi": "Sulawesi Utara",
        "kode_wilayah": "71.01.11.2025"
      }
    },
    {
      "type": "Feature",
      "geometry": {
        "type": "Point",
        "coordinates": [124.01964, 0.86417]
      },
      "properties": {
        "name": "KDMP Lolak",
        "desa": "Lolak",
        "kecamatan": "Lolak",
        "kabupaten": "Bolaang Mongondow",
        "provinsi": "Sulawesi Utara",
        "kode_wilayah": "71.01.12.2005"
      }
    },
    {
      "type": "Feature",
      "geometry": {
        "type": "Point",
        "coordinates": [124.03749, 0.8849]
      },
      "properties": {
        "name": "KDMP Lalow",
        "desa": "Lalow",
        "kecamatan": "Lolak",
        "kabupaten": "Bolaang Mongondow",
        "provinsi": "Sulawesi Utara",
        "kode_wilayah": "71.01.12.2011"
      }
    },
    {
      "type": "Feature",
      "geometry": {
        "type": "Point",
        "coordinates": [124.01951, 0.88079]
      },
      "properties": {
        "name": "KDMP Lolak Tombolango",
        "desa": "Lolak Tombolango",
        "kecamatan": "Lolak",
        "kabupaten": "Bolaang Mongondow",
        "provinsi": "Sulawesi Utara",
        "kode_wilayah": "71.01.12.2017"
      }
    },
    {
      "type": "Feature",
      "geometry": {
        "type": "Point",
        "coordinates": [123.99916, 0.83723]
      },
      "properties": {
        "name": "KDMP Pinogaluman Timur",
        "desa": "Pinogaluman Timur",
        "kecamatan": "Lolak",
        "kabupaten": "Bolaang Mongondow",
        "provinsi": "Sulawesi Utara",
        "kode_wilayah": "71.01.12.2023"
      }
    },
    {
      "type": "Feature",
      "geometry": {
        "type": "Point",
        "coordinates": [124.13364, 0.77643]
      },
      "properties": {
        "name": "KDMP Solimandungan II",
        "desa": "Solimandungan II",
        "kecamatan": "Bolaang",
        "kabupaten": "Bolaang Mongondow",
        "provinsi": "Sulawesi Utara",
        "kode_wilayah": "71.01.13.2002"
      }
    },
    {
      "type": "Feature",
      "geometry": {
        "type": "Point",
        "coordinates": [124.11564, 0.88872]
      },
      "properties": {
        "name": "KDMP Langagon Satu",
        "desa": "Langagon Satu",
        "kecamatan": "Bolaang",
        "kabupaten": "Bolaang Mongondow",
        "provinsi": "Sulawesi Utara",
        "kode_wilayah": "71.01.13.2015"
      }
    },
    {
      "type": "Feature",
      "geometry": {
        "type": "Point",
        "coordinates": [124.26311, 0.55694]
      },
      "properties": {
        "name": "KDMP Mopusi",
        "desa": "Mopusi",
        "kecamatan": "Lolayan",
        "kabupaten": "Bolaang Mongondow",
        "provinsi": "Sulawesi Utara",
        "kode_wilayah": "71.01.14.2004"
      }
    },
    {
      "type": "Feature",
      "geometry": {
        "type": "Point",
        "coordinates": [124.23567, 0.70571]
      },
      "properties": {
        "name": "KDMP Mopait",
        "desa": "Mopait",
        "kecamatan": "Lolayan",
        "kabupaten": "Bolaang Mongondow",
        "provinsi": "Sulawesi Utara",
        "kode_wilayah": "71.01.14.2010"
      }
    },
    {
      "type": "Feature",
      "geometry": {
        "type": "Point",
        "coordinates": [124.25909, 0.78501]
      },
      "properties": {
        "name": "KDMP Poyuyanan",
        "desa": "Poyuyanan",
        "kecamatan": "Passi Barat",
        "kabupaten": "Bolaang Mongondow",
        "provinsi": "Sulawesi Utara",
        "kode_wilayah": "71.01.19.2002"
      }
    },
    {
      "type": "Feature",
      "geometry": {
        "type": "Point",
        "coordinates": [124.2752, 0.762]
      },
      "properties": {
        "name": "KDMP Wangga",
        "desa": "Wangga",
        "kecamatan": "Passi Barat",
        "kabupaten": "Bolaang Mongondow",
        "provinsi": "Sulawesi Utara",
        "kode_wilayah": "71.01.19.2020"
      }
    },
    {
      "type": "Feature",
      "geometry": {
        "type": "Point",
        "coordinates": [124.24179, 0.9077]
      },
      "properties": {
        "name": "KDMP Mariri Lama",
        "desa": "Mariri Lama",
        "kecamatan": "Poigar",
        "kabupaten": "Bolaang Mongondow",
        "provinsi": "Sulawesi Utara",
        "kode_wilayah": "71.01.20.2001"
      }
    },
    {
      "type": "Feature",
      "geometry": {
        "type": "Point",
        "coordinates": [124.29662, 0.99528]
      },
      "properties": {
        "name": "KDMP Poigar I",
        "desa": "Poigar I",
        "kecamatan": "Poigar",
        "kabupaten": "Bolaang Mongondow",
        "provinsi": "Sulawesi Utara",
        "kode_wilayah": "71.01.20.2007"
      }
    },
    {
      "type": "Feature",
      "geometry": {
        "type": "Point",
        "coordinates": [124.29929, 0.99208]
      },
      "properties": {
        "name": "KDMP Poigar III",
        "desa": "Poigar III",
        "kecamatan": "Poigar",
        "kabupaten": "Bolaang Mongondow",
        "provinsi": "Sulawesi Utara",
        "kode_wilayah": "71.01.20.2013"
      }
    },
    {
      "type": "Feature",
      "geometry": {
        "type": "Point",
        "coordinates": [124.19128, 0.97282]
      },
      "properties": {
        "name": "KDMP Tanjung Mariri",
        "desa": "Tanjung Mariri",
        "kecamatan": "Poigar",
        "kabupaten": "Bolaang Mongondow",
        "provinsi": "Sulawesi Utara",
        "kode_wilayah": "71.01.20.2019"
      }
    },
    {
      "type": "Feature",
      "geometry": {
        "type": "Point",
        "coordinates": [124.41633, 0.79454]
      },
      "properties": {
        "name": "KDMP Insil",
        "desa": "Insil",
        "kecamatan": "Passi Timur",
        "kabupaten": "Bolaang Mongondow",
        "provinsi": "Sulawesi Utara",
        "kode_wilayah": "71.01.22.2007"
      }
    },
    {
      "type": "Feature",
      "geometry": {
        "type": "Point",
        "coordinates": [124.3528, 0.76577]
      },
      "properties": {
        "name": "KDMP Poopo Selatan",
        "desa": "Poopo Selatan",
        "kecamatan": "Passi Timur",
        "kabupaten": "Bolaang Mongondow",
        "provinsi": "Sulawesi Utara",
        "kode_wilayah": "71.01.22.2016"
      }
    },
    {
      "type": "Feature",
      "geometry": {
        "type": "Point",
        "coordinates": [124.17054, 0.91799]
      },
      "properties": {
        "name": "KDMP Bolaang",
        "desa": "Bolaang",
        "kecamatan": "Bolaang Timur",
        "kabupaten": "Bolaang Mongondow",
        "provinsi": "Sulawesi Utara",
        "kode_wilayah": "71.01.31.2004"
      }
    },
    {
      "type": "Feature",
      "geometry": {
        "type": "Point",
        "coordinates": [124.3096, 0.76627]
      },
      "properties": {
        "name": "KDMP Bilalang III",
        "desa": "Bilalang III",
        "kecamatan": "Bilalang",
        "kabupaten": "Bolaang Mongondow",
        "provinsi": "Sulawesi Utara",
        "kode_wilayah": "71.01.32.2001"
      }
    },
    {
      "type": "Feature",
      "geometry": {
        "type": "Point",
        "coordinates": [124.31938, 0.77864]
      },
      "properties": {
        "name": "KDMP Bilalang Baru",
        "desa": "Bilalang Baru",
        "kecamatan": "Bilalang",
        "kabupaten": "Bolaang Mongondow",
        "provinsi": "Sulawesi Utara",
        "kode_wilayah": "71.01.32.2007"
      }
    },
    {
      "type": "Feature",
      "geometry": {
        "type": "Point",
        "coordinates": [124.142, 0.66018]
      },
      "properties": {
        "name": "KDMP Ponompiaan",
        "desa": "Ponompiaan",
        "kecamatan": "Dumoga",
        "kabupaten": "Bolaang Mongondow",
        "provinsi": "Sulawesi Utara",
        "kode_wilayah": "71.01.33.2005"
      }
    },
    {
      "type": "Feature",
      "geometry": {
        "type": "Point",
        "coordinates": [124.15411, 0.61704]
      },
      "properties": {
        "name": "KDMP Pusian Selatan",
        "desa": "Pusian Selatan",
        "kecamatan": "Dumoga",
        "kabupaten": "Bolaang Mongondow",
        "provinsi": "Sulawesi Utara",
        "kode_wilayah": "71.01.33.2011"
      }
    },
    {
      "type": "Feature",
      "geometry": {
        "type": "Point",
        "coordinates": [124.03216, 0.58534]
      },
      "properties": {
        "name": "KDMP Konarom",
        "desa": "Konarom",
        "kecamatan": "Dumoga Tenggara",
        "kabupaten": "Bolaang Mongondow",
        "provinsi": "Sulawesi Utara",
        "kode_wilayah": "71.01.34.2005"
      }
    },
    {
      "type": "Feature",
      "geometry": {
        "type": "Point",
        "coordinates": [124.01892, 0.56027]
      },
      "properties": {
        "name": "KDMP Ibolian",
        "desa": "Ibolian",
        "kecamatan": "Dumoga Tengah",
        "kabupaten": "Bolaang Mongondow",
        "provinsi": "Sulawesi Utara",
        "kode_wilayah": "71.01.35.2001"
      }
    },
    {
      "type": "Feature",
      "geometry": {
        "type": "Point",
        "coordinates": [124.03836, 0.54302]
      },
      "properties": {
        "name": "KDMP Werdhi Agung",
        "desa": "Werdhi Agung",
        "kecamatan": "Dumoga Tengah",
        "kabupaten": "Bolaang Mongondow",
        "provinsi": "Sulawesi Utara",
        "kode_wilayah": "71.01.35.2007"
      }
    },
    {
      "type": "Feature",
      "geometry": {
        "type": "Point",
        "coordinates": [124.89433, 1.26057]
      },
      "properties": {
        "name": "KDMP Roong",
        "desa": "Roong",
        "kecamatan": "Tondano Barat",
        "kabupaten": "Minahasa",
        "provinsi": "Sulawesi Utara",
        "kode_wilayah": "71.02.01.1009"
      }
    },
    {
      "type": "Feature",
      "geometry": {
        "type": "Point",
        "coordinates": [124.90012, 1.29607]
      },
      "properties": {
        "name": "KDMP Wewelan",
        "desa": "Wewelan",
        "kecamatan": "Tondano Barat",
        "kabupaten": "Minahasa",
        "provinsi": "Sulawesi Utara",
        "kode_wilayah": "71.02.01.1015"
      }
    },
    {
      "type": "Feature",
      "geometry": {
        "type": "Point",
        "coordinates": [124.94723, 1.28553]
      },
      "properties": {
        "name": "KDMP Liningaan",
        "desa": "Liningaan",
        "kecamatan": "Tondano Timur",
        "kabupaten": "Minahasa",
        "provinsi": "Sulawesi Utara",
        "kode_wilayah": "71.02.02.1009"
      }
    },
    {
      "type": "Feature",
      "geometry": {
        "type": "Point",
        "coordinates": [124.91739, 1.20226]
      },
      "properties": {
        "name": "KDMP Telap",
        "desa": "Telap",
        "kecamatan": "Eris",
        "kabupaten": "Minahasa",
        "provinsi": "Sulawesi Utara",
        "kode_wilayah": "71.02.03.2001"
      }
    },
    {
      "type": "Feature",
      "geometry": {
        "type": "Point",
        "coordinates": [124.9417, 1.25165]
      },
      "properties": {
        "name": "KDMP Touliang Oki",
        "desa": "Touliang Oki",
        "kecamatan": "Eris",
        "kabupaten": "Minahasa",
        "provinsi": "Sulawesi Utara",
        "kode_wilayah": "71.02.03.2007"
      }
    },
    {
      "type": "Feature",
      "geometry": {
        "type": "Point",
        "coordinates": [124.98082, 1.24551]
      },
      "properties": {
        "name": "KDMP Kombi",
        "desa": "Kombi",
        "kecamatan": "Kombi",
        "kabupaten": "Minahasa",
        "provinsi": "Sulawesi Utara",
        "kode_wilayah": "71.02.04.2005"
      }
    },
    {
      "type": "Feature",
      "geometry": {
        "type": "Point",
        "coordinates": [125.01511, 1.29438]
      },
      "properties": {
        "name": "KDMP Kalawiran",
        "desa": "Kalawiran",
        "kecamatan": "Kombi",
        "kabupaten": "Minahasa",
        "provinsi": "Sulawesi Utara",
        "kode_wilayah": "71.02.04.2011"
      }
    },
    {
      "type": "Feature",
      "geometry": {
        "type": "Point",
        "coordinates": [124.9788, 1.13523]
      },
      "properties": {
        "name": "KDMP Karor",
        "desa": "Karor",
        "kecamatan": "Lembean Timur",
        "kabupaten": "Minahasa",
        "provinsi": "Sulawesi Utara",
        "kode_wilayah": "71.02.05.2004"
      }
    },
    {
      "type": "Feature",
      "geometry": {
        "type": "Point",
        "coordinates": [125.01542, 1.17073]
      },
      "properties": {
        "name": "KDMP Kapataran Satu",
        "desa": "Kapataran Satu",
        "kecamatan": "Lembean Timur",
        "kabupaten": "Minahasa",
        "provinsi": "Sulawesi Utara",
        "kode_wilayah": "71.02.05.2010"
      }
    },
    {
      "type": "Feature",
      "geometry": {
        "type": "Point",
        "coordinates": [124.87454, 1.17054]
      },
      "properties": {
        "name": "KDMP Pahaleten",
        "desa": "Pahaleten",
        "kecamatan": "Kakas",
        "kabupaten": "Minahasa",
        "provinsi": "Sulawesi Utara",
        "kode_wilayah": "71.02.06.2015"
      }
    },
    {
      "type": "Feature",
      "geometry": {
        "type": "Point",
        "coordinates": [124.93486, 1.14963]
      },
      "properties": {
        "name": "KDMP Makalelon",
        "desa": "Makalelon",
        "kecamatan": "Kakas",
        "kabupaten": "Minahasa",
        "provinsi": "Sulawesi Utara",
        "kode_wilayah": "71.02.06.2021"
      }
    },
    {
      "type": "Feature",
      "geometry": {
        "type": "Point",
        "coordinates": [124.79569, 1.17998]
      },
      "properties": {
        "name": "KDMP Talikuran",
        "desa": "Talikuran",
        "kecamatan": "Tompaso",
        "kabupaten": "Minahasa",
        "provinsi": "Sulawesi Utara",
        "kode_wilayah": "71.02.07.2007"
      }
    },
    {
      "type": "Feature",
      "geometry": {
        "type": "Point",
        "coordinates": [124.82774, 1.20139]
      },
      "properties": {
        "name": "KDMP Tolok Satu",
        "desa": "Tolok Satu",
        "kecamatan": "Tompaso",
        "kabupaten": "Minahasa",
        "provinsi": "Sulawesi Utara",
        "kode_wilayah": "71.02.07.2017"
      }
    },
    {
      "type": "Feature",
      "geometry": {
        "type": "Point",
        "coordinates": [124.86236, 1.2314]
      },
      "properties": {
        "name": "KDMP Sendangan",
        "desa": "Sendangan",
        "kecamatan": "Remboken",
        "kabupaten": "Minahasa",
        "provinsi": "Sulawesi Utara",
        "kode_wilayah": "71.02.08.2006"
      }
    },
    {
      "type": "Feature",
      "geometry": {
        "type": "Point",
        "coordinates": [124.84494, 1.1437]
      },
      "properties": {
        "name": "KDMP Wolaang",
        "desa": "Wolaang",
        "kecamatan": "Langowan Timur",
        "kabupaten": "Minahasa",
        "provinsi": "Sulawesi Utara",
        "kode_wilayah": "71.02.09.2004"
      }
    },
    {
      "type": "Feature",
      "geometry": {
        "type": "Point",
        "coordinates": [124.84568, 1.16925]
      },
      "properties": {
        "name": "KDMP Sumarayar",
        "desa": "Sumarayar",
        "kecamatan": "Langowan Timur",
        "kabupaten": "Minahasa",
        "provinsi": "Sulawesi Utara",
        "kode_wilayah": "71.02.09.2010"
      }
    },
    {
      "type": "Feature",
      "geometry": {
        "type": "Point",
        "coordinates": [122.98805, 0.60426]
      },
      "properties": {
        "name": "KDMP Kayubulan",
        "desa": "Kayubulan",
        "kecamatan": "Limboto",
        "kabupaten": "Gorontalo",
        "provinsi": "Gorontalo",
        "kode_wilayah": "75.01.01.1001"
      }
    },
    {
      "type": "Feature",
      "geometry": {
        "type": "Point",
        "coordinates": [122.99404, 0.6191]
      },
      "properties": {
        "name": "KDMP Dutulanaa",
        "desa": "Dutulanaa",
        "kecamatan": "Limboto",
        "kabupaten": "Gorontalo",
        "provinsi": "Gorontalo",
        "kode_wilayah": "75.01.01.1007"
      }
    },
    {
      "type": "Feature",
      "geometry": {
        "type": "Point",
        "coordinates": [122.97063, 0.68255]
      },
      "properties": {
        "name": "KDMP Tilihuwa",
        "desa": "Tilihuwa",
        "kecamatan": "Limboto",
        "kabupaten": "Gorontalo",
        "provinsi": "Gorontalo",
        "kode_wilayah": "75.01.01.1013"
      }
    },
    {
      "type": "Feature",
      "geometry": {
        "type": "Point",
        "coordinates": [123.06168, 0.60768]
      },
      "properties": {
        "name": "KDMP Pilohayanga",
        "desa": "Pilohayanga",
        "kecamatan": "Telaga",
        "kabupaten": "Gorontalo",
        "provinsi": "Gorontalo",
        "kode_wilayah": "75.01.02.2017"
      }
    },
    {
      "type": "Feature",
      "geometry": {
        "type": "Point",
        "coordinates": [122.9727, 0.54148]
      },
      "properties": {
        "name": "KDMP Bua",
        "desa": "Bua",
        "kecamatan": "Batudaa",
        "kabupaten": "Gorontalo",
        "provinsi": "Gorontalo",
        "kode_wilayah": "75.01.03.2002"
      }
    },
    {
      "type": "Feature",
      "geometry": {
        "type": "Point",
        "coordinates": [122.9598, 0.53776]
      },
      "properties": {
        "name": "KDMP Pilobuhuta",
        "desa": "Pilobuhuta",
        "kecamatan": "Batudaa",
        "kabupaten": "Gorontalo",
        "provinsi": "Gorontalo",
        "kode_wilayah": "75.01.03.2015"
      }
    },
    {
      "type": "Feature",
      "geometry": {
        "type": "Point",
        "coordinates": [122.83066, 0.62961]
      },
      "properties": {
        "name": "KDMP Reksonegoro",
        "desa": "Reksonegoro",
        "kecamatan": "Tibawa",
        "kabupaten": "Gorontalo",
        "provinsi": "Gorontalo",
        "kode_wilayah": "75.01.04.2006"
      }
    },
    {
      "type": "Feature",
      "geometry": {
        "type": "Point",
        "coordinates": [122.87956, 0.74591]
      },
      "properties": {
        "name": "KDMP Motilango",
        "desa": "Motilango",
        "kecamatan": "Tibawa",
        "kabupaten": "Gorontalo",
        "provinsi": "Gorontalo",
        "kode_wilayah": "75.01.04.2012"
      }
    },
    {
      "type": "Feature",
      "geometry": {
        "type": "Point",
        "coordinates": [122.96059, 0.50496]
      },
      "properties": {
        "name": "KDMP Biluhu Timur",
        "desa": "Biluhu Timur",
        "kecamatan": "Batudaa Pantai",
        "kabupaten": "Gorontalo",
        "provinsi": "Gorontalo",
        "kode_wilayah": "75.01.05.2005"
      }
    },
    {
      "type": "Feature",
      "geometry": {
        "type": "Point",
        "coordinates": [123.02718, 0.50948]
      },
      "properties": {
        "name": "KDMP Buhudaa",
        "desa": "Buhudaa",
        "kecamatan": "Batudaa Pantai",
        "kabupaten": "Gorontalo",
        "provinsi": "Gorontalo",
        "kode_wilayah": "75.01.05.2014"
      }
    },
    {
      "type": "Feature",
      "geometry": {
        "type": "Point",
        "coordinates": [122.61031, 0.70386]
      },
      "properties": {
        "name": "KDMP Potanga",
        "desa": "Potanga",
        "kecamatan": "Boliyohuto",
        "kabupaten": "Gorontalo",
        "provinsi": "Gorontalo",
        "kode_wilayah": "75.01.09.2010"
      }
    },
    {
      "type": "Feature",
      "geometry": {
        "type": "Point",
        "coordinates": [122.61138, 0.6478]
      },
      "properties": {
        "name": "KDMP Sidomulya Selatan",
        "desa": "Sidomulya Selatan",
        "kecamatan": "Boliyohuto",
        "kabupaten": "Gorontalo",
        "provinsi": "Gorontalo",
        "kode_wilayah": "75.01.09.2019"
      }
    },
    {
      "type": "Feature",
      "geometry": {
        "type": "Point",
        "coordinates": [123.0205, 0.65697]
      },
      "properties": {
        "name": "KDMP Talumelito",
        "desa": "Talumelito",
        "kecamatan": "Telaga Biru",
        "kabupaten": "Gorontalo",
        "provinsi": "Gorontalo",
        "kode_wilayah": "75.01.10.2004"
      }
    },
    {
      "type": "Feature",
      "geometry": {
        "type": "Point",
        "coordinates": [123.05144, 0.6234]
      },
      "properties": {
        "name": "KDMP Dumati",
        "desa": "Dumati",
        "kecamatan": "Telaga Biru",
        "kabupaten": "Gorontalo",
        "provinsi": "Gorontalo",
        "kode_wilayah": "75.01.10.2010"
      }
    },
    {
      "type": "Feature",
      "geometry": {
        "type": "Point",
        "coordinates": [122.85353, 0.60471]
      },
      "properties": {
        "name": "KDMP Dulamayo",
        "desa": "Dulamayo",
        "kecamatan": "Bongomeme",
        "kabupaten": "Gorontalo",
        "provinsi": "Gorontalo",
        "kode_wilayah": "75.01.11.2001"
      }
    },
    {
      "type": "Feature",
      "geometry": {
        "type": "Point",
        "coordinates": [122.74888, 0.58043]
      },
      "properties": {
        "name": "KDMP Batulayar",
        "desa": "Batulayar",
        "kecamatan": "Bongomeme",
        "kabupaten": "Gorontalo",
        "provinsi": "Gorontalo",
        "kode_wilayah": "75.01.11.2013"
      }
    },
    {
      "type": "Feature",
      "geometry": {
        "type": "Point",
        "coordinates": [122.78217, 0.54594]
      },
      "properties": {
        "name": "KDMP Liyodu",
        "desa": "Liyodu",
        "kecamatan": "Bongomeme",
        "kabupaten": "Gorontalo",
        "provinsi": "Gorontalo",
        "kode_wilayah": "75.01.11.2023"
      }
    },
    {
      "type": "Feature",
      "geometry": {
        "type": "Point",
        "coordinates": [122.54966, 0.70685]
      },
      "properties": {
        "name": "KDMP Molohu",
        "desa": "Molohu",
        "kecamatan": "Tolangohula",
        "kabupaten": "Gorontalo",
        "provinsi": "Gorontalo",
        "kode_wilayah": "75.01.13.2004"
      }
    },
    {
      "type": "Feature",
      "geometry": {
        "type": "Point",
        "coordinates": [122.56985, 0.7065]
      },
      "properties": {
        "name": "KDMP Margomulya",
        "desa": "Margomulya",
        "kecamatan": "Tolangohula",
        "kabupaten": "Gorontalo",
        "provinsi": "Gorontalo",
        "kode_wilayah": "75.01.13.2014"
      }
    },
    {
      "type": "Feature",
      "geometry": {
        "type": "Point",
        "coordinates": [122.63138, 0.69435]
      },
      "properties": {
        "name": "KDMP Paris",
        "desa": "Paris",
        "kecamatan": "Mootilango",
        "kabupaten": "Gorontalo",
        "provinsi": "Gorontalo",
        "kode_wilayah": "75.01.14.2001"
      }
    },
    {
      "type": "Feature",
      "geometry": {
        "type": "Point",
        "coordinates": [122.65874, 0.67453]
      },
      "properties": {
        "name": "KDMP Sidomukti",
        "desa": "Sidomukti",
        "kecamatan": "Mootilango",
        "kabupaten": "Gorontalo",
        "provinsi": "Gorontalo",
        "kode_wilayah": "75.01.14.2007"
      }
    },
    {
      "type": "Feature",
      "geometry": {
        "type": "Point",
        "coordinates": [122.74958, 0.72405]
      },
      "properties": {
        "name": "KDMP Molamahu",
        "desa": "Molamahu",
        "kecamatan": "Pulubala",
        "kabupaten": "Gorontalo",
        "provinsi": "Gorontalo",
        "kode_wilayah": "75.01.16.2003"
      }
    },
    {
      "type": "Feature",
      "geometry": {
        "type": "Point",
        "coordinates": [122.80179, 0.7142]
      },
      "properties": {
        "name": "KDMP Toyidito",
        "desa": "Toyidito",
        "kecamatan": "Pulubala",
        "kabupaten": "Gorontalo",
        "provinsi": "Gorontalo",
        "kode_wilayah": "75.01.16.2009"
      }
    },
    {
      "type": "Feature",
      "geometry": {
        "type": "Point",
        "coordinates": [122.92962, 0.68792]
      },
      "properties": {
        "name": "KDMP Daenaa",
        "desa": "Daenaa",
        "kecamatan": "Limboto Barat",
        "kabupaten": "Gorontalo",
        "provinsi": "Gorontalo",
        "kode_wilayah": "75.01.17.2004"
      }
    },
    {
      "type": "Feature",
      "geometry": {
        "type": "Point",
        "coordinates": [122.9551, 0.67331]
      },
      "properties": {
        "name": "KDMP Huidu Utara",
        "desa": "Huidu Utara",
        "kecamatan": "Limboto Barat",
        "kabupaten": "Gorontalo",
        "provinsi": "Gorontalo",
        "kode_wilayah": "75.01.17.2010"
      }
    },
    {
      "type": "Feature",
      "geometry": {
        "type": "Point",
        "coordinates": [123.0185, 0.56581]
      },
      "properties": {
        "name": "KDMP Lauwonu",
        "desa": "Lauwonu",
        "kecamatan": "Tilango",
        "kabupaten": "Gorontalo",
        "provinsi": "Gorontalo",
        "kode_wilayah": "75.01.18.2006"
      }
    },
    {
      "type": "Feature",
      "geometry": {
        "type": "Point",
        "coordinates": [122.94646, 0.58944]
      },
      "properties": {
        "name": "KDMP Limehe Timur",
        "desa": "Limehe Timur",
        "kecamatan": "Tabongo",
        "kabupaten": "Gorontalo",
        "provinsi": "Gorontalo",
        "kode_wilayah": "75.01.19.2004"
      }
    },
    {
      "type": "Feature",
      "geometry": {
        "type": "Point",
        "coordinates": [122.74444, 0.51433]
      },
      "properties": {
        "name": "KDMP Biluhu Barat",
        "desa": "Biluhu Barat",
        "kecamatan": "Biluhu",
        "kabupaten": "Gorontalo",
        "provinsi": "Gorontalo",
        "kode_wilayah": "75.01.20.2001"
      }
    },
    {
      "type": "Feature",
      "geometry": {
        "type": "Point",
        "coordinates": [122.81786, 0.5031]
      },
      "properties": {
        "name": "KDMP Botubolu'o",
        "desa": "Botubolu'o",
        "kecamatan": "Biluhu",
        "kabupaten": "Gorontalo",
        "provinsi": "Gorontalo",
        "kode_wilayah": "75.01.20.2007"
      }
    },
    {
      "type": "Feature",
      "geometry": {
        "type": "Point",
        "coordinates": [122.4955, 0.80543]
      },
      "properties": {
        "name": "KDMP Prima",
        "desa": "Prima",
        "kecamatan": "Asparaga",
        "kabupaten": "Gorontalo",
        "provinsi": "Gorontalo",
        "kode_wilayah": "75.01.21.2005"
      }
    },
    {
      "type": "Feature",
      "geometry": {
        "type": "Point",
        "coordinates": [123.00837, 0.57571]
      },
      "properties": {
        "name": "KDMP Hutadaa",
        "desa": "Hutadaa",
        "kecamatan": "Talaga Jaya",
        "kabupaten": "Gorontalo",
        "provinsi": "Gorontalo",
        "kode_wilayah": "75.01.22.2001"
      }
    },
    {
      "type": "Feature",
      "geometry": {
        "type": "Point",
        "coordinates": [122.65672, 0.54263]
      },
      "properties": {
        "name": "KDMP Bilato",
        "desa": "Bilato",
        "kecamatan": "Bilato",
        "kabupaten": "Gorontalo",
        "provinsi": "Gorontalo",
        "kode_wilayah": "75.01.23.2002"
      }
    },
    {
      "type": "Feature",
      "geometry": {
        "type": "Point",
        "coordinates": [122.6919, 0.60683]
      },
      "properties": {
        "name": "KDMP Lamahu",
        "desa": "Lamahu",
        "kecamatan": "Bilato",
        "kabupaten": "Gorontalo",
        "provinsi": "Gorontalo",
        "kode_wilayah": "75.01.23.2008"
      }
    },
    {
      "type": "Feature",
      "geometry": {
        "type": "Point",
        "coordinates": [122.8872, 0.55658]
      },
      "properties": {
        "name": "KDMP Ambara",
        "desa": "Ambara",
        "kecamatan": "Dungaliyo",
        "kabupaten": "Gorontalo",
        "provinsi": "Gorontalo",
        "kode_wilayah": "75.01.24.2004"
      }
    },
    {
      "type": "Feature",
      "geometry": {
        "type": "Point",
        "coordinates": [122.87746, 0.53963]
      },
      "properties": {
        "name": "KDMP Momala",
        "desa": "Momala",
        "kecamatan": "Dungaliyo",
        "kabupaten": "Gorontalo",
        "provinsi": "Gorontalo",
        "kode_wilayah": "75.01.24.2010"
      }
    },
    {
      "type": "Feature",
      "geometry": {
        "type": "Point",
        "coordinates": [122.56043, 0.63353]
      },
      "properties": {
        "name": "KDMP Wonggahu",
        "desa": "Wonggahu",
        "kecamatan": "Paguyaman",
        "kabupaten": "Boalemo",
        "provinsi": "Gorontalo",
        "kode_wilayah": "75.02.01.2009"
      }
    },
    {
      "type": "Feature",
      "geometry": {
        "type": "Point",
        "coordinates": [122.45857, 0.61871]
      },
      "properties": {
        "name": "KDMP Huwongo",
        "desa": "Huwongo",
        "kecamatan": "Paguyaman",
        "kabupaten": "Boalemo",
        "provinsi": "Gorontalo",
        "kode_wilayah": "75.02.01.2015"
      }
    },
    {
      "type": "Feature",
      "geometry": {
        "type": "Point",
        "coordinates": [122.54365, 0.68226]
      },
      "properties": {
        "name": "KDMP Permata",
        "desa": "Permata",
        "kecamatan": "Paguyaman",
        "kabupaten": "Boalemo",
        "provinsi": "Gorontalo",
        "kode_wilayah": "75.02.01.2023"
      }
    },
    {
      "type": "Feature",
      "geometry": {
        "type": "Point",
        "coordinates": [122.44411, 0.71132]
      },
      "properties": {
        "name": "KDMP Bongo II",
        "desa": "Bongo II",
        "kecamatan": "Wonosari",
        "kabupaten": "Boalemo",
        "provinsi": "Gorontalo",
        "kode_wilayah": "75.02.02.2002"
      }
    },
    {
      "type": "Feature",
      "geometry": {
        "type": "Point",
        "coordinates": [122.41251, 0.72137]
      },
      "properties": {
        "name": "KDMP Suka Mulya",
        "desa": "Suka Mulya",
        "kecamatan": "Wonosari",
        "kabupaten": "Boalemo",
        "provinsi": "Gorontalo",
        "kode_wilayah": "75.02.02.2008"
      }
    },
    {
      "type": "Feature",
      "geometry": {
        "type": "Point",
        "coordinates": [122.4804, 0.73694]
      },
      "properties": {
        "name": "KDMP Dulohupa",
        "desa": "Dulohupa",
        "kecamatan": "Wonosari",
        "kabupaten": "Boalemo",
        "provinsi": "Gorontalo",
        "kode_wilayah": "75.02.02.2014"
      }
    },
    {
      "type": "Feature",
      "geometry": {
        "type": "Point",
        "coordinates": [122.40436, 0.60294]
      },
      "properties": {
        "name": "KDMP Tangga Jaya",
        "desa": "Tangga Jaya",
        "kecamatan": "Dulupi",
        "kabupaten": "Boalemo",
        "provinsi": "Gorontalo",
        "kode_wilayah": "75.02.03.2006"
      }
    },
    {
      "type": "Feature",
      "geometry": {
        "type": "Point",
        "coordinates": [122.33738, 0.52216]
      },
      "properties": {
        "name": "KDMP Hungayonaa",
        "desa": "Hungayonaa",
        "kecamatan": "Tilamuta",
        "kabupaten": "Boalemo",
        "provinsi": "Gorontalo",
        "kode_wilayah": "75.02.04.2004"
      }
    },
    {
      "type": "Feature",
      "geometry": {
        "type": "Point",
        "coordinates": [122.34108, 0.63279]
      },
      "properties": {
        "name": "KDMP Lahumbo",
        "desa": "Lahumbo",
        "kecamatan": "Tilamuta",
        "kabupaten": "Boalemo",
        "provinsi": "Gorontalo",
        "kode_wilayah": "75.02.04.2010"
      }
    },
    {
      "type": "Feature",
      "geometry": {
        "type": "Point",
        "coordinates": [122.13754, 0.7834]
      },
      "properties": {
        "name": "KDMP Bendungan",
        "desa": "Bendungan",
        "kecamatan": "Mananggu",
        "kabupaten": "Boalemo",
        "provinsi": "Gorontalo",
        "kode_wilayah": "75.02.05.2004"
      }
    },
    {
      "type": "Feature",
      "geometry": {
        "type": "Point",
        "coordinates": [122.29726, 0.49891]
      },
      "properties": {
        "name": "KDMP Tutulo",
        "desa": "Tutulo",
        "kecamatan": "Botumoito",
        "kabupaten": "Boalemo",
        "provinsi": "Gorontalo",
        "kode_wilayah": "75.02.06.2001"
      }
    },
    {
      "type": "Feature",
      "geometry": {
        "type": "Point",
        "coordinates": [122.17748, 0.71143]
      },
      "properties": {
        "name": "KDMP Bolihutuo",
        "desa": "Bolihutuo",
        "kecamatan": "Botumoito",
        "kabupaten": "Boalemo",
        "provinsi": "Gorontalo",
        "kode_wilayah": "75.02.06.2007"
      }
    },
    {
      "type": "Feature",
      "geometry": {
        "type": "Point",
        "coordinates": [122.54054, 0.5769]
      },
      "properties": {
        "name": "KDMP Bukit Karya",
        "desa": "Bukit Karya",
        "kecamatan": "Paguyaman Pantai",
        "kabupaten": "Boalemo",
        "provinsi": "Gorontalo",
        "kode_wilayah": "75.02.07.2004"
      }
    },
    {
      "type": "Feature",
      "geometry": {
        "type": "Point",
        "coordinates": [123.07734, 0.60736]
      },
      "properties": {
        "name": "KDMP Talulobutu",
        "desa": "Talulobutu",
        "kecamatan": "Tapa",
        "kabupaten": "Bone Bolango",
        "provinsi": "Gorontalo",
        "kode_wilayah": "75.03.01.2005"
      }
    },
    {
      "type": "Feature",
      "geometry": {
        "type": "Point",
        "coordinates": [123.10468, 0.5387]
      },
      "properties": {
        "name": "KDMP Padengo",
        "desa": "Padengo",
        "kecamatan": "Kabila",
        "kabupaten": "Bone Bolango",
        "provinsi": "Gorontalo",
        "kode_wilayah": "75.03.02.1008"
      }
    },
    {
      "type": "Feature",
      "geometry": {
        "type": "Point",
        "coordinates": [122.56165, -1.28018]
      },
      "properties": {
        "name": "KDMP Bugis",
        "desa": "Bugis",
        "kecamatan": "Batui",
        "kabupaten": "Banggai",
        "provinsi": "Sulawesi Tengah",
        "kode_wilayah": "72.01.01.1006"
      }
    },
    {
      "type": "Feature",
      "geometry": {
        "type": "Point",
        "coordinates": [122.51155, -1.2966]
      },
      "properties": {
        "name": "KDMP Bakung",
        "desa": "Bakung",
        "kecamatan": "Batui",
        "kabupaten": "Banggai",
        "provinsi": "Sulawesi Tengah",
        "kode_wilayah": "72.01.01.1023"
      }
    },
    {
      "type": "Feature",
      "geometry": {
        "type": "Point",
        "coordinates": [122.47475, -1.26476]
      },
      "properties": {
        "name": "KDMP Ondo-Ondolu I",
        "desa": "Ondo-Ondolu I",
        "kecamatan": "Batui",
        "kabupaten": "Banggai",
        "provinsi": "Sulawesi Tengah",
        "kode_wilayah": "72.01.01.2016"
      }
    },
    {
      "type": "Feature",
      "geometry": {
        "type": "Point",
        "coordinates": [122.18966, -0.87817]
      },
      "properties": {
        "name": "KDMP Dondo Soboli",
        "desa": "Dondo Soboli",
        "kecamatan": "Bunta",
        "kabupaten": "Banggai",
        "provinsi": "Sulawesi Tengah",
        "kode_wilayah": "72.01.02.2016"
      }
    },
    {
      "type": "Feature",
      "geometry": {
        "type": "Point",
        "coordinates": [122.29938, -0.83761]
      },
      "properties": {
        "name": "KDMP Nanga-Nangaon",
        "desa": "Nanga-Nangaon",
        "kecamatan": "Bunta",
        "kabupaten": "Banggai",
        "provinsi": "Sulawesi Tengah",
        "kode_wilayah": "72.01.02.2028"
      }
    },
    {
      "type": "Feature",
      "geometry": {
        "type": "Point",
        "coordinates": [122.45018, -0.86309]
      },
      "properties": {
        "name": "KDMP Balanga",
        "desa": "Balanga",
        "kecamatan": "Bunta",
        "kabupaten": "Banggai",
        "provinsi": "Sulawesi Tengah",
        "kode_wilayah": "72.01.02.2042"
      }
    },
    {
      "type": "Feature",
      "geometry": {
        "type": "Point",
        "coordinates": [122.68479, -1.09539]
      },
      "properties": {
        "name": "KDMP Mendono",
        "desa": "Mendono",
        "kecamatan": "Kintom",
        "kabupaten": "Banggai",
        "provinsi": "Sulawesi Tengah",
        "kode_wilayah": "72.01.03.1010"
      }
    },
    {
      "type": "Feature",
      "geometry": {
        "type": "Point",
        "coordinates": [122.59606, -1.09362]
      },
      "properties": {
        "name": "KDMP Uling",
        "desa": "Uling",
        "kecamatan": "Kintom",
        "kabupaten": "Banggai",
        "provinsi": "Sulawesi Tengah",
        "kode_wilayah": "72.01.03.2005"
      }
    },
    {
      "type": "Feature",
      "geometry": {
        "type": "Point",
        "coordinates": [122.61922, -1.09626]
      },
      "properties": {
        "name": "KDMP Dimpalon Baru",
        "desa": "Dimpalon Baru",
        "kecamatan": "Kintom",
        "kabupaten": "Banggai",
        "provinsi": "Sulawesi Tengah",
        "kode_wilayah": "72.01.03.2019"
      }
    },
    {
      "type": "Feature",
      "geometry": {
        "type": "Point",
        "coordinates": [122.79778, -0.93517]
      },
      "properties": {
        "name": "KDMP Kaleke",
        "desa": "Kaleke",
        "kecamatan": "Luwuk",
        "kabupaten": "Banggai",
        "provinsi": "Sulawesi Tengah",
        "kode_wilayah": "72.01.04.1033"
      }
    },
    {
      "type": "Feature",
      "geometry": {
        "type": "Point",
        "coordinates": [123.17214, -0.93687]
      },
      "properties": {
        "name": "KDMP Kagitakan",
        "desa": "Kagitakan",
        "kecamatan": "Lamala",
        "kabupaten": "Banggai",
        "provinsi": "Sulawesi Tengah",
        "kode_wilayah": "72.01.05.2010"
      }
    },
    {
      "type": "Feature",
      "geometry": {
        "type": "Point",
        "coordinates": [123.16329, -0.87358]
      },
      "properties": {
        "name": "KDMP Kotabaru",
        "desa": "Kotabaru",
        "kecamatan": "Lamala",
        "kabupaten": "Banggai",
        "provinsi": "Sulawesi Tengah",
        "kode_wilayah": "72.01.05.2016"
      }
    },
    {
      "type": "Feature",
      "geometry": {
        "type": "Point",
        "coordinates": [123.39242, -0.87269]
      },
      "properties": {
        "name": "KDMP Dale-Dale",
        "desa": "Dale-Dale",
        "kecamatan": "Balantak",
        "kabupaten": "Banggai",
        "provinsi": "Sulawesi Tengah",
        "kode_wilayah": "72.01.06.1030"
      }
    },
    {
      "type": "Feature",
      "geometry": {
        "type": "Point",
        "coordinates": [123.35024, -0.88215]
      },
      "properties": {
        "name": "KDMP Ra'u",
        "desa": "Ra'u",
        "kecamatan": "Balantak",
        "kabupaten": "Banggai",
        "provinsi": "Sulawesi Tengah",
        "kode_wilayah": "72.01.06.2015"
      }
    },
    {
      "type": "Feature",
      "geometry": {
        "type": "Point",
        "coordinates": [122.58085, -0.7991]
      },
      "properties": {
        "name": "KDMP Pakowa",
        "desa": "Pakowa",
        "kecamatan": "Pagimana",
        "kabupaten": "Banggai",
        "provinsi": "Sulawesi Tengah",
        "kode_wilayah": "72.01.07.1011"
      }
    },
    {
      "type": "Feature",
      "geometry": {
        "type": "Point",
        "coordinates": [122.54471, -0.50009]
      },
      "properties": {
        "name": "KDMP Balai Gondi",
        "desa": "Balai Gondi",
        "kecamatan": "Pagimana",
        "kabupaten": "Banggai",
        "provinsi": "Sulawesi Tengah",
        "kode_wilayah": "72.01.07.2012"
      }
    },
    {
      "type": "Feature",
      "geometry": {
        "type": "Point",
        "coordinates": [122.64144, -0.79716]
      },
      "properties": {
        "name": "KDMP Hohudongan",
        "desa": "Hohudongan",
        "kecamatan": "Pagimana",
        "kabupaten": "Banggai",
        "provinsi": "Sulawesi Tengah",
        "kode_wilayah": "72.01.07.2019"
      }
    },
    {
      "type": "Feature",
      "geometry": {
        "type": "Point",
        "coordinates": [122.97718, -0.74756]
      },
      "properties": {
        "name": "KDMP Siuna",
        "desa": "Siuna",
        "kecamatan": "Pagimana",
        "kabupaten": "Banggai",
        "provinsi": "Sulawesi Tengah",
        "kode_wilayah": "72.01.07.2026"
      }
    },
    {
      "type": "Feature",
      "geometry": {
        "type": "Point",
        "coordinates": [122.78414, -0.81749]
      },
      "properties": {
        "name": "KDMP Bungawon",
        "desa": "Bungawon",
        "kecamatan": "Pagimana",
        "kabupaten": "Banggai",
        "provinsi": "Sulawesi Tengah",
        "kode_wilayah": "72.01.07.2033"
      }
    },
    {
      "type": "Feature",
      "geometry": {
        "type": "Point",
        "coordinates": [122.82383, -0.79665]
      },
      "properties": {
        "name": "KDMP Tombang",
        "desa": "Tombang",
        "kecamatan": "Pagimana",
        "kabupaten": "Banggai",
        "provinsi": "Sulawesi Tengah",
        "kode_wilayah": "72.01.07.2041"
      }
    },
    {
      "type": "Feature",
      "geometry": {
        "type": "Point",
        "coordinates": [122.99375, -0.67989]
      },
      "properties": {
        "name": "KDMP Toiba",
        "desa": "Toiba",
        "kecamatan": "Bualemo",
        "kabupaten": "Banggai",
        "provinsi": "Sulawesi Tengah",
        "kode_wilayah": "72.01.08.2004"
      }
    },
    {
      "type": "Feature",
      "geometry": {
        "type": "Point",
        "coordinates": [123.2537, -0.67035]
      },
      "properties": {
        "name": "KDMP Malik",
        "desa": "Malik",
        "kecamatan": "Bualemo",
        "kabupaten": "Banggai",
        "provinsi": "Sulawesi Tengah",
        "kode_wilayah": "72.01.08.2010"
      }
    },
    {
      "type": "Feature",
      "geometry": {
        "type": "Point",
        "coordinates": [122.78976, -0.67609]
      },
      "properties": {
        "name": "KDMP Salipi",
        "desa": "Salipi",
        "kecamatan": "Bualemo",
        "kabupaten": "Banggai",
        "provinsi": "Sulawesi Tengah",
        "kode_wilayah": "72.01.08.2016"
      }
    },
    {
      "type": "Feature",
      "geometry": {
        "type": "Point",
        "coordinates": [122.35477, -1.46191]
      },
      "properties": {
        "name": "KDMP Cendana Pura",
        "desa": "Cendana Pura",
        "kecamatan": "Toili",
        "kabupaten": "Banggai",
        "provinsi": "Sulawesi Tengah",
        "kode_wilayah": "72.01.09.2001"
      }
    },
    {
      "type": "Feature",
      "geometry": {
        "type": "Point",
        "coordinates": [122.19391, -1.42882]
      },
      "properties": {
        "name": "KDMP Piondo",
        "desa": "Piondo",
        "kecamatan": "Toili",
        "kabupaten": "Banggai",
        "provinsi": "Sulawesi Tengah",
        "kode_wilayah": "72.01.09.2016"
      }
    },
    {
      "type": "Feature",
      "geometry": {
        "type": "Point",
        "coordinates": [122.32671, -1.40435]
      },
      "properties": {
        "name": "KDMP Benteng",
        "desa": "Benteng",
        "kecamatan": "Toili",
        "kabupaten": "Banggai",
        "provinsi": "Sulawesi Tengah",
        "kode_wilayah": "72.01.09.2038"
      }
    },
    {
      "type": "Feature",
      "geometry": {
        "type": "Point",
        "coordinates": [122.30611, -1.46271]
      },
      "properties": {
        "name": "KDMP Marga Kencana",
        "desa": "Marga Kencana",
        "kecamatan": "Toili",
        "kabupaten": "Banggai",
        "provinsi": "Sulawesi Tengah",
        "kode_wilayah": "72.01.09.2049"
      }
    },
    {
      "type": "Feature",
      "geometry": {
        "type": "Point",
        "coordinates": [123.23912, -0.81584]
      },
      "properties": {
        "name": "KDMP Tangeban",
        "desa": "Tangeban",
        "kecamatan": "Masama",
        "kabupaten": "Banggai",
        "provinsi": "Sulawesi Tengah",
        "kode_wilayah": "72.01.10.2001"
      }
    },
    {
      "type": "Feature",
      "geometry": {
        "type": "Point",
        "coordinates": [123.11978, -0.80453]
      },
      "properties": {
        "name": "KDMP Kembang Merta",
        "desa": "Kembang Merta",
        "kecamatan": "Masama",
        "kabupaten": "Banggai",
        "provinsi": "Sulawesi Tengah",
        "kode_wilayah": "72.01.10.2007"
      }
    },
    {
      "type": "Feature",
      "geometry": {
        "type": "Point",
        "coordinates": [123.15107, -0.84286]
      },
      "properties": {
        "name": "KDMP Padangon",
        "desa": "Padangon",
        "kecamatan": "Masama",
        "kabupaten": "Banggai",
        "provinsi": "Sulawesi Tengah",
        "kode_wilayah": "72.01.10.2013"
      }
    },
    {
      "type": "Feature",
      "geometry": {
        "type": "Point",
        "coordinates": [123.05558, -0.88021]
      },
      "properties": {
        "name": "KDMP Uwedikan",
        "desa": "Uwedikan",
        "kecamatan": "Luwuk Timur",
        "kabupaten": "Banggai",
        "provinsi": "Sulawesi Tengah",
        "kode_wilayah": "72.01.11.2005"
      }
    },
    {
      "type": "Feature",
      "geometry": {
        "type": "Point",
        "coordinates": [122.97529, -0.87606]
      },
      "properties": {
        "name": "KDMP Lontos",
        "desa": "Lontos",
        "kecamatan": "Luwuk Timur",
        "kabupaten": "Banggai",
        "provinsi": "Sulawesi Tengah",
        "kode_wilayah": "72.01.11.2011"
      }
    },
    {
      "type": "Feature",
      "geometry": {
        "type": "Point",
        "coordinates": [122.24005, -1.52809]
      },
      "properties": {
        "name": "KDMP Sindang Sari",
        "desa": "Sindang Sari",
        "kecamatan": "Toili Barat",
        "kabupaten": "Banggai",
        "provinsi": "Sulawesi Tengah",
        "kode_wilayah": "72.01.12.2004"
      }
    },
    {
      "type": "Feature",
      "geometry": {
        "type": "Point",
        "coordinates": [122.09643, -1.52116]
      },
      "properties": {
        "name": "KDMP Gunung Kramat",
        "desa": "Gunung Kramat",
        "kecamatan": "Toili Barat",
        "kabupaten": "Banggai",
        "provinsi": "Sulawesi Tengah",
        "kode_wilayah": "72.01.12.2010"
      }
    },
    {
      "type": "Feature",
      "geometry": {
        "type": "Point",
        "coordinates": [122.21728, -1.51974]
      },
      "properties": {
        "name": "KDMP Mekar Sari",
        "desa": "Mekar Sari",
        "kecamatan": "Toili Barat",
        "kabupaten": "Banggai",
        "provinsi": "Sulawesi Tengah",
        "kode_wilayah": "72.01.12.2016"
      }
    },
    {
      "type": "Feature",
      "geometry": {
        "type": "Point",
        "coordinates": [122.15107, -0.9512]
      },
      "properties": {
        "name": "KDMP Tomeang",
        "desa": "Tomeang",
        "kecamatan": "Nuhon",
        "kabupaten": "Banggai",
        "provinsi": "Sulawesi Tengah",
        "kode_wilayah": "72.01.13.2005"
      }
    },
    {
      "type": "Feature",
      "geometry": {
        "type": "Point",
        "coordinates": [122.18757, -0.91475]
      },
      "properties": {
        "name": "KDMP Binohu",
        "desa": "Binohu",
        "kecamatan": "Nuhon",
        "kabupaten": "Banggai",
        "provinsi": "Sulawesi Tengah",
        "kode_wilayah": "72.01.13.2011"
      }
    },
    {
      "type": "Feature",
      "geometry": {
        "type": "Point",
        "coordinates": [122.17486, -1.0829]
      },
      "properties": {
        "name": "KDMP Kabua Bua",
        "desa": "Kabua Bua",
        "kecamatan": "Nuhon",
        "kabupaten": "Banggai",
        "provinsi": "Sulawesi Tengah",
        "kode_wilayah": "72.01.13.2017"
      }
    },
    {
      "type": "Feature",
      "geometry": {
        "type": "Point",
        "coordinates": [122.39628, -1.42634]
      },
      "properties": {
        "name": "KDMP Selamet Raharjo",
        "desa": "Selamet Raharjo",
        "kecamatan": "Moilong",
        "kabupaten": "Banggai",
        "provinsi": "Sulawesi Tengah",
        "kode_wilayah": "72.01.14.2003"
      }
    },
    {
      "type": "Feature",
      "geometry": {
        "type": "Point",
        "coordinates": [122.36086, -1.39694]
      },
      "properties": {
        "name": "KDMP Arga Kencana",
        "desa": "Arga Kencana",
        "kecamatan": "Moilong",
        "kabupaten": "Banggai",
        "provinsi": "Sulawesi Tengah",
        "kode_wilayah": "72.01.14.2009"
      }
    },
    {
      "type": "Feature",
      "geometry": {
        "type": "Point",
        "coordinates": [122.36029, -1.41699]
      },
      "properties": {
        "name": "KDMP Argo Mulyo",
        "desa": "Argo Mulyo",
        "kecamatan": "Moilong",
        "kabupaten": "Banggai",
        "provinsi": "Sulawesi Tengah",
        "kode_wilayah": "72.01.14.2015"
      }
    },
    {
      "type": "Feature",
      "geometry": {
        "type": "Point",
        "coordinates": [122.42413, -1.31832]
      },
      "properties": {
        "name": "KDMP Sukamaju Satu",
        "desa": "Sukamaju Satu",
        "kecamatan": "Batui Selatan",
        "kabupaten": "Banggai",
        "provinsi": "Sulawesi Tengah",
        "kode_wilayah": "72.01.15.2005"
      }
    },
    {
      "type": "Feature",
      "geometry": {
        "type": "Point",
        "coordinates": [122.50928, -0.77223]
      },
      "properties": {
        "name": "KDMP Lobu",
        "desa": "Lobu",
        "kecamatan": "Lobu",
        "kabupaten": "Banggai",
        "provinsi": "Sulawesi Tengah",
        "kode_wilayah": "72.01.16.2001"
      }
    },
    {
      "type": "Feature",
      "geometry": {
        "type": "Point",
        "coordinates": [122.54722, -0.81471]
      },
      "properties": {
        "name": "KDMP Uwe Daka-Daka",
        "desa": "Uwe Daka-Daka",
        "kecamatan": "Lobu",
        "kabupaten": "Banggai",
        "provinsi": "Sulawesi Tengah",
        "kode_wilayah": "72.01.16.2007"
      }
    },
    {
      "type": "Feature",
      "geometry": {
        "type": "Point",
        "coordinates": [122.25584, -0.85907]
      },
      "properties": {
        "name": "KDMP Koninis",
        "desa": "Koninis",
        "kecamatan": "Simpang Raya",
        "kabupaten": "Banggai",
        "provinsi": "Sulawesi Tengah",
        "kode_wilayah": "72.01.17.2003"
      }
    },
    {
      "type": "Feature",
      "geometry": {
        "type": "Point",
        "coordinates": [122.22524, -0.9327]
      },
      "properties": {
        "name": "KDMP Dowiwi",
        "desa": "Dowiwi",
        "kecamatan": "Simpang Raya",
        "kabupaten": "Banggai",
        "provinsi": "Sulawesi Tengah",
        "kode_wilayah": "72.01.17.2009"
      }
    },
    {
      "type": "Feature",
      "geometry": {
        "type": "Point",
        "coordinates": [123.36803, -0.93848]
      },
      "properties": {
        "name": "KDMP Sepe",
        "desa": "Sepe",
        "kecamatan": "Balantak Selatan",
        "kabupaten": "Banggai",
        "provinsi": "Sulawesi Tengah",
        "kode_wilayah": "72.01.18.2003"
      }
    },
    {
      "type": "Feature",
      "geometry": {
        "type": "Point",
        "coordinates": [123.38786, -0.90351]
      },
      "properties": {
        "name": "KDMP Gorontalo",
        "desa": "Gorontalo",
        "kecamatan": "Balantak Selatan",
        "kabupaten": "Banggai",
        "provinsi": "Sulawesi Tengah",
        "kode_wilayah": "72.01.18.2009"
      }
    },
    {
      "type": "Feature",
      "geometry": {
        "type": "Point",
        "coordinates": [123.35791, -0.7907]
      },
      "properties": {
        "name": "KDMP Teku",
        "desa": "Teku",
        "kecamatan": "Balantak Utara",
        "kabupaten": "Banggai",
        "provinsi": "Sulawesi Tengah",
        "kode_wilayah": "72.01.19.2004"
      }
    },
    {
      "type": "Feature",
      "geometry": {
        "type": "Point",
        "coordinates": [123.38315, -0.76562]
      },
      "properties": {
        "name": "KDMP Toweer",
        "desa": "Toweer",
        "kecamatan": "Balantak Utara",
        "kabupaten": "Banggai",
        "provinsi": "Sulawesi Tengah",
        "kode_wilayah": "72.01.19.2010"
      }
    },
    {
      "type": "Feature",
      "geometry": {
        "type": "Point",
        "coordinates": [119.46177, -1.10672]
      },
      "properties": {
        "name": "KDMP Bambalamotu",
        "desa": "Bambalamotu",
        "kecamatan": "Bambalamotu",
        "kabupaten": "Pasangkayu",
        "provinsi": "Sulawesi Barat",
        "kode_wilayah": "76.01.01.1006"
      }
    },
    {
      "type": "Feature",
      "geometry": {
        "type": "Point",
        "coordinates": [119.37972, -1.20859]
      },
      "properties": {
        "name": "KDMP Pasangkayu",
        "desa": "Pasangkayu",
        "kecamatan": "Pasangkayu",
        "kabupaten": "Pasangkayu",
        "provinsi": "Sulawesi Barat",
        "kode_wilayah": "76.01.02.1001"
      }
    },
    {
      "type": "Feature",
      "geometry": {
        "type": "Point",
        "coordinates": [119.33494, -1.58135]
      },
      "properties": {
        "name": "KDMP Baras",
        "desa": "Baras",
        "kecamatan": "Baras",
        "kabupaten": "Pasangkayu",
        "provinsi": "Sulawesi Barat",
        "kode_wilayah": "76.01.03.1001"
      }
    },
    {
      "type": "Feature",
      "geometry": {
        "type": "Point",
        "coordinates": [119.31441, -1.68305]
      },
      "properties": {
        "name": "KDMP Sarudu",
        "desa": "Sarudu",
        "kecamatan": "Sarudu",
        "kabupaten": "Pasangkayu",
        "provinsi": "Sulawesi Barat",
        "kode_wilayah": "76.01.04.2001"
      }
    },
    {
      "type": "Feature",
      "geometry": {
        "type": "Point",
        "coordinates": [119.64015, -1.73035]
      },
      "properties": {
        "name": "KDMP Benggaulu",
        "desa": "Benggaulu",
        "kecamatan": "Dapurang",
        "kabupaten": "Pasangkayu",
        "provinsi": "Sulawesi Barat",
        "kode_wilayah": "76.01.05.2002"
      }
    },
    {
      "type": "Feature",
      "geometry": {
        "type": "Point",
        "coordinates": [119.39387, -1.65173]
      },
      "properties": {
        "name": "KDMP Taranggi",
        "desa": "Taranggi",
        "kecamatan": "Duripoku",
        "kabupaten": "Pasangkayu",
        "provinsi": "Sulawesi Barat",
        "kode_wilayah": "76.01.06.2003"
      }
    },
    {
      "type": "Feature",
      "geometry": {
        "type": "Point",
        "coordinates": [119.42046, -1.43624]
      },
      "properties": {
        "name": "KDMP Sumber Sari",
        "desa": "Sumber Sari",
        "kecamatan": "Bulu Taba",
        "kabupaten": "Pasangkayu",
        "provinsi": "Sulawesi Barat",
        "kode_wilayah": "76.01.07.2005"
      }
    },
    {
      "type": "Feature",
      "geometry": {
        "type": "Point",
        "coordinates": [119.41079, -1.30581]
      },
      "properties": {
        "name": "KDMP Pajalele",
        "desa": "Pajalele",
        "kecamatan": "Tikke Raya",
        "kabupaten": "Pasangkayu",
        "provinsi": "Sulawesi Barat",
        "kode_wilayah": "76.01.08.2004"
      }
    },
    {
      "type": "Feature",
      "geometry": {
        "type": "Point",
        "coordinates": [119.51739, -0.97289]
      },
      "properties": {
        "name": "KDMP Bambaira",
        "desa": "Bambaira",
        "kecamatan": "Bambaira",
        "kabupaten": "Pasangkayu",
        "provinsi": "Sulawesi Barat",
        "kode_wilayah": "76.01.10.2001"
      }
    },
    {
      "type": "Feature",
      "geometry": {
        "type": "Point",
        "coordinates": [119.55094, -0.90774]
      },
      "properties": {
        "name": "KDMP Letawa",
        "desa": "Letawa",
        "kecamatan": "Sarjo",
        "kabupaten": "Pasangkayu",
        "provinsi": "Sulawesi Barat",
        "kode_wilayah": "76.01.11.2003"
      }
    },
    {
      "type": "Feature",
      "geometry": {
        "type": "Point",
        "coordinates": [119.38335, -1.45867]
      },
      "properties": {
        "name": "KDMP Kulu",
        "desa": "Kulu",
        "kecamatan": "Lariang",
        "kabupaten": "Pasangkayu",
        "provinsi": "Sulawesi Barat",
        "kode_wilayah": "76.01.12.2005"
      }
    },
    {
      "type": "Feature",
      "geometry": {
        "type": "Point",
        "coordinates": [118.8936, -2.69053]
      },
      "properties": {
        "name": "KDMP Rimuku",
        "desa": "Rimuku",
        "kecamatan": "Mamuju",
        "kabupaten": "Mamuju",
        "provinsi": "Sulawesi Barat",
        "kode_wilayah": "76.02.01.1013"
      }
    },
    {
      "type": "Feature",
      "geometry": {
        "type": "Point",
        "coordinates": [118.91333, -2.87447]
      },
      "properties": {
        "name": "KDMP Kasambang",
        "desa": "Kasambang",
        "kecamatan": "Tapalang",
        "kabupaten": "Mamuju",
        "provinsi": "Sulawesi Barat",
        "kode_wilayah": "76.02.02.1002"
      }
    },
    {
      "type": "Feature",
      "geometry": {
        "type": "Point",
        "coordinates": [118.93791, -2.80104]
      },
      "properties": {
        "name": "KDMP Tampalang",
        "desa": "Tampalang",
        "kecamatan": "Tapalang",
        "kabupaten": "Mamuju",
        "provinsi": "Sulawesi Barat",
        "kode_wilayah": "76.02.02.2011"
      }
    },
    {
      "type": "Feature",
      "geometry": {
        "type": "Point",
        "coordinates": [119.05374, -2.61179]
      },
      "properties": {
        "name": "KDMP Sinyonyoi Selatan",
        "desa": "Sinyonyoi Selatan",
        "kecamatan": "Kalukku",
        "kabupaten": "Mamuju",
        "provinsi": "Sulawesi Barat",
        "kode_wilayah": "76.02.03.1014"
      }
    },
    {
      "type": "Feature",
      "geometry": {
        "type": "Point",
        "coordinates": [119.10879, -2.53009]
      },
      "properties": {
        "name": "KDMP Pokkang",
        "desa": "Pokkang",
        "kecamatan": "Kalukku",
        "kabupaten": "Mamuju",
        "provinsi": "Sulawesi Barat",
        "kode_wilayah": "76.02.03.2009"
      }
    },
    {
      "type": "Feature",
      "geometry": {
        "type": "Point",
        "coordinates": [119.55327, -2.62229]
      },
      "properties": {
        "name": "KDMP Karataun",
        "desa": "Karataun",
        "kecamatan": "Kalumpang",
        "kabupaten": "Mamuju",
        "provinsi": "Sulawesi Barat",
        "kode_wilayah": "76.02.04.2003"
      }
    },
    {
      "type": "Feature",
      "geometry": {
        "type": "Point",
        "coordinates": [119.59251, -2.46965]
      },
      "properties": {
        "name": "KDMP Limbong",
        "desa": "Limbong",
        "kecamatan": "Kalumpang",
        "kabupaten": "Mamuju",
        "provinsi": "Sulawesi Barat",
        "kode_wilayah": "76.02.04.2012"
      }
    },
    {
      "type": "Feature",
      "geometry": {
        "type": "Point",
        "coordinates": [119.17556, -2.37825]
      },
      "properties": {
        "name": "KDMP Toabo",
        "desa": "Toabo",
        "kecamatan": "Papalang",
        "kabupaten": "Mamuju",
        "provinsi": "Sulawesi Barat",
        "kode_wilayah": "76.02.07.2001"
      }
    },
    {
      "type": "Feature",
      "geometry": {
        "type": "Point",
        "coordinates": [119.25425, -2.43259]
      },
      "properties": {
        "name": "KDMP Boda-Boda",
        "desa": "Boda-Boda",
        "kecamatan": "Papalang",
        "kabupaten": "Mamuju",
        "provinsi": "Sulawesi Barat",
        "kode_wilayah": "76.02.07.2007"
      }
    },
    {
      "type": "Feature",
      "geometry": {
        "type": "Point",
        "coordinates": [119.13956, -2.31702]
      },
      "properties": {
        "name": "KDMP Sampaga",
        "desa": "Sampaga",
        "kecamatan": "Sampaga",
        "kabupaten": "Mamuju",
        "provinsi": "Sulawesi Barat",
        "kode_wilayah": "76.02.08.2004"
      }
    },
    {
      "type": "Feature",
      "geometry": {
        "type": "Point",
        "coordinates": [119.27192, -2.26991]
      },
      "properties": {
        "name": "KDMP Buana Sakti",
        "desa": "Buana Sakti",
        "kecamatan": "Tommo",
        "kabupaten": "Mamuju",
        "provinsi": "Sulawesi Barat",
        "kode_wilayah": "76.02.11.2003"
      }
    },
    {
      "type": "Feature",
      "geometry": {
        "type": "Point",
        "coordinates": [119.5182, -2.2799]
      },
      "properties": {
        "name": "KDMP Leling",
        "desa": "Leling",
        "kecamatan": "Tommo",
        "kabupaten": "Mamuju",
        "provinsi": "Sulawesi Barat",
        "kode_wilayah": "76.02.11.2009"
      }
    },
    {
      "type": "Feature",
      "geometry": {
        "type": "Point",
        "coordinates": [118.85141, -2.69722]
      },
      "properties": {
        "name": "KDMP Simboro",
        "desa": "Simboro",
        "kecamatan": "Simboro",
        "kabupaten": "Mamuju",
        "provinsi": "Sulawesi Barat",
        "kode_wilayah": "76.02.12.1001"
      }
    },
    {
      "type": "Feature",
      "geometry": {
        "type": "Point",
        "coordinates": [118.7964, -2.69862]
      },
      "properties": {
        "name": "KDMP Tapandullu",
        "desa": "Tapandullu",
        "kecamatan": "Simboro",
        "kabupaten": "Mamuju",
        "provinsi": "Sulawesi Barat",
        "kode_wilayah": "76.02.12.2008"
      }
    },
    {
      "type": "Feature",
      "geometry": {
        "type": "Point",
        "coordinates": [118.82413, -2.78273]
      },
      "properties": {
        "name": "KDMP Tanete Pao",
        "desa": "Tanete Pao",
        "kecamatan": "Tapalang Barat",
        "kabupaten": "Mamuju",
        "provinsi": "Sulawesi Barat",
        "kode_wilayah": "76.02.13.2005"
      }
    },
    {
      "type": "Feature",
      "geometry": {
        "type": "Point",
        "coordinates": [119.32987, -2.47877]
      },
      "properties": {
        "name": "KDMP Tamalea",
        "desa": "Tamalea",
        "kecamatan": "Bonehau",
        "kabupaten": "Mamuju",
        "provinsi": "Sulawesi Barat",
        "kode_wilayah": "76.02.15.2004"
      }
    },
    {
      "type": "Feature",
      "geometry": {
        "type": "Point",
        "coordinates": [117.06287, -2.26487]
      },
      "properties": {
        "name": "KDMP Bala Balakang",
        "desa": "Bala Balakang",
        "kecamatan": "Kep. Bala Balakang",
        "kabupaten": "Mamuju",
        "provinsi": "Sulawesi Barat",
        "kode_wilayah": "76.02.16.2001"
      }
    },
    {
      "type": "Feature",
      "geometry": {
        "type": "Point",
        "coordinates": [119.10958, -3.04868]
      },
      "properties": {
        "name": "KDMP Salubanua",
        "desa": "Salubanua",
        "kecamatan": "Mambi",
        "kabupaten": "Mamasa",
        "provinsi": "Sulawesi Barat",
        "kode_wilayah": "76.03.01.2016"
      }
    },
    {
      "type": "Feature",
      "geometry": {
        "type": "Point",
        "coordinates": [119.17718, -3.00236]
      },
      "properties": {
        "name": "KDMP Salu Alo",
        "desa": "Salu Alo",
        "kecamatan": "Mambi",
        "kabupaten": "Mamasa",
        "provinsi": "Sulawesi Barat",
        "kode_wilayah": "76.03.01.2027"
      }
    },
    {
      "type": "Feature",
      "geometry": {
        "type": "Point",
        "coordinates": [119.14527, -2.91024]
      },
      "properties": {
        "name": "KDMP Uhailanu",
        "desa": "Uhailanu",
        "kecamatan": "Aralle",
        "kabupaten": "Mamasa",
        "provinsi": "Sulawesi Barat",
        "kode_wilayah": "76.03.02.2005"
      }
    },
    {
      "type": "Feature",
      "geometry": {
        "type": "Point",
        "coordinates": [119.11576, -2.87284]
      },
      "properties": {
        "name": "KDMP Kalabe",
        "desa": "Kalabe",
        "kecamatan": "Aralle",
        "kabupaten": "Mamasa",
        "provinsi": "Sulawesi Barat",
        "kode_wilayah": "76.03.02.2017"
      }
    },
    {
      "type": "Feature",
      "geometry": {
        "type": "Point",
        "coordinates": [119.49591, -2.8314]
      },
      "properties": {
        "name": "KDMP Lambanan",
        "desa": "Lambanan",
        "kecamatan": "Mamasa",
        "kabupaten": "Mamasa",
        "provinsi": "Sulawesi Barat",
        "kode_wilayah": "76.03.03.2004"
      }
    },
    {
      "type": "Feature",
      "geometry": {
        "type": "Point",
        "coordinates": [119.34424, -2.84641]
      },
      "properties": {
        "name": "KDMP Mambuliling",
        "desa": "Mambuliling",
        "kecamatan": "Mamasa",
        "kabupaten": "Mamasa",
        "provinsi": "Sulawesi Barat",
        "kode_wilayah": "76.03.03.2010"
      }
    },
    {
      "type": "Feature",
      "geometry": {
        "type": "Point",
        "coordinates": [119.55454, -3.03539]
      },
      "properties": {
        "name": "KDMP Sapan",
        "desa": "Sapan",
        "kecamatan": "Pana",
        "kabupaten": "Mamasa",
        "provinsi": "Sulawesi Barat",
        "kode_wilayah": "76.03.04.2006"
      }
    },
    {
      "type": "Feature",
      "geometry": {
        "type": "Point",
        "coordinates": [119.53812, -3.06679]
      },
      "properties": {
        "name": "KDMP Weri",
        "desa": "Weri",
        "kecamatan": "Pana",
        "kabupaten": "Mamasa",
        "provinsi": "Sulawesi Barat",
        "kode_wilayah": "76.03.04.2014"
      }
    },
    {
      "type": "Feature",
      "geometry": {
        "type": "Point",
        "coordinates": [119.13091, -2.77783]
      },
      "properties": {
        "name": "KDMP Malatiro",
        "desa": "Malatiro",
        "kecamatan": "Tabulahan",
        "kabupaten": "Mamasa",
        "provinsi": "Sulawesi Barat",
        "kode_wilayah": "76.03.05.2003"
      }
    },
    {
      "type": "Feature",
      "geometry": {
        "type": "Point",
        "coordinates": [119.19389, -2.76751]
      },
      "properties": {
        "name": "KDMP Salubakka",
        "desa": "Salubakka",
        "kecamatan": "Tabulahan",
        "kabupaten": "Mamasa",
        "provinsi": "Sulawesi Barat",
        "kode_wilayah": "76.03.05.2010"
      }
    },
    {
      "type": "Feature",
      "geometry": {
        "type": "Point",
        "coordinates": [119.31299, -3.14434]
      },
      "properties": {
        "name": "KDMP Sumarorong",
        "desa": "Sumarorong",
        "kecamatan": "Sumarorong",
        "kabupaten": "Mamasa",
        "provinsi": "Sulawesi Barat",
        "kode_wilayah": "76.03.06.1001"
      }
    },
    {
      "type": "Feature",
      "geometry": {
        "type": "Point",
        "coordinates": [119.40865, -3.16187]
      },
      "properties": {
        "name": "KDMP Batangnguru Timur",
        "desa": "Batangnguru Timur",
        "kecamatan": "Sumarorong",
        "kabupaten": "Mamasa",
        "provinsi": "Sulawesi Barat",
        "kode_wilayah": "76.03.06.2007"
      }
    },
    {
      "type": "Feature",
      "geometry": {
        "type": "Point",
        "coordinates": [119.3594, -3.28863]
      },
      "properties": {
        "name": "KDMP Makuang",
        "desa": "Makuang",
        "kecamatan": "Messawa",
        "kabupaten": "Mamasa",
        "provinsi": "Sulawesi Barat",
        "kode_wilayah": "76.03.07.2003"
      }
    },
    {
      "type": "Feature",
      "geometry": {
        "type": "Point",
        "coordinates": [119.4147, -3.29875]
      },
      "properties": {
        "name": "KDMP Tanete Batu",
        "desa": "Tanete Batu",
        "kecamatan": "Messawa",
        "kabupaten": "Mamasa",
        "provinsi": "Sulawesi Barat",
        "kode_wilayah": "76.03.07.2009"
      }
    },
    {
      "type": "Feature",
      "geometry": {
        "type": "Point",
        "coordinates": [119.44611, -2.98025]
      },
      "properties": {
        "name": "KDMP Lisuan Ada",
        "desa": "Lisuan Ada",
        "kecamatan": "Sesenapadang",
        "kabupaten": "Mamasa",
        "provinsi": "Sulawesi Barat",
        "kode_wilayah": "76.03.08.2008"
      }
    },
    {
      "type": "Feature",
      "geometry": {
        "type": "Point",
        "coordinates": [119.30303, -3.02451]
      },
      "properties": {
        "name": "KDMP Malabo",
        "desa": "Malabo",
        "kecamatan": "Tanduk Kalua",
        "kabupaten": "Mamasa",
        "provinsi": "Sulawesi Barat",
        "kode_wilayah": "76.03.09.2001"
      }
    },
    {
      "type": "Feature",
      "geometry": {
        "type": "Point",
        "coordinates": [119.30666, -3.04775]
      },
      "properties": {
        "name": "KDMP Ballabatu",
        "desa": "Ballabatu",
        "kecamatan": "Tanduk Kalua",
        "kabupaten": "Mamasa",
        "provinsi": "Sulawesi Barat",
        "kode_wilayah": "76.03.09.2010"
      }
    },
    {
      "type": "Feature",
      "geometry": {
        "type": "Point",
        "coordinates": [119.50839, -2.94656]
      },
      "properties": {
        "name": "KDMP Tadokalua",
        "desa": "Tadokalua",
        "kecamatan": "Tabang",
        "kabupaten": "Mamasa",
        "provinsi": "Sulawesi Barat",
        "kode_wilayah": "76.03.10.2003"
      }
    },
    {
      "type": "Feature",
      "geometry": {
        "type": "Point",
        "coordinates": [119.23715, -2.89689]
      },
      "properties": {
        "name": "KDMP Mokallang",
        "desa": "Mokallang",
        "kecamatan": "Bambang",
        "kabupaten": "Mamasa",
        "provinsi": "Sulawesi Barat",
        "kode_wilayah": "76.03.11.2001"
      }
    },
    {
      "type": "Feature",
      "geometry": {
        "type": "Point",
        "coordinates": [119.2688, -2.88533]
      },
      "properties": {
        "name": "KDMP Ulumambi Barat",
        "desa": "Ulumambi Barat",
        "kecamatan": "Bambang",
        "kabupaten": "Mamasa",
        "provinsi": "Sulawesi Barat",
        "kode_wilayah": "76.03.11.2007"
      }
    },
    {
      "type": "Feature",
      "geometry": {
        "type": "Point",
        "coordinates": [119.27781, -2.93841]
      },
      "properties": {
        "name": "KDMP Ulumambi",
        "desa": "Ulumambi",
        "kecamatan": "Bambang",
        "kabupaten": "Mamasa",
        "provinsi": "Sulawesi Barat",
        "kode_wilayah": "76.03.11.2013"
      }
    },
    {
      "type": "Feature",
      "geometry": {
        "type": "Point",
        "coordinates": [119.23477, -2.92968]
      },
      "properties": {
        "name": "KDMP Salutabang",
        "desa": "Salutabang",
        "kecamatan": "Bambang",
        "kabupaten": "Mamasa",
        "provinsi": "Sulawesi Barat",
        "kode_wilayah": "76.03.11.2019"
      }
    },
    {
      "type": "Feature",
      "geometry": {
        "type": "Point",
        "coordinates": [120.46837, -6.10669]
      },
      "properties": {
        "name": "KDMP Benteng Utara",
        "desa": "Benteng Utara",
        "kecamatan": "Benteng",
        "kabupaten": "Kepulauan Selayar",
        "provinsi": "Sulawesi Selatan",
        "kode_wilayah": "73.01.01.1001"
      }
    },
    {
      "type": "Feature",
      "geometry": {
        "type": "Point",
        "coordinates": [120.40739, -6.18685]
      },
      "properties": {
        "name": "KDMP Bontoborusu",
        "desa": "Bontoborusu",
        "kecamatan": "Bontoharu",
        "kabupaten": "Kepulauan Selayar",
        "provinsi": "Sulawesi Selatan",
        "kode_wilayah": "73.01.02.2004"
      }
    },
    {
      "type": "Feature",
      "geometry": {
        "type": "Point",
        "coordinates": [120.49862, -5.9316]
      },
      "properties": {
        "name": "KDMP Batangmata Sapo",
        "desa": "Batangmata Sapo",
        "kecamatan": "Bontomatene",
        "kabupaten": "Kepulauan Selayar",
        "provinsi": "Sulawesi Selatan",
        "kode_wilayah": "73.01.03.1002"
      }
    },
    {
      "type": "Feature",
      "geometry": {
        "type": "Point",
        "coordinates": [120.51029, -5.90837]
      },
      "properties": {
        "name": "KDMP Bontona Saluk",
        "desa": "Bontona Saluk",
        "kecamatan": "Bontomatene",
        "kabupaten": "Kepulauan Selayar",
        "provinsi": "Sulawesi Selatan",
        "kode_wilayah": "73.01.03.2008"
      }
    },
    {
      "type": "Feature",
      "geometry": {
        "type": "Point",
        "coordinates": [120.46314, -6.03597]
      },
      "properties": {
        "name": "KDMP Barugaiya",
        "desa": "Barugaiya",
        "kecamatan": "Bontomanai",
        "kabupaten": "Kepulauan Selayar",
        "provinsi": "Sulawesi Selatan",
        "kode_wilayah": "73.01.04.2002"
      }
    },
    {
      "type": "Feature",
      "geometry": {
        "type": "Point",
        "coordinates": [120.53701, -6.04773]
      },
      "properties": {
        "name": "KDMP Bonea Timur",
        "desa": "Bonea Timur",
        "kecamatan": "Bontomanai",
        "kabupaten": "Kepulauan Selayar",
        "provinsi": "Sulawesi Selatan",
        "kode_wilayah": "73.01.04.2010"
      }
    },
    {
      "type": "Feature",
      "geometry": {
        "type": "Point",
        "coordinates": [120.51361, -6.27058]
      },
      "properties": {
        "name": "KDMP Laiyolo Baru",
        "desa": "Laiyolo Baru",
        "kecamatan": "Bontosikuyu",
        "kabupaten": "Kepulauan Selayar",
        "provinsi": "Sulawesi Selatan",
        "kode_wilayah": "73.01.05.2004"
      }
    },
    {
      "type": "Feature",
      "geometry": {
        "type": "Point",
        "coordinates": [120.43198, -6.60712]
      },
      "properties": {
        "name": "KDMP Tambolongan",
        "desa": "Tambolongan",
        "kecamatan": "Bontosikuyu",
        "kabupaten": "Kepulauan Selayar",
        "provinsi": "Sulawesi Selatan",
        "kode_wilayah": "73.01.05.2010"
      }
    },
    {
      "type": "Feature",
      "geometry": {
        "type": "Point",
        "coordinates": [120.64716, -7.09413]
      },
      "properties": {
        "name": "KDMP Labuang Pamajang",
        "desa": "Labuang Pamajang",
        "kecamatan": "Pasimasunggu",
        "kabupaten": "Kepulauan Selayar",
        "provinsi": "Sulawesi Selatan",
        "kode_wilayah": "73.01.06.2006"
      }
    },
    {
      "type": "Feature",
      "geometry": {
        "type": "Point",
        "coordinates": [121.11838, -7.35793]
      },
      "properties": {
        "name": "KDMP Batu Bingkung",
        "desa": "Batu Bingkung",
        "kecamatan": "Pasimarannu",
        "kabupaten": "Kepulauan Selayar",
        "provinsi": "Sulawesi Selatan",
        "kode_wilayah": "73.01.07.2003"
      }
    },
    {
      "type": "Feature",
      "geometry": {
        "type": "Point",
        "coordinates": [120.80044, -6.84475]
      },
      "properties": {
        "name": "KDMP Kayuadi",
        "desa": "Kayuadi",
        "kecamatan": "Taka Bonerate",
        "kabupaten": "Kepulauan Selayar",
        "provinsi": "Sulawesi Selatan",
        "kode_wilayah": "73.01.08.2001"
      }
    },
    {
      "type": "Feature",
      "geometry": {
        "type": "Point",
        "coordinates": [120.99337, -6.50075]
      },
      "properties": {
        "name": "KDMP Latondu",
        "desa": "Latondu",
        "kecamatan": "Taka Bonerate",
        "kabupaten": "Kepulauan Selayar",
        "provinsi": "Sulawesi Selatan",
        "kode_wilayah": "73.01.08.2007"
      }
    },
    {
      "type": "Feature",
      "geometry": {
        "type": "Point",
        "coordinates": [121.77222, -7.4838]
      },
      "properties": {
        "name": "KDMP Pulo Madu",
        "desa": "Pulo Madu",
        "kecamatan": "Pasilambena",
        "kabupaten": "Kepulauan Selayar",
        "provinsi": "Sulawesi Selatan",
        "kode_wilayah": "73.01.09.2004"
      }
    },
    {
      "type": "Feature",
      "geometry": {
        "type": "Point",
        "coordinates": [120.72763, -7.11089]
      },
      "properties": {
        "name": "KDMP Lembang Baji",
        "desa": "Lembang Baji",
        "kecamatan": "Pasimasunggu Timur",
        "kabupaten": "Kepulauan Selayar",
        "provinsi": "Sulawesi Selatan",
        "kode_wilayah": "73.01.10.2004"
      }
    },
    {
      "type": "Feature",
      "geometry": {
        "type": "Point",
        "coordinates": [120.49688, -6.00598]
      },
      "properties": {
        "name": "KDMP Kohala",
        "desa": "Kohala",
        "kecamatan": "Buki",
        "kabupaten": "Kepulauan Selayar",
        "provinsi": "Sulawesi Selatan",
        "kode_wilayah": "73.01.11.2004"
      }
    },
    {
      "type": "Feature",
      "geometry": {
        "type": "Point",
        "coordinates": [120.10991, -5.56344]
      },
      "properties": {
        "name": "KDMP Mario Rennu",
        "desa": "Mario Rennu",
        "kecamatan": "Gantarang",
        "kabupaten": "Bulukumba",
        "provinsi": "Sulawesi Selatan",
        "kode_wilayah": "73.02.01.1003"
      }
    },
    {
      "type": "Feature",
      "geometry": {
        "type": "Point",
        "coordinates": [120.20338, -5.50226]
      },
      "properties": {
        "name": "KDMP Palambarae",
        "desa": "Palambarae",
        "kecamatan": "Gantarang",
        "kabupaten": "Bulukumba",
        "provinsi": "Sulawesi Selatan",
        "kode_wilayah": "73.02.01.2009"
      }
    },
    {
      "type": "Feature",
      "geometry": {
        "type": "Point",
        "coordinates": [120.09688, -5.45974]
      },
      "properties": {
        "name": "KDMP Benteng Gattareng",
        "desa": "Benteng Gattareng",
        "kecamatan": "Gantarang",
        "kabupaten": "Bulukumba",
        "provinsi": "Sulawesi Selatan",
        "kode_wilayah": "73.02.01.2015"
      }
    },
    {
      "type": "Feature",
      "geometry": {
        "type": "Point",
        "coordinates": [120.21024, -5.52817]
      },
      "properties": {
        "name": "KDMP Taccorong",
        "desa": "Taccorong",
        "kecamatan": "Gantarang",
        "kabupaten": "Bulukumba",
        "provinsi": "Sulawesi Selatan",
        "kode_wilayah": "73.02.01.2021"
      }
    },
    {
      "type": "Feature",
      "geometry": {
        "type": "Point",
        "coordinates": [120.18866, -5.56158]
      },
      "properties": {
        "name": "KDMP Kasimpureng",
        "desa": "Kasimpureng",
        "kecamatan": "Ujung Bulu",
        "kabupaten": "Bulukumba",
        "provinsi": "Sulawesi Selatan",
        "kode_wilayah": "73.02.02.1006"
      }
    },
    {
      "type": "Feature",
      "geometry": {
        "type": "Point",
        "coordinates": [120.35644, -5.49428]
      },
      "properties": {
        "name": "KDMP Benjala",
        "desa": "Benjala",
        "kecamatan": "Bonto Bahari",
        "kabupaten": "Bulukumba",
        "provinsi": "Sulawesi Selatan",
        "kode_wilayah": "73.02.03.1003"
      }
    },
    {
      "type": "Feature",
      "geometry": {
        "type": "Point",
        "coordinates": [120.43954, -5.47617]
      },
      "properties": {
        "name": "KDMP Eka Tiro",
        "desa": "Eka Tiro",
        "kecamatan": "Bonto Tiro",
        "kabupaten": "Bulukumba",
        "provinsi": "Sulawesi Selatan",
        "kode_wilayah": "73.02.04.1001"
      }
    },
    {
      "type": "Feature",
      "geometry": {
        "type": "Point",
        "coordinates": [120.37437, -5.47655]
      },
      "properties": {
        "name": "KDMP Tamalanrea",
        "desa": "Tamalanrea",
        "kecamatan": "Bonto Tiro",
        "kabupaten": "Bulukumba",
        "provinsi": "Sulawesi Selatan",
        "kode_wilayah": "73.02.04.2007"
      }
    },
    {
      "type": "Feature",
      "geometry": {
        "type": "Point",
        "coordinates": [120.39764, -5.48502]
      },
      "properties": {
        "name": "KDMP Lamanda",
        "desa": "Lamanda",
        "kecamatan": "Bonto Tiro",
        "kabupaten": "Bulukumba",
        "provinsi": "Sulawesi Selatan",
        "kode_wilayah": "73.02.04.2013"
      }
    },
    {
      "type": "Feature",
      "geometry": {
        "type": "Point",
        "coordinates": [120.3786, -5.42864]
      },
      "properties": {
        "name": "KDMP Borong",
        "desa": "Borong",
        "kecamatan": "Herlang",
        "kabupaten": "Bulukumba",
        "provinsi": "Sulawesi Selatan",
        "kode_wilayah": "73.02.05.2006"
      }
    },
    {
      "type": "Feature",
      "geometry": {
        "type": "Point",
        "coordinates": [120.32887, -5.34457]
      },
      "properties": {
        "name": "KDMP Lembanna",
        "desa": "Lembanna",
        "kecamatan": "Kajang",
        "kabupaten": "Bulukumba",
        "provinsi": "Sulawesi Selatan",
        "kode_wilayah": "73.02.06.2004"
      }
    },
    {
      "type": "Feature",
      "geometry": {
        "type": "Point",
        "coordinates": [120.32387, -5.31364]
      },
      "properties": {
        "name": "KDMP Mattoanging",
        "desa": "Mattoanging",
        "kecamatan": "Kajang",
        "kabupaten": "Bulukumba",
        "provinsi": "Sulawesi Selatan",
        "kode_wilayah": "73.02.06.2010"
      }
    },
    {
      "type": "Feature",
      "geometry": {
        "type": "Point",
        "coordinates": [120.27267, -5.34764]
      },
      "properties": {
        "name": "KDMP Sangkala",
        "desa": "Sangkala",
        "kecamatan": "Kajang",
        "kabupaten": "Bulukumba",
        "provinsi": "Sulawesi Selatan",
        "kode_wilayah": "73.02.06.2016"
      }
    },
    {
      "type": "Feature",
      "geometry": {
        "type": "Point",
        "coordinates": [120.17152, -5.35252]
      },
      "properties": {
        "name": "KDMP Balla Saraja",
        "desa": "Balla Saraja",
        "kecamatan": "Bulukumpa",
        "kabupaten": "Bulukumba",
        "provinsi": "Sulawesi Selatan",
        "kode_wilayah": "73.02.07.1003"
      }
    },
    {
      "type": "Feature",
      "geometry": {
        "type": "Point",
        "coordinates": [120.21643, -5.38295]
      },
      "properties": {
        "name": "KDMP Salassae",
        "desa": "Salassae",
        "kecamatan": "Bulukumpa",
        "kabupaten": "Bulukumba",
        "provinsi": "Sulawesi Selatan",
        "kode_wilayah": "73.02.07.2009"
      }
    },
    {
      "type": "Feature",
      "geometry": {
        "type": "Point",
        "coordinates": [120.24922, -5.31793]
      },
      "properties": {
        "name": "KDMP Batulohe",
        "desa": "Batulohe",
        "kecamatan": "Bulukumpa",
        "kabupaten": "Bulukumba",
        "provinsi": "Sulawesi Selatan",
        "kode_wilayah": "73.02.07.2015"
      }
    },
    {
      "type": "Feature",
      "geometry": {
        "type": "Point",
        "coordinates": [120.07977, -5.41971]
      },
      "properties": {
        "name": "KDMP Arinhua",
        "desa": "Arinhua",
        "kecamatan": "Kindang",
        "kabupaten": "Bulukumba",
        "provinsi": "Sulawesi Selatan",
        "kode_wilayah": "73.02.08.2004"
      }
    },
    {
      "type": "Feature",
      "geometry": {
        "type": "Point",
        "coordinates": [120.05993, -5.41463]
      },
      "properties": {
        "name": "KDMP Sipaenre",
        "desa": "Sipaenre",
        "kecamatan": "Kindang",
        "kabupaten": "Bulukumba",
        "provinsi": "Sulawesi Selatan",
        "kode_wilayah": "73.02.08.2010"
      }
    },
    {
      "type": "Feature",
      "geometry": {
        "type": "Point",
        "coordinates": [120.28612, -5.45941]
      },
      "properties": {
        "name": "KDMP Balleanging",
        "desa": "Balleanging",
        "kecamatan": "Ujungloe",
        "kabupaten": "Bulukumba",
        "provinsi": "Sulawesi Selatan",
        "kode_wilayah": "73.02.09.2003"
      }
    },
    {
      "type": "Feature",
      "geometry": {
        "type": "Point",
        "coordinates": [120.28073, -5.51995]
      },
      "properties": {
        "name": "KDMP Manjalling",
        "desa": "Manjalling",
        "kecamatan": "Ujungloe",
        "kabupaten": "Bulukumba",
        "provinsi": "Sulawesi Selatan",
        "kode_wilayah": "73.02.09.2009"
      }
    },
    {
      "type": "Feature",
      "geometry": {
        "type": "Point",
        "coordinates": [120.20321, -5.4387]
      },
      "properties": {
        "name": "KDMP Bontomanai",
        "desa": "Bontomanai",
        "kecamatan": "Rilauale",
        "kabupaten": "Bulukumba",
        "provinsi": "Sulawesi Selatan",
        "kode_wilayah": "73.02.10.2001"
      }
    },
    {
      "type": "Feature",
      "geometry": {
        "type": "Point",
        "coordinates": [120.19609, -5.46798]
      },
      "properties": {
        "name": "KDMP Tanah Harapan",
        "desa": "Tanah Harapan",
        "kecamatan": "Rilauale",
        "kabupaten": "Bulukumba",
        "provinsi": "Sulawesi Selatan",
        "kode_wilayah": "73.02.10.2008"
      }
    },
    {
      "type": "Feature",
      "geometry": {
        "type": "Point",
        "coordinates": [120.16848, -5.41101]
      },
      "properties": {
        "name": "KDMP Pangalloang",
        "desa": "Pangalloang",
        "kecamatan": "Rilauale",
        "kabupaten": "Bulukumba",
        "provinsi": "Sulawesi Selatan",
        "kode_wilayah": "73.02.10.2014"
      }
    },
    {
      "type": "Feature",
      "geometry": {
        "type": "Point",
        "coordinates": [119.94644, -5.52714]
      },
      "properties": {
        "name": "KDMP Bonto Rita",
        "desa": "Bonto Rita",
        "kecamatan": "Bissappu",
        "kabupaten": "Bantaeng",
        "provinsi": "Sulawesi Selatan",
        "kode_wilayah": "73.03.01.1005"
      }
    },
    {
      "type": "Feature",
      "geometry": {
        "type": "Point",
        "coordinates": [119.91311, -5.52941]
      },
      "properties": {
        "name": "KDMP Bonto Salluang",
        "desa": "Bonto Salluang",
        "kecamatan": "Bissappu",
        "kabupaten": "Bantaeng",
        "provinsi": "Sulawesi Selatan",
        "kode_wilayah": "73.03.01.2012"
      }
    },
    {
      "type": "Feature",
      "geometry": {
        "type": "Point",
        "coordinates": [119.98092, -5.55203]
      },
      "properties": {
        "name": "KDMP Lamalaka",
        "desa": "Lamalaka",
        "kecamatan": "Bantaeng",
        "kabupaten": "Bantaeng",
        "provinsi": "Sulawesi Selatan",
        "kode_wilayah": "73.03.02.1006"
      }
    },
    {
      "type": "Feature",
      "geometry": {
        "type": "Point",
        "coordinates": [120.01302, -5.49272]
      },
      "properties": {
        "name": "KDMP Barua",
        "desa": "Barua",
        "kecamatan": "Eremerasa",
        "kabupaten": "Bantaeng",
        "provinsi": "Sulawesi Selatan",
        "kode_wilayah": "73.03.03.2003"
      }
    },
    {
      "type": "Feature",
      "geometry": {
        "type": "Point",
        "coordinates": [120.0086, -5.46321]
      },
      "properties": {
        "name": "KDMP Parang Loe",
        "desa": "Parang Loe",
        "kecamatan": "Eremerasa",
        "kabupaten": "Bantaeng",
        "provinsi": "Sulawesi Selatan",
        "kode_wilayah": "73.03.03.2009"
      }
    },
    {
      "type": "Feature",
      "geometry": {
        "type": "Point",
        "coordinates": [120.00733, -5.39907]
      },
      "properties": {
        "name": "KDMP Pattaneteang",
        "desa": "Pattaneteang",
        "kecamatan": "Tompo Bulu",
        "kabupaten": "Bantaeng",
        "provinsi": "Sulawesi Selatan",
        "kode_wilayah": "73.03.04.2007"
      }
    },
    {
      "type": "Feature",
      "geometry": {
        "type": "Point",
        "coordinates": [120.03533, -5.56394]
      },
      "properties": {
        "name": "KDMP Pa'jukukang",
        "desa": "Pa'jukukang",
        "kecamatan": "Pajukukang",
        "kabupaten": "Bantaeng",
        "provinsi": "Sulawesi Selatan",
        "kode_wilayah": "73.03.05.2003"
      }
    },
    {
      "type": "Feature",
      "geometry": {
        "type": "Point",
        "coordinates": [119.98916, -5.54298]
      },
      "properties": {
        "name": "KDMP Rappoa",
        "desa": "Rappoa",
        "kecamatan": "Pajukukang",
        "kabupaten": "Bantaeng",
        "provinsi": "Sulawesi Selatan",
        "kode_wilayah": "73.03.05.2013"
      }
    },
    {
      "type": "Feature",
      "geometry": {
        "type": "Point",
        "coordinates": [119.88155, -5.51204]
      },
      "properties": {
        "name": "KDMP Bonto Rannu",
        "desa": "Bonto Rannu",
        "kecamatan": "Uluere",
        "kabupaten": "Bantaeng",
        "provinsi": "Sulawesi Selatan",
        "kode_wilayah": "73.03.06.2007"
      }
    },
    {
      "type": "Feature",
      "geometry": {
        "type": "Point",
        "coordinates": [120.07804, -5.5072]
      },
      "properties": {
        "name": "KDMP Bajiminasa",
        "desa": "Bajiminasa",
        "kecamatan": "Gantarang Keke",
        "kabupaten": "Bantaeng",
        "provinsi": "Sulawesi Selatan",
        "kode_wilayah": "73.03.07.2004"
      }
    },
    {
      "type": "Feature",
      "geometry": {
        "type": "Point",
        "coordinates": [119.89856, -5.51383]
      },
      "properties": {
        "name": "KDMP Bonto Mate'ne",
        "desa": "Bonto Mate'ne",
        "kecamatan": "Sinoa",
        "kabupaten": "Bantaeng",
        "provinsi": "Sulawesi Selatan",
        "kode_wilayah": "73.03.08.2004"
      }
    },
    {
      "type": "Feature",
      "geometry": {
        "type": "Point",
        "coordinates": [119.59672, -5.60968]
      },
      "properties": {
        "name": "KDMP Bontorannu",
        "desa": "Bontorannu",
        "kecamatan": "Bangkala",
        "kabupaten": "Jeneponto",
        "provinsi": "Sulawesi Selatan",
        "kode_wilayah": "73.04.01.1004"
      }
    },
    {
      "type": "Feature",
      "geometry": {
        "type": "Point",
        "coordinates": [121.68822, -4.07817]
      },
      "properties": {
        "name": "KDMP 19 Nopember",
        "desa": "19 Nopember",
        "kecamatan": "Wundulako",
        "kabupaten": "Kolaka",
        "provinsi": "Sulawesi Tenggara",
        "kode_wilayah": "74.01.01.1001"
      }
    },
    {
      "type": "Feature",
      "geometry": {
        "type": "Point",
        "coordinates": [121.41746, -4.13134]
      },
      "properties": {
        "name": "KDMP Towua",
        "desa": "Towua",
        "kecamatan": "Wundulako",
        "kabupaten": "Kolaka",
        "provinsi": "Sulawesi Tenggara",
        "kode_wilayah": "74.01.01.2006"
      }
    },
    {
      "type": "Feature",
      "geometry": {
        "type": "Point",
        "coordinates": [121.63582, -3.98893]
      },
      "properties": {
        "name": "KDMP Watuliandu",
        "desa": "Watuliandu",
        "kecamatan": "Kolaka",
        "kabupaten": "Kolaka",
        "provinsi": "Sulawesi Tenggara",
        "kode_wilayah": "74.01.04.1002"
      }
    },
    {
      "type": "Feature",
      "geometry": {
        "type": "Point",
        "coordinates": [121.61004, -4.17335]
      },
      "properties": {
        "name": "KDMP Dawi-Dawi",
        "desa": "Dawi-Dawi",
        "kecamatan": "Pomalaa",
        "kabupaten": "Kolaka",
        "provinsi": "Sulawesi Tenggara",
        "kode_wilayah": "74.01.07.1001"
      }
    },
    {
      "type": "Feature",
      "geometry": {
        "type": "Point",
        "coordinates": [121.62496, -4.22959]
      },
      "properties": {
        "name": "KDMP Tambea",
        "desa": "Tambea",
        "kecamatan": "Pomalaa",
        "kabupaten": "Kolaka",
        "provinsi": "Sulawesi Tenggara",
        "kode_wilayah": "74.01.07.2005"
      }
    },
    {
      "type": "Feature",
      "geometry": {
        "type": "Point",
        "coordinates": [121.52443, -4.48138]
      },
      "properties": {
        "name": "KDMP Watubangga",
        "desa": "Watubangga",
        "kecamatan": "Watubangga",
        "kabupaten": "Kolaka",
        "provinsi": "Sulawesi Tenggara",
        "kode_wilayah": "74.01.08.1001"
      }
    },
    {
      "type": "Feature",
      "geometry": {
        "type": "Point",
        "coordinates": [121.54576, -4.5158]
      },
      "properties": {
        "name": "KDMP Sumber Rejeki",
        "desa": "Sumber Rejeki",
        "kecamatan": "Watubangga",
        "kabupaten": "Kolaka",
        "provinsi": "Sulawesi Tenggara",
        "kode_wilayah": "74.01.08.2012"
      }
    },
    {
      "type": "Feature",
      "geometry": {
        "type": "Point",
        "coordinates": [121.78104, -4.42753]
      },
      "properties": {
        "name": "KDMP Mataosu Ujung",
        "desa": "Mataosu Ujung",
        "kecamatan": "Watubangga",
        "kabupaten": "Kolaka",
        "provinsi": "Sulawesi Tenggara",
        "kode_wilayah": "74.01.08.2025"
      }
    },
    {
      "type": "Feature",
      "geometry": {
        "type": "Point",
        "coordinates": [121.38041, -3.78247]
      },
      "properties": {
        "name": "KDMP Tolowe Ponrewaru",
        "desa": "Tolowe Ponrewaru",
        "kecamatan": "Wolo",
        "kabupaten": "Kolaka",
        "provinsi": "Sulawesi Tenggara",
        "kode_wilayah": "74.01.10.2008"
      }
    },
    {
      "type": "Feature",
      "geometry": {
        "type": "Point",
        "coordinates": [121.28035, -3.88595]
      },
      "properties": {
        "name": "KDMP Muara Lapao-pao",
        "desa": "Muara Lapao-pao",
        "kecamatan": "Wolo",
        "kabupaten": "Kolaka",
        "provinsi": "Sulawesi Tenggara",
        "kode_wilayah": "74.01.10.2016"
      }
    },
    {
      "type": "Feature",
      "geometry": {
        "type": "Point",
        "coordinates": [121.64495, -4.14657]
      },
      "properties": {
        "name": "KDMP Puubunga",
        "desa": "Puubunga",
        "kecamatan": "Baula",
        "kabupaten": "Kolaka",
        "provinsi": "Sulawesi Tenggara",
        "kode_wilayah": "74.01.12.2003"
      }
    },
    {
      "type": "Feature",
      "geometry": {
        "type": "Point",
        "coordinates": [121.63569, -4.1399]
      },
      "properties": {
        "name": "KDMP Puuroda",
        "desa": "Puuroda",
        "kecamatan": "Baula",
        "kabupaten": "Kolaka",
        "provinsi": "Sulawesi Tenggara",
        "kode_wilayah": "74.01.12.2009"
      }
    },
    {
      "type": "Feature",
      "geometry": {
        "type": "Point",
        "coordinates": [121.60502, -4.00928]
      },
      "properties": {
        "name": "KDMP Sakuli",
        "desa": "Sakuli",
        "kecamatan": "Latambaga",
        "kabupaten": "Kolaka",
        "provinsi": "Sulawesi Tenggara",
        "kode_wilayah": "74.01.14.1005"
      }
    },
    {
      "type": "Feature",
      "geometry": {
        "type": "Point",
        "coordinates": [121.65932, -4.31439]
      },
      "properties": {
        "name": "KDMP Pewisoa Jaya",
        "desa": "Pewisoa Jaya",
        "kecamatan": "Tanggetada",
        "kabupaten": "Kolaka",
        "provinsi": "Sulawesi Tenggara",
        "kode_wilayah": "74.01.18.2004"
      }
    },
    {
      "type": "Feature",
      "geometry": {
        "type": "Point",
        "coordinates": [121.53827, -4.36086]
      },
      "properties": {
        "name": "KDMP Palewai",
        "desa": "Palewai",
        "kecamatan": "Tanggetada",
        "kabupaten": "Kolaka",
        "provinsi": "Sulawesi Tenggara",
        "kode_wilayah": "74.01.18.2010"
      }
    },
    {
      "type": "Feature",
      "geometry": {
        "type": "Point",
        "coordinates": [121.32697, -3.92788]
      },
      "properties": {
        "name": "KDMP Tonganapo",
        "desa": "Tonganapo",
        "kecamatan": "Samaturu",
        "kabupaten": "Kolaka",
        "provinsi": "Sulawesi Tenggara",
        "kode_wilayah": "74.01.20.1013"
      }
    },
    {
      "type": "Feature",
      "geometry": {
        "type": "Point",
        "coordinates": [121.48433, -3.99633]
      },
      "properties": {
        "name": "KDMP Lawulo",
        "desa": "Lawulo",
        "kecamatan": "Samaturu",
        "kabupaten": "Kolaka",
        "provinsi": "Sulawesi Tenggara",
        "kode_wilayah": "74.01.20.2007"
      }
    },
    {
      "type": "Feature",
      "geometry": {
        "type": "Point",
        "coordinates": [121.4794, -3.89831]
      },
      "properties": {
        "name": "KDMP Ulu Konaweha",
        "desa": "Ulu Konaweha",
        "kecamatan": "Samaturu",
        "kabupaten": "Kolaka",
        "provinsi": "Sulawesi Tenggara",
        "kode_wilayah": "74.01.20.2014"
      }
    },
    {
      "type": "Feature",
      "geometry": {
        "type": "Point",
        "coordinates": [121.50975, -4.55014]
      },
      "properties": {
        "name": "KDMP Ranomentaa",
        "desa": "Ranomentaa",
        "kecamatan": "Toari",
        "kabupaten": "Kolaka",
        "provinsi": "Sulawesi Tenggara",
        "kode_wilayah": "74.01.24.1003"
      }
    },
    {
      "type": "Feature",
      "geometry": {
        "type": "Point",
        "coordinates": [121.52711, -4.53922]
      },
      "properties": {
        "name": "KDMP Rahabite",
        "desa": "Rahabite",
        "kecamatan": "Toari",
        "kabupaten": "Kolaka",
        "provinsi": "Sulawesi Tenggara",
        "kode_wilayah": "74.01.24.2007"
      }
    },
    {
      "type": "Feature",
      "geometry": {
        "type": "Point",
        "coordinates": [121.70384, -4.40994]
      },
      "properties": {
        "name": "KDMP Plasma Jaya",
        "desa": "Plasma Jaya",
        "kecamatan": "Polinggona",
        "kabupaten": "Kolaka",
        "provinsi": "Sulawesi Tenggara",
        "kode_wilayah": "74.01.25.2003"
      }
    },
    {
      "type": "Feature",
      "geometry": {
        "type": "Point",
        "coordinates": [121.20003, -3.72747]
      },
      "properties": {
        "name": "KDMP Ladahai",
        "desa": "Ladahai",
        "kecamatan": "Iwoimendaa",
        "kabupaten": "Kolaka",
        "provinsi": "Sulawesi Tenggara",
        "kode_wilayah": "74.01.27.2002"
      }
    },
    {
      "type": "Feature",
      "geometry": {
        "type": "Point",
        "coordinates": [121.1663, -3.72637]
      },
      "properties": {
        "name": "KDMP Lawolia",
        "desa": "Lawolia",
        "kecamatan": "Iwoimendaa",
        "kabupaten": "Kolaka",
        "provinsi": "Sulawesi Tenggara",
        "kode_wilayah": "74.01.27.2008"
      }
    },
    {
      "type": "Feature",
      "geometry": {
        "type": "Point",
        "coordinates": [122.03996, -3.97718]
      },
      "properties": {
        "name": "KDMP Amberi",
        "desa": "Amberi",
        "kecamatan": "Lambuya",
        "kabupaten": "Konawe",
        "provinsi": "Sulawesi Tenggara",
        "kode_wilayah": "74.02.01.2011"
      }
    },
    {
      "type": "Feature",
      "geometry": {
        "type": "Point",
        "coordinates": [122.03822, -3.98604]
      },
      "properties": {
        "name": "KDMP Tetembomua",
        "desa": "Tetembomua",
        "kecamatan": "Lambuya",
        "kabupaten": "Konawe",
        "provinsi": "Sulawesi Tenggara",
        "kode_wilayah": "74.02.01.2037"
      }
    },
    {
      "type": "Feature",
      "geometry": {
        "type": "Point",
        "coordinates": [122.06776, -3.85877]
      },
      "properties": {
        "name": "KDMP Asinua",
        "desa": "Asinua",
        "kecamatan": "Unaaha",
        "kabupaten": "Konawe",
        "provinsi": "Sulawesi Tenggara",
        "kode_wilayah": "74.02.02.1006"
      }
    },
    {
      "type": "Feature",
      "geometry": {
        "type": "Point",
        "coordinates": [122.07634, -3.87459]
      },
      "properties": {
        "name": "KDMP Tobeu",
        "desa": "Tobeu",
        "kecamatan": "Unaaha",
        "kabupaten": "Konawe",
        "provinsi": "Sulawesi Tenggara",
        "kode_wilayah": "74.02.02.1017"
      }
    },
    {
      "type": "Feature",
      "geometry": {
        "type": "Point",
        "coordinates": [122.13736, -3.89831]
      },
      "properties": {
        "name": "KDMP Ranoeya",
        "desa": "Ranoeya",
        "kecamatan": "Wawotobi",
        "kabupaten": "Konawe",
        "provinsi": "Sulawesi Tenggara",
        "kode_wilayah": "74.02.03.1009"
      }
    },
    {
      "type": "Feature",
      "geometry": {
        "type": "Point",
        "coordinates": [122.10942, -3.88728]
      },
      "properties": {
        "name": "KDMP Puusinauwi",
        "desa": "Puusinauwi",
        "kecamatan": "Wawotobi",
        "kabupaten": "Konawe",
        "provinsi": "Sulawesi Tenggara",
        "kode_wilayah": "74.02.03.1028"
      }
    },
    {
      "type": "Feature",
      "geometry": {
        "type": "Point",
        "coordinates": [122.09839, -3.85955]
      },
      "properties": {
        "name": "KDMP Kasumewuho",
        "desa": "Kasumewuho",
        "kecamatan": "Wawotobi",
        "kabupaten": "Konawe",
        "provinsi": "Sulawesi Tenggara",
        "kode_wilayah": "74.02.03.2031"
      }
    },
    {
      "type": "Feature",
      "geometry": {
        "type": "Point",
        "coordinates": [122.29759, -3.92031]
      },
      "properties": {
        "name": "KDMP Tirawuta",
        "desa": "Tirawuta",
        "kecamatan": "Pondidaha",
        "kabupaten": "Konawe",
        "provinsi": "Sulawesi Tenggara",
        "kode_wilayah": "74.02.04.2025"
      }
    },
    {
      "type": "Feature",
      "geometry": {
        "type": "Point",
        "coordinates": [122.216, -4.00256]
      },
      "properties": {
        "name": "KDMP Sulemandara",
        "desa": "Sulemandara",
        "kecamatan": "Pondidaha",
        "kabupaten": "Konawe",
        "provinsi": "Sulawesi Tenggara",
        "kode_wilayah": "74.02.04.2045"
      }
    },
    {
      "type": "Feature",
      "geometry": {
        "type": "Point",
        "coordinates": [122.23531, -3.97893]
      },
      "properties": {
        "name": "KDMP Wonua Monapa",
        "desa": "Wonua Monapa",
        "kecamatan": "Pondidaha",
        "kabupaten": "Konawe",
        "provinsi": "Sulawesi Tenggara",
        "kode_wilayah": "74.02.04.2051"
      }
    },
    {
      "type": "Feature",
      "geometry": {
        "type": "Point",
        "coordinates": [122.42392, -4.00281]
      },
      "properties": {
        "name": "KDMP Puuloro",
        "desa": "Puuloro",
        "kecamatan": "Sampara",
        "kabupaten": "Konawe",
        "provinsi": "Sulawesi Tenggara",
        "kode_wilayah": "74.02.05.2009"
      }
    },
    {
      "type": "Feature",
      "geometry": {
        "type": "Point",
        "coordinates": [122.39095, -3.95823]
      },
      "properties": {
        "name": "KDMP Polua",
        "desa": "Polua",
        "kecamatan": "Sampara",
        "kabupaten": "Konawe",
        "provinsi": "Sulawesi Tenggara",
        "kode_wilayah": "74.02.05.2038"
      }
    },
    {
      "type": "Feature",
      "geometry": {
        "type": "Point",
        "coordinates": [121.94052, -3.7472]
      },
      "properties": {
        "name": "KDMP Sambeani",
        "desa": "Sambeani",
        "kecamatan": "Abuki",
        "kabupaten": "Konawe",
        "provinsi": "Sulawesi Tenggara",
        "kode_wilayah": "74.02.10.2007"
      }
    },
    {
      "type": "Feature",
      "geometry": {
        "type": "Point",
        "coordinates": [121.9509, -3.76964]
      },
      "properties": {
        "name": "KDMP Unaasi Jaya",
        "desa": "Unaasi Jaya",
        "kecamatan": "Abuki",
        "kabupaten": "Konawe",
        "provinsi": "Sulawesi Tenggara",
        "kode_wilayah": "74.02.10.2035"
      }
    },
    {
      "type": "Feature",
      "geometry": {
        "type": "Point",
        "coordinates": [122.63174, -3.89777]
      },
      "properties": {
        "name": "KDMP Atowatu",
        "desa": "Atowatu",
        "kecamatan": "Soropia",
        "kabupaten": "Konawe",
        "provinsi": "Sulawesi Tenggara",
        "kode_wilayah": "74.02.11.2002"
      }
    },
    {
      "type": "Feature",
      "geometry": {
        "type": "Point",
        "coordinates": [122.6527, -3.91565]
      },
      "properties": {
        "name": "KDMP Bokori",
        "desa": "Bokori",
        "kecamatan": "Soropia",
        "kabupaten": "Konawe",
        "provinsi": "Sulawesi Tenggara",
        "kode_wilayah": "74.02.11.2014"
      }
    },
    {
      "type": "Feature",
      "geometry": {
        "type": "Point",
        "coordinates": [122.64678, -3.91551]
      },
      "properties": {
        "name": "KDMP Bajoe",
        "desa": "Bajoe",
        "kecamatan": "Soropia",
        "kabupaten": "Konawe",
        "provinsi": "Sulawesi Tenggara",
        "kode_wilayah": "74.02.11.2024"
      }
    },
    {
      "type": "Feature",
      "geometry": {
        "type": "Point",
        "coordinates": [122.03833, -3.81481]
      },
      "properties": {
        "name": "KDMP Mekar Sari",
        "desa": "Mekar Sari",
        "kecamatan": "Tongauna",
        "kabupaten": "Konawe",
        "provinsi": "Sulawesi Tenggara",
        "kode_wilayah": "74.02.15.1005"
      }
    },
    {
      "type": "Feature",
      "geometry": {
        "type": "Point",
        "coordinates": [121.66201, -3.64282]
      },
      "properties": {
        "name": "KDMP Waworaha",
        "desa": "Waworaha",
        "kecamatan": "Latoma",
        "kabupaten": "Konawe",
        "provinsi": "Sulawesi Tenggara",
        "kode_wilayah": "74.02.16.1003"
      }
    },
    {
      "type": "Feature",
      "geometry": {
        "type": "Point",
        "coordinates": [121.64227, -3.72177]
      },
      "properties": {
        "name": "KDMP Wawolatoma",
        "desa": "Wawolatoma",
        "kecamatan": "Latoma",
        "kabupaten": "Konawe",
        "provinsi": "Sulawesi Tenggara",
        "kode_wilayah": "74.02.16.2007"
      }
    },
    {
      "type": "Feature",
      "geometry": {
        "type": "Point",
        "coordinates": [122.14598, -4.0622]
      },
      "properties": {
        "name": "KDMP Puriala",
        "desa": "Puriala",
        "kecamatan": "Puriala",
        "kabupaten": "Konawe",
        "provinsi": "Sulawesi Tenggara",
        "kode_wilayah": "74.02.17.2001"
      }
    },
    {
      "type": "Feature",
      "geometry": {
        "type": "Point",
        "coordinates": [122.13459, -4.03622]
      },
      "properties": {
        "name": "KDMP Watusa",
        "desa": "Watusa",
        "kecamatan": "Puriala",
        "kabupaten": "Konawe",
        "provinsi": "Sulawesi Tenggara",
        "kode_wilayah": "74.02.17.2008"
      }
    },
    {
      "type": "Feature",
      "geometry": {
        "type": "Point",
        "coordinates": [122.06989, -4.05599]
      },
      "properties": {
        "name": "KDMP Puuhopa",
        "desa": "Puuhopa",
        "kecamatan": "Puriala",
        "kabupaten": "Konawe",
        "provinsi": "Sulawesi Tenggara",
        "kode_wilayah": "74.02.17.2014"
      }
    },
    {
      "type": "Feature",
      "geometry": {
        "type": "Point",
        "coordinates": [122.07422, -3.92615]
      },
      "properties": {
        "name": "KDMP Matahoalu",
        "desa": "Matahoalu",
        "kecamatan": "Uepai",
        "kabupaten": "Konawe",
        "provinsi": "Sulawesi Tenggara",
        "kode_wilayah": "74.02.18.2005"
      }
    },
    {
      "type": "Feature",
      "geometry": {
        "type": "Point",
        "coordinates": [122.03888, -3.88202]
      },
      "properties": {
        "name": "KDMP Anggopiu",
        "desa": "Anggopiu",
        "kecamatan": "Uepai",
        "kabupaten": "Konawe",
        "provinsi": "Sulawesi Tenggara",
        "kode_wilayah": "74.02.18.2011"
      }
    },
    {
      "type": "Feature",
      "geometry": {
        "type": "Point",
        "coordinates": [122.05669, -3.8847]
      },
      "properties": {
        "name": "KDMP Panggulawu",
        "desa": "Panggulawu",
        "kecamatan": "Uepai",
        "kabupaten": "Konawe",
        "provinsi": "Sulawesi Tenggara",
        "kode_wilayah": "74.02.18.2018"
      }
    },
    {
      "type": "Feature",
      "geometry": {
        "type": "Point",
        "coordinates": [122.17839, -3.96677]
      },
      "properties": {
        "name": "KDMP Wawosolo",
        "desa": "Wawosolo",
        "kecamatan": "Wonggeduku",
        "kabupaten": "Konawe",
        "provinsi": "Sulawesi Tenggara",
        "kode_wilayah": "74.02.19.2010"
      }
    },
    {
      "type": "Feature",
      "geometry": {
        "type": "Point",
        "coordinates": [129.08998, -3.24327]
      },
      "properties": {
        "name": "KDMP Hollo",
        "desa": "Hollo",
        "kecamatan": "Amahai",
        "kabupaten": "Maluku Tengah",
        "provinsi": "Maluku",
        "kode_wilayah": "81.01.01.1009"
      }
    },
    {
      "type": "Feature",
      "geometry": {
        "type": "Point",
        "coordinates": [128.99039, -3.28939]
      },
      "properties": {
        "name": "KDMP Haruru",
        "desa": "Haruru",
        "kecamatan": "Amahai",
        "kabupaten": "Maluku Tengah",
        "provinsi": "Maluku",
        "kode_wilayah": "81.01.01.2006"
      }
    },
    {
      "type": "Feature",
      "geometry": {
        "type": "Point",
        "coordinates": [129.51027, -6.73511]
      },
      "properties": {
        "name": "KDMP Nua Nea",
        "desa": "Nua Nea",
        "kecamatan": "Amahai",
        "kabupaten": "Maluku Tengah",
        "provinsi": "Maluku",
        "kode_wilayah": "81.01.01.2021"
      }
    },
    {
      "type": "Feature",
      "geometry": {
        "type": "Point",
        "coordinates": [128.99965, -3.22355]
      },
      "properties": {
        "name": "KDMP Messa",
        "desa": "Messa",
        "kecamatan": "Teon Nila Serua",
        "kabupaten": "Maluku Tengah",
        "provinsi": "Maluku",
        "kode_wilayah": "81.01.02.2004"
      }
    },
    {
      "type": "Feature",
      "geometry": {
        "type": "Point",
        "coordinates": [129.01876, -3.21991]
      },
      "properties": {
        "name": "KDMP Wotay",
        "desa": "Wotay",
        "kecamatan": "Teon Nila Serua",
        "kabupaten": "Maluku Tengah",
        "provinsi": "Maluku",
        "kode_wilayah": "81.01.02.2010"
      }
    },
    {
      "type": "Feature",
      "geometry": {
        "type": "Point",
        "coordinates": [128.98921, -3.18458]
      },
      "properties": {
        "name": "KDMP Nakupia",
        "desa": "Nakupia",
        "kecamatan": "Teon Nila Serua",
        "kabupaten": "Maluku Tengah",
        "provinsi": "Maluku",
        "kode_wilayah": "81.01.02.2016"
      }
    },
    {
      "type": "Feature",
      "geometry": {
        "type": "Point",
        "coordinates": [129.6018, -3.11624]
      },
      "properties": {
        "name": "KDMP Kanikeh",
        "desa": "Kanikeh",
        "kecamatan": "Seram Utara",
        "kabupaten": "Maluku Tengah",
        "provinsi": "Maluku",
        "kode_wilayah": "81.01.06.2010"
      }
    },
    {
      "type": "Feature",
      "geometry": {
        "type": "Point",
        "coordinates": [129.40993, -2.79988]
      },
      "properties": {
        "name": "KDMP Malaku",
        "desa": "Malaku",
        "kecamatan": "Seram Utara",
        "kabupaten": "Maluku Tengah",
        "provinsi": "Maluku",
        "kode_wilayah": "81.01.06.2045"
      }
    },
    {
      "type": "Feature",
      "geometry": {
        "type": "Point",
        "coordinates": [129.19988, -2.97291]
      },
      "properties": {
        "name": "KDMP Masihulan",
        "desa": "Masihulan",
        "kecamatan": "Seram Utara",
        "kabupaten": "Maluku Tengah",
        "provinsi": "Maluku",
        "kode_wilayah": "81.01.06.2051"
      }
    },
    {
      "type": "Feature",
      "geometry": {
        "type": "Point",
        "coordinates": [129.90189, -4.50876]
      },
      "properties": {
        "name": "KDMP Rajawali",
        "desa": "Rajawali",
        "kecamatan": "Banda",
        "kabupaten": "Maluku Tengah",
        "provinsi": "Maluku",
        "kode_wilayah": "81.01.09.2004"
      }
    },
    {
      "type": "Feature",
      "geometry": {
        "type": "Point",
        "coordinates": [129.68205, -4.55585]
      },
      "properties": {
        "name": "KDMP Pulau Rhun",
        "desa": "Pulau Rhun",
        "kecamatan": "Banda",
        "kabupaten": "Maluku Tengah",
        "provinsi": "Maluku",
        "kode_wilayah": "81.01.09.2010"
      }
    },
    {
      "type": "Feature",
      "geometry": {
        "type": "Point",
        "coordinates": [129.94331, -4.5627]
      },
      "properties": {
        "name": "KDMP Uring Tutra",
        "desa": "Uring Tutra",
        "kecamatan": "Banda",
        "kabupaten": "Maluku Tengah",
        "provinsi": "Maluku",
        "kode_wilayah": "81.01.09.2016"
      }
    },
    {
      "type": "Feature",
      "geometry": {
        "type": "Point",
        "coordinates": [129.56526, -3.2715]
      },
      "properties": {
        "name": "KDMP Hatu",
        "desa": "Hatu",
        "kecamatan": "Tehoru",
        "kabupaten": "Maluku Tengah",
        "provinsi": "Maluku",
        "kode_wilayah": "81.01.11.2014"
      }
    },
    {
      "type": "Feature",
      "geometry": {
        "type": "Point",
        "coordinates": [129.43768, -3.40559]
      },
      "properties": {
        "name": "KDMP Salamahu",
        "desa": "Salamahu",
        "kecamatan": "Tehoru",
        "kabupaten": "Maluku Tengah",
        "provinsi": "Maluku",
        "kode_wilayah": "81.01.11.2020"
      }
    },
    {
      "type": "Feature",
      "geometry": {
        "type": "Point",
        "coordinates": [128.5902, -3.52035]
      },
      "properties": {
        "name": "KDMP Kulur",
        "desa": "Kulur",
        "kecamatan": "Saparua",
        "kabupaten": "Maluku Tengah",
        "provinsi": "Maluku",
        "kode_wilayah": "81.01.12.2006"
      }
    },
    {
      "type": "Feature",
      "geometry": {
        "type": "Point",
        "coordinates": [128.41842, -3.62342]
      },
      "properties": {
        "name": "KDMP Sameth",
        "desa": "Sameth",
        "kecamatan": "Pulau Haruku",
        "kabupaten": "Maluku Tengah",
        "provinsi": "Maluku",
        "kode_wilayah": "81.01.13.2005"
      }
    },
    {
      "type": "Feature",
      "geometry": {
        "type": "Point",
        "coordinates": [128.54079, -3.56219]
      },
      "properties": {
        "name": "KDMP Hulaliu",
        "desa": "Hulaliu",
        "kecamatan": "Pulau Haruku",
        "kabupaten": "Maluku Tengah",
        "provinsi": "Maluku",
        "kode_wilayah": "81.01.13.2011"
      }
    },
    {
      "type": "Feature",
      "geometry": {
        "type": "Point",
        "coordinates": [128.2847, -3.6072]
      },
      "properties": {
        "name": "KDMP Suli",
        "desa": "Suli",
        "kecamatan": "Salahutu",
        "kabupaten": "Maluku Tengah",
        "provinsi": "Maluku",
        "kode_wilayah": "81.01.14.2006"
      }
    },
    {
      "type": "Feature",
      "geometry": {
        "type": "Point",
        "coordinates": [128.10533, -3.60696]
      },
      "properties": {
        "name": "KDMP Hila",
        "desa": "Hila",
        "kecamatan": "Leihitu",
        "kabupaten": "Maluku Tengah",
        "provinsi": "Maluku",
        "kode_wilayah": "81.01.15.2011"
      }
    },
    {
      "type": "Feature",
      "geometry": {
        "type": "Point",
        "coordinates": [128.79533, -3.65699]
      },
      "properties": {
        "name": "KDMP Ameth",
        "desa": "Ameth",
        "kecamatan": "Nusa Laut",
        "kabupaten": "Maluku Tengah",
        "provinsi": "Maluku",
        "kode_wilayah": "81.01.16.2001"
      }
    },
    {
      "type": "Feature",
      "geometry": {
        "type": "Point",
        "coordinates": [128.76927, -3.66291]
      },
      "properties": {
        "name": "KDMP Leinitu",
        "desa": "Leinitu",
        "kecamatan": "Nusa Laut",
        "kabupaten": "Maluku Tengah",
        "provinsi": "Maluku",
        "kode_wilayah": "81.01.16.2007"
      }
    },
    {
      "type": "Feature",
      "geometry": {
        "type": "Point",
        "coordinates": [129.12642, -2.97646]
      },
      "properties": {
        "name": "KDMP Saleman",
        "desa": "Saleman",
        "kecamatan": "Seram Utara Barat",
        "kabupaten": "Maluku Tengah",
        "provinsi": "Maluku",
        "kode_wilayah": "81.01.20.2001"
      }
    },
    {
      "type": "Feature",
      "geometry": {
        "type": "Point",
        "coordinates": [129.0449, -2.79826]
      },
      "properties": {
        "name": "KDMP Labuan",
        "desa": "Labuan",
        "kecamatan": "Seram Utara Barat",
        "kabupaten": "Maluku Tengah",
        "provinsi": "Maluku",
        "kode_wilayah": "81.01.20.2007"
      }
    },
    {
      "type": "Feature",
      "geometry": {
        "type": "Point",
        "coordinates": [129.07037, -2.87839]
      },
      "properties": {
        "name": "KDMP Herlau Pauni",
        "desa": "Herlau Pauni",
        "kecamatan": "Seram Utara Barat",
        "kabupaten": "Maluku Tengah",
        "provinsi": "Maluku",
        "kode_wilayah": "81.01.20.2013"
      }
    },
    {
      "type": "Feature",
      "geometry": {
        "type": "Point",
        "coordinates": [127.96272, -3.74943]
      },
      "properties": {
        "name": "KDMP Wakasihu",
        "desa": "Wakasihu",
        "kecamatan": "Leihitu Barat",
        "kabupaten": "Maluku Tengah",
        "provinsi": "Maluku",
        "kode_wilayah": "81.01.22.2002"
      }
    },
    {
      "type": "Feature",
      "geometry": {
        "type": "Point",
        "coordinates": [129.68639, -3.21457]
      },
      "properties": {
        "name": "KDMP Lafa",
        "desa": "Lafa",
        "kecamatan": "Telutih",
        "kabupaten": "Maluku Tengah",
        "provinsi": "Maluku",
        "kode_wilayah": "81.01.23.2003"
      }
    },
    {
      "type": "Feature",
      "geometry": {
        "type": "Point",
        "coordinates": [129.83188, -3.26515]
      },
      "properties": {
        "name": "KDMP Laha",
        "desa": "Laha",
        "kecamatan": "Telutih",
        "kabupaten": "Maluku Tengah",
        "provinsi": "Maluku",
        "kode_wilayah": "81.01.23.2009"
      }
    },
    {
      "type": "Feature",
      "geometry": {
        "type": "Point",
        "coordinates": [129.97783, -3.04016]
      },
      "properties": {
        "name": "KDMP Waitila",
        "desa": "Waitila",
        "kecamatan": "Seram Utara Timur Seti",
        "kabupaten": "Maluku Tengah",
        "provinsi": "Maluku",
        "kode_wilayah": "81.01.24.2005"
      }
    },
    {
      "type": "Feature",
      "geometry": {
        "type": "Point",
        "coordinates": [129.95003, -3.02726]
      },
      "properties": {
        "name": "KDMP Loping Mulyo",
        "desa": "Loping Mulyo",
        "kecamatan": "Seram Utara Timur Seti",
        "kabupaten": "Maluku Tengah",
        "provinsi": "Maluku",
        "kode_wilayah": "81.01.24.2011"
      }
    },
    {
      "type": "Feature",
      "geometry": {
        "type": "Point",
        "coordinates": [129.83847, -2.95515]
      },
      "properties": {
        "name": "KDMP Leaway",
        "desa": "Leaway",
        "kecamatan": "Seram Utara Timur Kobi",
        "kabupaten": "Maluku Tengah",
        "provinsi": "Maluku",
        "kode_wilayah": "81.01.25.2005"
      }
    },
    {
      "type": "Feature",
      "geometry": {
        "type": "Point",
        "coordinates": [129.86902, -2.99894]
      },
      "properties": {
        "name": "KDMP Marasahua",
        "desa": "Marasahua",
        "kecamatan": "Seram Utara Timur Kobi",
        "kabupaten": "Maluku Tengah",
        "provinsi": "Maluku",
        "kode_wilayah": "81.01.25.2011"
      }
    },
    {
      "type": "Feature",
      "geometry": {
        "type": "Point",
        "coordinates": [128.69281, -3.53007]
      },
      "properties": {
        "name": "KDMP Mahu",
        "desa": "Mahu",
        "kecamatan": "Saparua Timur",
        "kabupaten": "Maluku Tengah",
        "provinsi": "Maluku",
        "kode_wilayah": "81.01.26.2005"
      }
    },
    {
      "type": "Feature",
      "geometry": {
        "type": "Point",
        "coordinates": [132.73827, -5.64751]
      },
      "properties": {
        "name": "KDMP Ohoijang Watdek",
        "desa": "Ohoijang Watdek",
        "kecamatan": "Kei Kecil",
        "kabupaten": "Maluku Tenggara",
        "provinsi": "Maluku",
        "kode_wilayah": "81.02.01.1013"
      }
    },
    {
      "type": "Feature",
      "geometry": {
        "type": "Point",
        "coordinates": [132.64054, -5.62226]
      },
      "properties": {
        "name": "KDMP Ohoidertawun",
        "desa": "Ohoidertawun",
        "kecamatan": "Kei Kecil",
        "kabupaten": "Maluku Tenggara",
        "provinsi": "Maluku",
        "kode_wilayah": "81.02.01.2048"
      }
    },
    {
      "type": "Feature",
      "geometry": {
        "type": "Point",
        "coordinates": [132.68639, -5.62469]
      },
      "properties": {
        "name": "KDMP Dudunwahan",
        "desa": "Dudunwahan",
        "kecamatan": "Kei Kecil",
        "kabupaten": "Maluku Tenggara",
        "provinsi": "Maluku",
        "kode_wilayah": "81.02.01.2068"
      }
    },
    {
      "type": "Feature",
      "geometry": {
        "type": "Point",
        "coordinates": [132.96879, -5.66639]
      },
      "properties": {
        "name": "KDMP Ler Ohoilim",
        "desa": "Ler Ohoilim",
        "kecamatan": "Kei Besar",
        "kabupaten": "Maluku Tenggara",
        "provinsi": "Maluku",
        "kode_wilayah": "81.02.03.2004"
      }
    },
    {
      "type": "Feature",
      "geometry": {
        "type": "Point",
        "coordinates": [133.08292, -5.60534]
      },
      "properties": {
        "name": "KDMP Reyamru",
        "desa": "Reyamru",
        "kecamatan": "Kei Besar",
        "kabupaten": "Maluku Tenggara",
        "provinsi": "Maluku",
        "kode_wilayah": "81.02.03.2015"
      }
    },
    {
      "type": "Feature",
      "geometry": {
        "type": "Point",
        "coordinates": [132.96113, -5.73149]
      },
      "properties": {
        "name": "KDMP Ohoiwait",
        "desa": "Ohoiwait",
        "kecamatan": "Kei Besar",
        "kabupaten": "Maluku Tenggara",
        "provinsi": "Maluku",
        "kode_wilayah": "81.02.03.2021"
      }
    },
    {
      "type": "Feature",
      "geometry": {
        "type": "Point",
        "coordinates": [132.96727, -5.65885]
      },
      "properties": {
        "name": "KDMP Daftel",
        "desa": "Daftel",
        "kecamatan": "Kei Besar",
        "kabupaten": "Maluku Tenggara",
        "provinsi": "Maluku",
        "kode_wilayah": "81.02.03.2027"
      }
    },
    {
      "type": "Feature",
      "geometry": {
        "type": "Point",
        "coordinates": [133.02012, -5.63507]
      },
      "properties": {
        "name": "KDMP Soinrat",
        "desa": "Soinrat",
        "kecamatan": "Kei Besar",
        "kabupaten": "Maluku Tenggara",
        "provinsi": "Maluku",
        "kode_wilayah": "81.02.03.2033"
      }
    },
    {
      "type": "Feature",
      "geometry": {
        "type": "Point",
        "coordinates": [133.00801, -5.6703]
      },
      "properties": {
        "name": "KDMP Nabaheng",
        "desa": "Nabaheng",
        "kecamatan": "Kei Besar",
        "kabupaten": "Maluku Tenggara",
        "provinsi": "Maluku",
        "kode_wilayah": "81.02.03.2039"
      }
    },
    {
      "type": "Feature",
      "geometry": {
        "type": "Point",
        "coordinates": [132.9189, -5.80191]
      },
      "properties": {
        "name": "KDMP Larat",
        "desa": "Larat",
        "kecamatan": "Kei Besar Selatan",
        "kabupaten": "Maluku Tenggara",
        "provinsi": "Maluku",
        "kode_wilayah": "81.02.04.2004"
      }
    },
    {
      "type": "Feature",
      "geometry": {
        "type": "Point",
        "coordinates": [132.94704, -5.78609]
      },
      "properties": {
        "name": "KDMP Ohoirenan",
        "desa": "Ohoirenan",
        "kecamatan": "Kei Besar Selatan",
        "kabupaten": "Maluku Tenggara",
        "provinsi": "Maluku",
        "kode_wilayah": "81.02.04.2015"
      }
    },
    {
      "type": "Feature",
      "geometry": {
        "type": "Point",
        "coordinates": [133.13694, -5.40256]
      },
      "properties": {
        "name": "KDMP Banda Eli",
        "desa": "Banda Eli",
        "kecamatan": "Kei Besar Utara Timur",
        "kabupaten": "Maluku Tenggara",
        "provinsi": "Maluku",
        "kode_wilayah": "81.02.05.2005"
      }
    },
    {
      "type": "Feature",
      "geometry": {
        "type": "Point",
        "coordinates": [133.11287, -5.52281]
      },
      "properties": {
        "name": "KDMP Hoko",
        "desa": "Hoko",
        "kecamatan": "Kei Besar Utara Timur",
        "kabupaten": "Maluku Tenggara",
        "provinsi": "Maluku",
        "kode_wilayah": "81.02.05.2011"
      }
    },
    {
      "type": "Feature",
      "geometry": {
        "type": "Point",
        "coordinates": [133.15629, -5.34352]
      },
      "properties": {
        "name": "KDMP Haar Wassar",
        "desa": "Haar Wassar",
        "kecamatan": "Kei Besar Utara Timur",
        "kabupaten": "Maluku Tenggara",
        "provinsi": "Maluku",
        "kode_wilayah": "81.02.05.2017"
      }
    },
    {
      "type": "Feature",
      "geometry": {
        "type": "Point",
        "coordinates": [133.13334, -5.39623]
      },
      "properties": {
        "name": "KDMP Tuburlay",
        "desa": "Tuburlay",
        "kecamatan": "Kei Besar Utara Timur",
        "kabupaten": "Maluku Tenggara",
        "provinsi": "Maluku",
        "kode_wilayah": "81.02.05.2023"
      }
    },
    {
      "type": "Feature",
      "geometry": {
        "type": "Point",
        "coordinates": [133.13655, -5.38447]
      },
      "properties": {
        "name": "KDMP Renfaan GPM",
        "desa": "Renfaan GPM",
        "kecamatan": "Kei Besar Utara Timur",
        "kabupaten": "Maluku Tenggara",
        "provinsi": "Maluku",
        "kode_wilayah": "81.02.05.2029"
      }
    },
    {
      "type": "Feature",
      "geometry": {
        "type": "Point",
        "coordinates": [132.79623, -5.84987]
      },
      "properties": {
        "name": "KDMP Abean",
        "desa": "Abean",
        "kecamatan": "Kei Kecil Timur",
        "kabupaten": "Maluku Tenggara",
        "provinsi": "Maluku",
        "kode_wilayah": "81.02.13.2005"
      }
    },
    {
      "type": "Feature",
      "geometry": {
        "type": "Point",
        "coordinates": [132.78598, -5.78088]
      },
      "properties": {
        "name": "KDMP Wain Baru",
        "desa": "Wain Baru",
        "kecamatan": "Kei Kecil Timur",
        "kabupaten": "Maluku Tenggara",
        "provinsi": "Maluku",
        "kode_wilayah": "81.02.13.2017"
      }
    },
    {
      "type": "Feature",
      "geometry": {
        "type": "Point",
        "coordinates": [127.46755, 1.06281]
      },
      "properties": {
        "name": "KDMP Gufasa",
        "desa": "Gufasa",
        "kecamatan": "Jailolo",
        "kabupaten": "Halmahera Barat",
        "provinsi": "Maluku Utara",
        "kode_wilayah": "82.01.01.2001"
      }
    },
    {
      "type": "Feature",
      "geometry": {
        "type": "Point",
        "coordinates": [127.44796, 1.05905]
      },
      "properties": {
        "name": "KDMP Bobanehena",
        "desa": "Bobanehena",
        "kecamatan": "Jailolo",
        "kabupaten": "Halmahera Barat",
        "provinsi": "Maluku Utara",
        "kode_wilayah": "82.01.01.2007"
      }
    },
    {
      "type": "Feature",
      "geometry": {
        "type": "Point",
        "coordinates": [127.43358, 1.11769]
      },
      "properties": {
        "name": "KDMP Marmabati",
        "desa": "Marmabati",
        "kecamatan": "Jailolo",
        "kabupaten": "Halmahera Barat",
        "provinsi": "Maluku Utara",
        "kode_wilayah": "82.01.01.2013"
      }
    },
    {
      "type": "Feature",
      "geometry": {
        "type": "Point",
        "coordinates": [127.50725, 1.10955]
      },
      "properties": {
        "name": "KDMP Tedeng",
        "desa": "Tedeng",
        "kecamatan": "Jailolo",
        "kabupaten": "Halmahera Barat",
        "provinsi": "Maluku Utara",
        "kode_wilayah": "82.01.01.2019"
      }
    },
    {
      "type": "Feature",
      "geometry": {
        "type": "Point",
        "coordinates": [127.57314, 1.0315]
      },
      "properties": {
        "name": "KDMP Matui",
        "desa": "Matui",
        "kecamatan": "Jailolo",
        "kabupaten": "Halmahera Barat",
        "provinsi": "Maluku Utara",
        "kode_wilayah": "82.01.01.2025"
      }
    },
    {
      "type": "Feature",
      "geometry": {
        "type": "Point",
        "coordinates": [127.42716, 1.06071]
      },
      "properties": {
        "name": "KDMP Bobo Jiko",
        "desa": "Bobo Jiko",
        "kecamatan": "Jailolo",
        "kabupaten": "Halmahera Barat",
        "provinsi": "Maluku Utara",
        "kode_wilayah": "82.01.01.2037"
      }
    },
    {
      "type": "Feature",
      "geometry": {
        "type": "Point",
        "coordinates": [127.58147, 1.59342]
      },
      "properties": {
        "name": "KDMP Totala",
        "desa": "Totala",
        "kecamatan": "Loloda",
        "kabupaten": "Halmahera Barat",
        "provinsi": "Maluku Utara",
        "kode_wilayah": "82.01.02.2003"
      }
    },
    {
      "type": "Feature",
      "geometry": {
        "type": "Point",
        "coordinates": [127.63383, 1.75284]
      },
      "properties": {
        "name": "KDMP Bakun",
        "desa": "Bakun",
        "kecamatan": "Loloda",
        "kabupaten": "Halmahera Barat",
        "provinsi": "Maluku Utara",
        "kode_wilayah": "82.01.02.2010"
      }
    },
    {
      "type": "Feature",
      "geometry": {
        "type": "Point",
        "coordinates": [127.59057, 1.66358]
      },
      "properties": {
        "name": "KDMP Linggua",
        "desa": "Linggua",
        "kecamatan": "Loloda",
        "kabupaten": "Halmahera Barat",
        "provinsi": "Maluku Utara",
        "kode_wilayah": "82.01.02.2024"
      }
    },
    {
      "type": "Feature",
      "geometry": {
        "type": "Point",
        "coordinates": [127.5406, 1.49102]
      },
      "properties": {
        "name": "KDMP Tongute Ternate",
        "desa": "Tongute Ternate",
        "kecamatan": "Ibu",
        "kabupaten": "Halmahera Barat",
        "provinsi": "Maluku Utara",
        "kode_wilayah": "82.01.03.2015"
      }
    },
    {
      "type": "Feature",
      "geometry": {
        "type": "Point",
        "coordinates": [127.5535, 1.50023]
      },
      "properties": {
        "name": "KDMP Gam Ici",
        "desa": "Gam Ici",
        "kecamatan": "Ibu",
        "kabupaten": "Halmahera Barat",
        "provinsi": "Maluku Utara",
        "kode_wilayah": "82.01.03.2021"
      }
    },
    {
      "type": "Feature",
      "geometry": {
        "type": "Point",
        "coordinates": [127.5939, 1.5009]
      },
      "properties": {
        "name": "KDMP Ake Boso",
        "desa": "Ake Boso",
        "kecamatan": "Ibu",
        "kabupaten": "Halmahera Barat",
        "provinsi": "Maluku Utara",
        "kode_wilayah": "82.01.03.2042"
      }
    },
    {
      "type": "Feature",
      "geometry": {
        "type": "Point",
        "coordinates": [127.42389, 1.21265]
      },
      "properties": {
        "name": "KDMP Peot",
        "desa": "Peot",
        "kecamatan": "Sahu",
        "kabupaten": "Halmahera Barat",
        "provinsi": "Maluku Utara",
        "kode_wilayah": "82.01.04.2005"
      }
    },
    {
      "type": "Feature",
      "geometry": {
        "type": "Point",
        "coordinates": [127.4632, 1.20338]
      },
      "properties": {
        "name": "KDMP Tacici",
        "desa": "Tacici",
        "kecamatan": "Sahu",
        "kabupaten": "Halmahera Barat",
        "provinsi": "Maluku Utara",
        "kode_wilayah": "82.01.04.2011"
      }
    },
    {
      "type": "Feature",
      "geometry": {
        "type": "Point",
        "coordinates": [127.4222, 1.19099]
      },
      "properties": {
        "name": "KDMP Dere",
        "desa": "Dere",
        "kecamatan": "Sahu",
        "kabupaten": "Halmahera Barat",
        "provinsi": "Maluku Utara",
        "kode_wilayah": "82.01.04.2033"
      }
    },
    {
      "type": "Feature",
      "geometry": {
        "type": "Point",
        "coordinates": [127.54567, 0.96251]
      },
      "properties": {
        "name": "KDMP Tataleka",
        "desa": "Tataleka",
        "kecamatan": "Jailolo Selatan",
        "kabupaten": "Halmahera Barat",
        "provinsi": "Maluku Utara",
        "kode_wilayah": "82.01.05.2004"
      }
    },
    {
      "type": "Feature",
      "geometry": {
        "type": "Point",
        "coordinates": [127.62007, 0.86856]
      },
      "properties": {
        "name": "KDMP Akelaha",
        "desa": "Akelaha",
        "kecamatan": "Jailolo Selatan",
        "kabupaten": "Halmahera Barat",
        "provinsi": "Maluku Utara",
        "kode_wilayah": "82.01.05.2010"
      }
    },
    {
      "type": "Feature",
      "geometry": {
        "type": "Point",
        "coordinates": [127.50387, 0.91722]
      },
      "properties": {
        "name": "KDMP Moiso",
        "desa": "Moiso",
        "kecamatan": "Jailolo Selatan",
        "kabupaten": "Halmahera Barat",
        "provinsi": "Maluku Utara",
        "kode_wilayah": "82.01.05.2022"
      }
    },
    {
      "type": "Feature",
      "geometry": {
        "type": "Point",
        "coordinates": [127.54398, 0.94471]
      },
      "properties": {
        "name": "KDMP Ratem",
        "desa": "Ratem",
        "kecamatan": "Jailolo Selatan",
        "kabupaten": "Halmahera Barat",
        "provinsi": "Maluku Utara",
        "kode_wilayah": "82.01.05.2028"
      }
    },
    {
      "type": "Feature",
      "geometry": {
        "type": "Point",
        "coordinates": [127.62538, 1.53887]
      },
      "properties": {
        "name": "KDMP Sangaji Nyeku",
        "desa": "Sangaji Nyeku",
        "kecamatan": "Ibu Utara",
        "kabupaten": "Halmahera Barat",
        "provinsi": "Maluku Utara",
        "kode_wilayah": "82.01.07.2006"
      }
    },
    {
      "type": "Feature",
      "geometry": {
        "type": "Point",
        "coordinates": [127.67776, 1.55325]
      },
      "properties": {
        "name": "KDMP Pasalulu",
        "desa": "Pasalulu",
        "kecamatan": "Ibu Utara",
        "kabupaten": "Halmahera Barat",
        "provinsi": "Maluku Utara",
        "kode_wilayah": "82.01.07.2012"
      }
    },
    {
      "type": "Feature",
      "geometry": {
        "type": "Point",
        "coordinates": [127.48305, 1.29465]
      },
      "properties": {
        "name": "KDMP Tobobol",
        "desa": "Tobobol",
        "kecamatan": "Ibu Selatan",
        "kabupaten": "Halmahera Barat",
        "provinsi": "Maluku Utara",
        "kode_wilayah": "82.01.08.2002"
      }
    },
    {
      "type": "Feature",
      "geometry": {
        "type": "Point",
        "coordinates": [127.55585, 1.428]
      },
      "properties": {
        "name": "KDMP Talaga",
        "desa": "Talaga",
        "kecamatan": "Ibu Selatan",
        "kabupaten": "Halmahera Barat",
        "provinsi": "Maluku Utara",
        "kode_wilayah": "82.01.08.2008"
      }
    },
    {
      "type": "Feature",
      "geometry": {
        "type": "Point",
        "coordinates": [127.4954, 1.3675]
      },
      "properties": {
        "name": "KDMP Gamsida",
        "desa": "Gamsida",
        "kecamatan": "Ibu Selatan",
        "kabupaten": "Halmahera Barat",
        "provinsi": "Maluku Utara",
        "kode_wilayah": "82.01.08.2014"
      }
    },
    {
      "type": "Feature",
      "geometry": {
        "type": "Point",
        "coordinates": [127.47565, 1.12721]
      },
      "properties": {
        "name": "KDMP Akelamo",
        "desa": "Akelamo",
        "kecamatan": "Sahu Timur",
        "kabupaten": "Halmahera Barat",
        "provinsi": "Maluku Utara",
        "kode_wilayah": "82.01.09.2004"
      }
    },
    {
      "type": "Feature",
      "geometry": {
        "type": "Point",
        "coordinates": [127.53469, 1.16562]
      },
      "properties": {
        "name": "KDMP Gamiyel",
        "desa": "Gamiyel",
        "kecamatan": "Sahu Timur",
        "kabupaten": "Halmahera Barat",
        "provinsi": "Maluku Utara",
        "kode_wilayah": "82.01.09.2010"
      }
    },
    {
      "type": "Feature",
      "geometry": {
        "type": "Point",
        "coordinates": [127.56353, 1.21627]
      },
      "properties": {
        "name": "KDMP Goal",
        "desa": "Goal",
        "kecamatan": "Sahu Timur",
        "kabupaten": "Halmahera Barat",
        "provinsi": "Maluku Utara",
        "kode_wilayah": "82.01.09.2016"
      }
    },
    {
      "type": "Feature",
      "geometry": {
        "type": "Point",
        "coordinates": [127.69914, 1.87579]
      },
      "properties": {
        "name": "KDMP Gam Kahe",
        "desa": "Gam Kahe",
        "kecamatan": "Loloda Tengah",
        "kabupaten": "Halmahera Barat",
        "provinsi": "Maluku Utara",
        "kode_wilayah": "82.01.10.2004"
      }
    },
    {
      "type": "Feature",
      "geometry": {
        "type": "Point",
        "coordinates": [127.6699, 1.79479]
      },
      "properties": {
        "name": "KDMP Aruku",
        "desa": "Aruku",
        "kecamatan": "Loloda Tengah",
        "kabupaten": "Halmahera Barat",
        "provinsi": "Maluku Utara",
        "kode_wilayah": "82.01.10.2010"
      }
    },
    {
      "type": "Feature",
      "geometry": {
        "type": "Point",
        "coordinates": [127.82873, 0.33144]
      },
      "properties": {
        "name": "KDMP Wedana",
        "desa": "Wedana",
        "kecamatan": "Weda",
        "kabupaten": "Halmahera Tengah",
        "provinsi": "Maluku Utara",
        "kode_wilayah": "82.02.01.2023"
      }
    },
    {
      "type": "Feature",
      "geometry": {
        "type": "Point",
        "coordinates": [128.78854, 0.27935]
      },
      "properties": {
        "name": "KDMP Baka Jaya",
        "desa": "Baka Jaya",
        "kecamatan": "Patani",
        "kabupaten": "Halmahera Tengah",
        "provinsi": "Maluku Utara",
        "kode_wilayah": "82.02.02.2013"
      }
    },
    {
      "type": "Feature",
      "geometry": {
        "type": "Point",
        "coordinates": [129.50329, -0.13647]
      },
      "properties": {
        "name": "KDMP Sonof Kacepo",
        "desa": "Sonof Kacepo",
        "kecamatan": "Pulau Gebe",
        "kabupaten": "Halmahera Tengah",
        "provinsi": "Maluku Utara",
        "kode_wilayah": "82.02.03.2006"
      }
    },
    {
      "type": "Feature",
      "geometry": {
        "type": "Point",
        "coordinates": [128.19657, 0.46356]
      },
      "properties": {
        "name": "KDMP Waleh",
        "desa": "Waleh",
        "kecamatan": "Weda Utara",
        "kabupaten": "Halmahera Tengah",
        "provinsi": "Maluku Utara",
        "kode_wilayah": "82.02.04.2004"
      }
    },
    {
      "type": "Feature",
      "geometry": {
        "type": "Point",
        "coordinates": [127.83879, 0.14495]
      },
      "properties": {
        "name": "KDMP Kluting Jaya",
        "desa": "Kluting Jaya",
        "kecamatan": "Weda Selatan",
        "kabupaten": "Halmahera Tengah",
        "provinsi": "Maluku Utara",
        "kode_wilayah": "82.02.05.2005"
      }
    },
    {
      "type": "Feature",
      "geometry": {
        "type": "Point",
        "coordinates": [128.77694, 0.31295]
      },
      "properties": {
        "name": "KDMP Bilifitu",
        "desa": "Bilifitu",
        "kecamatan": "Patani Utara",
        "kabupaten": "Halmahera Tengah",
        "provinsi": "Maluku Utara",
        "kode_wilayah": "82.02.06.2006"
      }
    },
    {
      "type": "Feature",
      "geometry": {
        "type": "Point",
        "coordinates": [127.86318, 0.44483]
      },
      "properties": {
        "name": "KDMP Sawai Itepo",
        "desa": "Sawai Itepo",
        "kecamatan": "Weda Tengah",
        "kabupaten": "Halmahera Tengah",
        "provinsi": "Maluku Utara",
        "kode_wilayah": "82.02.07.2003"
      }
    },
    {
      "type": "Feature",
      "geometry": {
        "type": "Point",
        "coordinates": [128.55147, 0.34194]
      },
      "properties": {
        "name": "KDMP Bobane Jaya",
        "desa": "Bobane Jaya",
        "kecamatan": "Patani Barat",
        "kabupaten": "Halmahera Tengah",
        "provinsi": "Maluku Utara",
        "kode_wilayah": "82.02.08.2002"
      }
    },
    {
      "type": "Feature",
      "geometry": {
        "type": "Point",
        "coordinates": [128.34283, 0.46455]
      },
      "properties": {
        "name": "KDMP Kotalo",
        "desa": "Kotalo",
        "kecamatan": "Weda Timur",
        "kabupaten": "Halmahera Tengah",
        "provinsi": "Maluku Utara",
        "kode_wilayah": "82.02.09.2003"
      }
    },
    {
      "type": "Feature",
      "geometry": {
        "type": "Point",
        "coordinates": [128.65943, 0.38269]
      },
      "properties": {
        "name": "KDMP Masure",
        "desa": "Masure",
        "kecamatan": "Patani Timur",
        "kabupaten": "Halmahera Tengah",
        "provinsi": "Maluku Utara",
        "kode_wilayah": "82.02.10.2005"
      }
    },
    {
      "type": "Feature",
      "geometry": {
        "type": "Point",
        "coordinates": [127.83067, 1.8738]
      },
      "properties": {
        "name": "KDMP Simau",
        "desa": "Simau",
        "kecamatan": "Galela",
        "kabupaten": "Halmahera Utara",
        "provinsi": "Maluku Utara",
        "kode_wilayah": "82.03.04.2024"
      }
    },
    {
      "type": "Feature",
      "geometry": {
        "type": "Point",
        "coordinates": [128.04375, 1.74669]
      },
      "properties": {
        "name": "KDMP Kakara",
        "desa": "Kakara",
        "kecamatan": "Tobelo",
        "kabupaten": "Halmahera Utara",
        "provinsi": "Maluku Utara",
        "kode_wilayah": "82.03.05.2012"
      }
    },
    {
      "type": "Feature",
      "geometry": {
        "type": "Point",
        "coordinates": [127.84505, 1.67541]
      },
      "properties": {
        "name": "KDMP Wari Ino",
        "desa": "Wari Ino",
        "kecamatan": "Tobelo",
        "kabupaten": "Halmahera Utara",
        "provinsi": "Maluku Utara",
        "kode_wilayah": "82.03.05.2025"
      }
    },
    {
      "type": "Feature",
      "geometry": {
        "type": "Point",
        "coordinates": [127.99051, 1.58721]
      },
      "properties": {
        "name": "KDMP Leleoto",
        "desa": "Leleoto",
        "kecamatan": "Tobelo Selatan",
        "kabupaten": "Halmahera Utara",
        "provinsi": "Maluku Utara",
        "kode_wilayah": "82.03.06.2006"
      }
    },
    {
      "type": "Feature",
      "geometry": {
        "type": "Point",
        "coordinates": [127.95806, 1.62247]
      },
      "properties": {
        "name": "KDMP Kupa-Kupa Selatan (Halehe)",
        "desa": "Kupa-Kupa Selatan (Halehe)",
        "kecamatan": "Tobelo Selatan",
        "kabupaten": "Halmahera Utara",
        "provinsi": "Maluku Utara",
        "kode_wilayah": "82.03.06.2022"
      }
    },
    {
      "type": "Feature",
      "geometry": {
        "type": "Point",
        "coordinates": [127.87455, 1.18814]
      },
      "properties": {
        "name": "KDMP Soa Sangaji Dim-Dim",
        "desa": "Soa Sangaji Dim-Dim",
        "kecamatan": "Kao",
        "kabupaten": "Halmahera Utara",
        "provinsi": "Maluku Utara",
        "kode_wilayah": "82.03.07.2010"
      }
    },
    {
      "type": "Feature",
      "geometry": {
        "type": "Point",
        "coordinates": [127.88462, 1.26336]
      },
      "properties": {
        "name": "KDMP Waringin Lamo",
        "desa": "Waringin Lamo",
        "kecamatan": "Kao",
        "kabupaten": "Halmahera Utara",
        "provinsi": "Maluku Utara",
        "kode_wilayah": "82.03.07.2039"
      }
    },
    {
      "type": "Feature",
      "geometry": {
        "type": "Point",
        "coordinates": [127.80572, 1.15951]
      },
      "properties": {
        "name": "KDMP Samsuma",
        "desa": "Samsuma",
        "kecamatan": "Malifut",
        "kabupaten": "Halmahera Utara",
        "provinsi": "Maluku Utara",
        "kode_wilayah": "82.03.08.2003"
      }
    },
    {
      "type": "Feature",
      "geometry": {
        "type": "Point",
        "coordinates": [127.83306, 1.16977]
      },
      "properties": {
        "name": "KDMP Sabaleh",
        "desa": "Sabaleh",
        "kecamatan": "Malifut",
        "kabupaten": "Halmahera Utara",
        "provinsi": "Maluku Utara",
        "kode_wilayah": "82.03.08.2010"
      }
    },
    {
      "type": "Feature",
      "geometry": {
        "type": "Point",
        "coordinates": [127.83747, 1.15212]
      },
      "properties": {
        "name": "KDMP Peleri",
        "desa": "Peleri",
        "kecamatan": "Malifut",
        "kabupaten": "Halmahera Utara",
        "provinsi": "Maluku Utara",
        "kode_wilayah": "82.03.08.2016"
      }
    },
    {
      "type": "Feature",
      "geometry": {
        "type": "Point",
        "coordinates": [127.85829, 1.15981]
      },
      "properties": {
        "name": "KDMP Wangeotek",
        "desa": "Wangeotek",
        "kecamatan": "Malifut",
        "kabupaten": "Halmahera Utara",
        "provinsi": "Maluku Utara",
        "kode_wilayah": "82.03.08.2026"
      }
    },
    {
      "type": "Feature",
      "geometry": {
        "type": "Point",
        "coordinates": [131.32533, -0.93835]
      },
      "properties": {
        "name": "KDMP Maibo",
        "desa": "Maibo",
        "kecamatan": "Sorong",
        "kabupaten": "Sorong",
        "provinsi": "Papua Barat",
        "kode_wilayah": "92.01.43.2001"
      }
    },
    {
      "type": "Feature",
      "geometry": {
        "type": "Point",
        "coordinates": [134.00071, -0.99351]
      },
      "properties": {
        "name": "KDMP Hingk",
        "desa": "Hingk",
        "kecamatan": "Warmare",
        "kabupaten": "Manokwari",
        "provinsi": "Papua Barat",
        "kode_wilayah": "92.02.03.2003"
      }
    },
    {
      "type": "Feature",
      "geometry": {
        "type": "Point",
        "coordinates": [133.9028, -0.97837]
      },
      "properties": {
        "name": "KDMP Subsay",
        "desa": "Subsay",
        "kecamatan": "Warmare",
        "kabupaten": "Manokwari",
        "provinsi": "Papua Barat",
        "kode_wilayah": "92.02.03.2009"
      }
    },
    {
      "type": "Feature",
      "geometry": {
        "type": "Point",
        "coordinates": [133.95185, -0.99633]
      },
      "properties": {
        "name": "KDMP Duwin",
        "desa": "Duwin",
        "kecamatan": "Warmare",
        "kabupaten": "Manokwari",
        "provinsi": "Papua Barat",
        "kode_wilayah": "92.02.03.2015"
      }
    },
    {
      "type": "Feature",
      "geometry": {
        "type": "Point",
        "coordinates": [133.92076, -1.07723]
      },
      "properties": {
        "name": "KDMP Kwau",
        "desa": "Kwau",
        "kecamatan": "Warmare",
        "kabupaten": "Manokwari",
        "provinsi": "Papua Barat",
        "kode_wilayah": "92.02.03.2021"
      }
    },
    {
      "type": "Feature",
      "geometry": {
        "type": "Point",
        "coordinates": [133.93013, -1.1004]
      },
      "properties": {
        "name": "KDMP Minoqbei",
        "desa": "Minoqbei",
        "kecamatan": "Warmare",
        "kabupaten": "Manokwari",
        "provinsi": "Papua Barat",
        "kode_wilayah": "92.02.03.2027"
      }
    },
    {
      "type": "Feature",
      "geometry": {
        "type": "Point",
        "coordinates": [133.90387, -0.93561]
      },
      "properties": {
        "name": "KDMP Umbuy",
        "desa": "Umbuy",
        "kecamatan": "Prafi",
        "kabupaten": "Manokwari",
        "provinsi": "Papua Barat",
        "kode_wilayah": "92.02.04.2002"
      }
    },
    {
      "type": "Feature",
      "geometry": {
        "type": "Point",
        "coordinates": [133.91858, -0.91606]
      },
      "properties": {
        "name": "KDMP Ingkwoisi",
        "desa": "Ingkwoisi",
        "kecamatan": "Prafi",
        "kabupaten": "Manokwari",
        "provinsi": "Papua Barat",
        "kode_wilayah": "92.02.04.2008"
      }
    },
    {
      "type": "Feature",
      "geometry": {
        "type": "Point",
        "coordinates": [133.79546, -0.93173]
      },
      "properties": {
        "name": "KDMP Uhyehebrig",
        "desa": "Uhyehebrig",
        "kecamatan": "Prafi",
        "kabupaten": "Manokwari",
        "provinsi": "Papua Barat",
        "kode_wilayah": "92.02.04.2014"
      }
    },
    {
      "type": "Feature",
      "geometry": {
        "type": "Point",
        "coordinates": [133.75792, -0.80765]
      },
      "properties": {
        "name": "KDMP Muara Prafi",
        "desa": "Muara Prafi",
        "kecamatan": "Masni",
        "kabupaten": "Manokwari",
        "provinsi": "Papua Barat",
        "kode_wilayah": "92.02.05.2004"
      }
    },
    {
      "type": "Feature",
      "geometry": {
        "type": "Point",
        "coordinates": [133.76521, -0.83075]
      },
      "properties": {
        "name": "KDMP Meiforga",
        "desa": "Meiforga",
        "kecamatan": "Masni",
        "kabupaten": "Manokwari",
        "provinsi": "Papua Barat",
        "kode_wilayah": "92.02.05.2012"
      }
    },
    {
      "type": "Feature",
      "geometry": {
        "type": "Point",
        "coordinates": [133.65825, -0.79161]
      },
      "properties": {
        "name": "KDMP Aurmios",
        "desa": "Aurmios",
        "kecamatan": "Masni",
        "kabupaten": "Manokwari",
        "provinsi": "Papua Barat",
        "kode_wilayah": "92.02.05.2018"
      }
    },
    {
      "type": "Feature",
      "geometry": {
        "type": "Point",
        "coordinates": [133.68425, -0.87716]
      },
      "properties": {
        "name": "KDMP Ririnfos",
        "desa": "Ririnfos",
        "kecamatan": "Masni",
        "kabupaten": "Manokwari",
        "provinsi": "Papua Barat",
        "kode_wilayah": "92.02.05.2031"
      }
    },
    {
      "type": "Feature",
      "geometry": {
        "type": "Point",
        "coordinates": [133.72739, -0.83369]
      },
      "properties": {
        "name": "KDMP Jowen",
        "desa": "Jowen",
        "kecamatan": "Masni",
        "kabupaten": "Manokwari",
        "provinsi": "Papua Barat",
        "kode_wilayah": "92.02.05.2038"
      }
    },
    {
      "type": "Feature",
      "geometry": {
        "type": "Point",
        "coordinates": [134.0633, -0.85679]
      },
      "properties": {
        "name": "KDMP Manokwari Barat",
        "desa": "Manokwari Barat",
        "kecamatan": "Manokwari Barat",
        "kabupaten": "Manokwari",
        "provinsi": "Papua Barat",
        "kode_wilayah": "92.02.12.1001"
      }
    },
    {
      "type": "Feature",
      "geometry": {
        "type": "Point",
        "coordinates": [134.03098, -0.85258]
      },
      "properties": {
        "name": "KDMP Udopi",
        "desa": "Udopi",
        "kecamatan": "Manokwari Barat",
        "kabupaten": "Manokwari",
        "provinsi": "Papua Barat",
        "kode_wilayah": "92.02.12.2007"
      }
    },
    {
      "type": "Feature",
      "geometry": {
        "type": "Point",
        "coordinates": [134.09533, -0.86194]
      },
      "properties": {
        "name": "KDMP Ayambori",
        "desa": "Ayambori",
        "kecamatan": "Manokwari Timur",
        "kabupaten": "Manokwari",
        "provinsi": "Papua Barat",
        "kode_wilayah": "92.02.13.2003"
      }
    },
    {
      "type": "Feature",
      "geometry": {
        "type": "Point",
        "coordinates": [133.90599, -0.75834]
      },
      "properties": {
        "name": "KDMP Mandopi",
        "desa": "Mandopi",
        "kecamatan": "Manokwari Utara",
        "kabupaten": "Manokwari",
        "provinsi": "Papua Barat",
        "kode_wilayah": "92.02.14.2002"
      }
    },
    {
      "type": "Feature",
      "geometry": {
        "type": "Point",
        "coordinates": [133.93836, -0.78088]
      },
      "properties": {
        "name": "KDMP Saubeba",
        "desa": "Saubeba",
        "kecamatan": "Manokwari Utara",
        "kabupaten": "Manokwari",
        "provinsi": "Papua Barat",
        "kode_wilayah": "92.02.14.2008"
      }
    },
    {
      "type": "Feature",
      "geometry": {
        "type": "Point",
        "coordinates": [133.94986, -0.72428]
      },
      "properties": {
        "name": "KDMP Tanah Rubuh",
        "desa": "Tanah Rubuh",
        "kecamatan": "Manokwari Utara",
        "kabupaten": "Manokwari",
        "provinsi": "Papua Barat",
        "kode_wilayah": "92.02.14.2014"
      }
    },
    {
      "type": "Feature",
      "geometry": {
        "type": "Point",
        "coordinates": [133.83328, -0.7656]
      },
      "properties": {
        "name": "KDMP Yonggam",
        "desa": "Yonggam",
        "kecamatan": "Manokwari Utara",
        "kabupaten": "Manokwari",
        "provinsi": "Papua Barat",
        "kode_wilayah": "92.02.14.2021"
      }
    },
    {
      "type": "Feature",
      "geometry": {
        "type": "Point",
        "coordinates": [134.00304, -0.90024]
      },
      "properties": {
        "name": "KDMP Masyepi",
        "desa": "Masyepi",
        "kecamatan": "Manokwari Selatan",
        "kabupaten": "Manokwari",
        "provinsi": "Papua Barat",
        "kode_wilayah": "92.02.15.2004"
      }
    },
    {
      "type": "Feature",
      "geometry": {
        "type": "Point",
        "coordinates": [133.95224, -0.90967]
      },
      "properties": {
        "name": "KDMP Wasai",
        "desa": "Wasai",
        "kecamatan": "Manokwari Selatan",
        "kabupaten": "Manokwari",
        "provinsi": "Papua Barat",
        "kode_wilayah": "92.02.15.2010"
      }
    },
    {
      "type": "Feature",
      "geometry": {
        "type": "Point",
        "coordinates": [134.02966, -1.00659]
      },
      "properties": {
        "name": "KDMP Dobut",
        "desa": "Dobut",
        "kecamatan": "Manokwari Selatan",
        "kabupaten": "Manokwari",
        "provinsi": "Papua Barat",
        "kode_wilayah": "92.02.15.2016"
      }
    },
    {
      "type": "Feature",
      "geometry": {
        "type": "Point",
        "coordinates": [134.12829, -1.15558]
      },
      "properties": {
        "name": "KDMP Misabugoid",
        "desa": "Misabugoid",
        "kecamatan": "Tanah Rubuh",
        "kabupaten": "Manokwari",
        "provinsi": "Papua Barat",
        "kode_wilayah": "92.02.17.2004"
      }
    },
    {
      "type": "Feature",
      "geometry": {
        "type": "Point",
        "coordinates": [134.11011, -1.14342]
      },
      "properties": {
        "name": "KDMP Rembuy",
        "desa": "Rembuy",
        "kecamatan": "Tanah Rubuh",
        "kabupaten": "Manokwari",
        "provinsi": "Papua Barat",
        "kode_wilayah": "92.02.17.2010"
      }
    },
    {
      "type": "Feature",
      "geometry": {
        "type": "Point",
        "coordinates": [134.09602, -1.21464]
      },
      "properties": {
        "name": "KDMP Imboiti",
        "desa": "Imboiti",
        "kecamatan": "Tanah Rubuh",
        "kabupaten": "Manokwari",
        "provinsi": "Papua Barat",
        "kode_wilayah": "92.02.17.2016"
      }
    },
    {
      "type": "Feature",
      "geometry": {
        "type": "Point",
        "coordinates": [134.17073, -1.19322]
      },
      "properties": {
        "name": "KDMP Wedoni",
        "desa": "Wedoni",
        "kecamatan": "Tanah Rubuh",
        "kabupaten": "Manokwari",
        "provinsi": "Papua Barat",
        "kode_wilayah": "92.02.17.2022"
      }
    },
    {
      "type": "Feature",
      "geometry": {
        "type": "Point",
        "coordinates": [133.51022, -0.82316]
      },
      "properties": {
        "name": "KDMP Kassi",
        "desa": "Kassi",
        "kecamatan": "Sidey",
        "kabupaten": "Manokwari",
        "provinsi": "Papua Barat",
        "kode_wilayah": "92.02.21.2004"
      }
    },
    {
      "type": "Feature",
      "geometry": {
        "type": "Point",
        "coordinates": [133.48794, -0.90665]
      },
      "properties": {
        "name": "KDMP Womnowi",
        "desa": "Womnowi",
        "kecamatan": "Sidey",
        "kabupaten": "Manokwari",
        "provinsi": "Papua Barat",
        "kode_wilayah": "92.02.21.2010"
      }
    },
    {
      "type": "Feature",
      "geometry": {
        "type": "Point",
        "coordinates": [132.30711, -2.9209]
      },
      "properties": {
        "name": "KDMP Lusi Peri",
        "desa": "Lusi Peri",
        "kecamatan": "Fak-Fak",
        "kabupaten": "Fak Fak",
        "provinsi": "Papua Barat",
        "kode_wilayah": "92.03.01.2011"
      }
    },
    {
      "type": "Feature",
      "geometry": {
        "type": "Point",
        "coordinates": [132.22507, -2.84794]
      },
      "properties": {
        "name": "KDMP Kwuhkendak",
        "desa": "Kwuhkendak",
        "kecamatan": "Fak-Fak Barat",
        "kabupaten": "Fak Fak",
        "provinsi": "Papua Barat",
        "kode_wilayah": "92.03.02.2010"
      }
    },
    {
      "type": "Feature",
      "geometry": {
        "type": "Point",
        "coordinates": [132.48638, -3.12604]
      },
      "properties": {
        "name": "KDMP Urat",
        "desa": "Urat",
        "kecamatan": "Fak-Fak Timur",
        "kabupaten": "Fak Fak",
        "provinsi": "Papua Barat",
        "kode_wilayah": "92.03.03.2003"
      }
    },
    {
      "type": "Feature",
      "geometry": {
        "type": "Point",
        "coordinates": [132.44471, -2.73903]
      },
      "properties": {
        "name": "KDMP Mandoni",
        "desa": "Mandoni",
        "kecamatan": "Kokas",
        "kabupaten": "Fak Fak",
        "provinsi": "Papua Barat",
        "kode_wilayah": "92.03.04.2003"
      }
    },
    {
      "type": "Feature",
      "geometry": {
        "type": "Point",
        "coordinates": [132.44254, -2.71629]
      },
      "properties": {
        "name": "KDMP Batufiafas",
        "desa": "Batufiafas",
        "kecamatan": "Kokas",
        "kabupaten": "Fak Fak",
        "provinsi": "Papua Barat",
        "kode_wilayah": "92.03.04.2013"
      }
    },
    {
      "type": "Feature",
      "geometry": {
        "type": "Point",
        "coordinates": [132.43173, -2.70395]
      },
      "properties": {
        "name": "KDMP Masina",
        "desa": "Masina",
        "kecamatan": "Kokas",
        "kabupaten": "Fak Fak",
        "provinsi": "Papua Barat",
        "kode_wilayah": "92.03.04.2030"
      }
    },
    {
      "type": "Feature",
      "geometry": {
        "type": "Point",
        "coordinates": [132.33369, -2.93085]
      },
      "properties": {
        "name": "KDMP Raduria",
        "desa": "Raduria",
        "kecamatan": "Fak-Fak Tengah",
        "kabupaten": "Fak Fak",
        "provinsi": "Papua Barat",
        "kode_wilayah": "92.03.05.2005"
      }
    },
    {
      "type": "Feature",
      "geometry": {
        "type": "Point",
        "coordinates": [132.35528, -2.95921]
      },
      "properties": {
        "name": "KDMP Pirma",
        "desa": "Pirma",
        "kecamatan": "Fak-Fak Tengah",
        "kabupaten": "Fak Fak",
        "provinsi": "Papua Barat",
        "kode_wilayah": "92.03.05.2011"
      }
    },
    {
      "type": "Feature",
      "geometry": {
        "type": "Point",
        "coordinates": [132.75039, -3.449]
      },
      "properties": {
        "name": "KDMP Kiaba",
        "desa": "Kiaba",
        "kecamatan": "Karas",
        "kabupaten": "Fak Fak",
        "provinsi": "Papua Barat",
        "kode_wilayah": "92.03.06.2003"
      }
    },
    {
      "type": "Feature",
      "geometry": {
        "type": "Point",
        "coordinates": [133.00201, -2.98016]
      },
      "properties": {
        "name": "KDMP Mekarsari",
        "desa": "Mekarsari",
        "kecamatan": "Bomberay",
        "kabupaten": "Fak Fak",
        "provinsi": "Papua Barat",
        "kode_wilayah": "92.03.07.2008"
      }
    },
    {
      "type": "Feature",
      "geometry": {
        "type": "Point",
        "coordinates": [132.38189, -2.74223]
      },
      "properties": {
        "name": "KDMP Kramongmongga",
        "desa": "Kramongmongga",
        "kecamatan": "Kramongmongga",
        "kabupaten": "Fak Fak",
        "provinsi": "Papua Barat",
        "kode_wilayah": "92.03.08.2001"
      }
    },
    {
      "type": "Feature",
      "geometry": {
        "type": "Point",
        "coordinates": [132.41619, -2.76722]
      },
      "properties": {
        "name": "KDMP Bahbadan",
        "desa": "Bahbadan",
        "kecamatan": "Kramongmongga",
        "kabupaten": "Fak Fak",
        "provinsi": "Papua Barat",
        "kode_wilayah": "92.03.08.2012"
      }
    },
    {
      "type": "Feature",
      "geometry": {
        "type": "Point",
        "coordinates": [132.22195, -2.68845]
      },
      "properties": {
        "name": "KDMP Tetar",
        "desa": "Tetar",
        "kecamatan": "Teluk Patipi",
        "kabupaten": "Fak Fak",
        "provinsi": "Papua Barat",
        "kode_wilayah": "92.03.09.2003"
      }
    },
    {
      "type": "Feature",
      "geometry": {
        "type": "Point",
        "coordinates": [132.15168, -2.68364]
      },
      "properties": {
        "name": "KDMP Mawar",
        "desa": "Mawar",
        "kecamatan": "Teluk Patipi",
        "kabupaten": "Fak Fak",
        "provinsi": "Papua Barat",
        "kode_wilayah": "92.03.09.2017"
      }
    },
    {
      "type": "Feature",
      "geometry": {
        "type": "Point",
        "coordinates": [132.28766, -2.91699]
      },
      "properties": {
        "name": "KDMP Wagom Utara",
        "desa": "Wagom Utara",
        "kecamatan": "Pariwari",
        "kabupaten": "Fak Fak",
        "provinsi": "Papua Barat",
        "kode_wilayah": "92.03.10.1002"
      }
    },
    {
      "type": "Feature",
      "geometry": {
        "type": "Point",
        "coordinates": [132.25134, -2.86565]
      },
      "properties": {
        "name": "KDMP Sekru",
        "desa": "Sekru",
        "kecamatan": "Pariwari",
        "kabupaten": "Fak Fak",
        "provinsi": "Papua Barat",
        "kode_wilayah": "92.03.10.2008"
      }
    },
    {
      "type": "Feature",
      "geometry": {
        "type": "Point",
        "coordinates": [132.02242, -2.88396]
      },
      "properties": {
        "name": "KDMP Sipatnanam",
        "desa": "Sipatnanam",
        "kecamatan": "Wartutin",
        "kabupaten": "Fak Fak",
        "provinsi": "Papua Barat",
        "kode_wilayah": "92.03.11.2005"
      }
    },
    {
      "type": "Feature",
      "geometry": {
        "type": "Point",
        "coordinates": [132.51275, -2.9425]
      },
      "properties": {
        "name": "KDMP Kalamanuk",
        "desa": "Kalamanuk",
        "kecamatan": "Fakfak Timur Tengah",
        "kabupaten": "Fak Fak",
        "provinsi": "Papua Barat",
        "kode_wilayah": "92.03.12.2005"
      }
    },
    {
      "type": "Feature",
      "geometry": {
        "type": "Point",
        "coordinates": [132.53873, -2.69334]
      },
      "properties": {
        "name": "KDMP Andamata",
        "desa": "Andamata",
        "kecamatan": "Arguni",
        "kabupaten": "Fak Fak",
        "provinsi": "Papua Barat",
        "kode_wilayah": "92.03.13.2001"
      }
    },
    {
      "type": "Feature",
      "geometry": {
        "type": "Point",
        "coordinates": [132.70676, -2.7997]
      },
      "properties": {
        "name": "KDMP Goras",
        "desa": "Goras",
        "kecamatan": "Mbahamdandara",
        "kabupaten": "Fak Fak",
        "provinsi": "Papua Barat",
        "kode_wilayah": "92.03.14.2002"
      }
    },
    {
      "type": "Feature",
      "geometry": {
        "type": "Point",
        "coordinates": [131.52815, -0.73682]
      },
      "properties": {
        "name": "KDMP Makbon",
        "desa": "Makbon",
        "kecamatan": "Makbon",
        "kabupaten": "Sorong",
        "provinsi": "Papua Barat Daya",
        "kode_wilayah": "92.01.01.1001"
      }
    },
    {
      "type": "Feature",
      "geometry": {
        "type": "Point",
        "coordinates": [131.52454, -0.8284]
      },
      "properties": {
        "name": "KDMP Bainkete",
        "desa": "Bainkete",
        "kecamatan": "Makbon",
        "kabupaten": "Sorong",
        "provinsi": "Papua Barat Daya",
        "kode_wilayah": "92.01.01.2009"
      }
    },
    {
      "type": "Feature",
      "geometry": {
        "type": "Point",
        "coordinates": [131.49299, -0.80828]
      },
      "properties": {
        "name": "KDMP Klagulus",
        "desa": "Klagulus",
        "kecamatan": "Makbon",
        "kabupaten": "Sorong",
        "provinsi": "Papua Barat Daya",
        "kode_wilayah": "92.01.01.2015"
      }
    },
    {
      "type": "Feature",
      "geometry": {
        "type": "Point",
        "coordinates": [131.73991, -1.28117]
      },
      "properties": {
        "name": "KDMP Kaas",
        "desa": "Kaas",
        "kecamatan": "Beraur",
        "kabupaten": "Sorong",
        "provinsi": "Papua Barat Daya",
        "kode_wilayah": "92.01.04.2011"
      }
    },
    {
      "type": "Feature",
      "geometry": {
        "type": "Point",
        "coordinates": [131.72887, -1.27504]
      },
      "properties": {
        "name": "KDMP Midlal",
        "desa": "Midlal",
        "kecamatan": "Beraur",
        "kabupaten": "Sorong",
        "provinsi": "Papua Barat Daya",
        "kode_wilayah": "92.01.04.2027"
      }
    },
    {
      "type": "Feature",
      "geometry": {
        "type": "Point",
        "coordinates": [131.2668, -1.11278]
      },
      "properties": {
        "name": "KDMP Majaran",
        "desa": "Majaran",
        "kecamatan": "Salawati",
        "kabupaten": "Sorong",
        "provinsi": "Papua Barat Daya",
        "kode_wilayah": "92.01.05.1007"
      }
    },
    {
      "type": "Feature",
      "geometry": {
        "type": "Point",
        "coordinates": [131.03038, -1.41165]
      },
      "properties": {
        "name": "KDMP Malabam",
        "desa": "Malabam",
        "kecamatan": "Seget",
        "kabupaten": "Sorong",
        "provinsi": "Papua Barat Daya",
        "kode_wilayah": "92.01.06.2004"
      }
    },
    {
      "type": "Feature",
      "geometry": {
        "type": "Point",
        "coordinates": [130.99364, -1.40962]
      },
      "properties": {
        "name": "KDMP Wayenkede",
        "desa": "Wayenkede",
        "kecamatan": "Seget",
        "kabupaten": "Sorong",
        "provinsi": "Papua Barat Daya",
        "kode_wilayah": "92.01.06.2014"
      }
    },
    {
      "type": "Feature",
      "geometry": {
        "type": "Point",
        "coordinates": [131.4485, -1.01574]
      },
      "properties": {
        "name": "KDMP Mariat Gunung",
        "desa": "Mariat Gunung",
        "kecamatan": "Aimas",
        "kabupaten": "Sorong",
        "provinsi": "Papua Barat Daya",
        "kode_wilayah": "92.01.07.1026"
      }
    },
    {
      "type": "Feature",
      "geometry": {
        "type": "Point",
        "coordinates": [131.38371, -0.98274]
      },
      "properties": {
        "name": "KDMP Klafma",
        "desa": "Klafma",
        "kecamatan": "Aimas",
        "kabupaten": "Sorong",
        "provinsi": "Papua Barat Daya",
        "kode_wilayah": "92.01.07.1035"
      }
    },
    {
      "type": "Feature",
      "geometry": {
        "type": "Point",
        "coordinates": [131.47833, -1.18751]
      },
      "properties": {
        "name": "KDMP Wariayau",
        "desa": "Wariayau",
        "kecamatan": "Klamono",
        "kabupaten": "Sorong",
        "provinsi": "Papua Barat Daya",
        "kode_wilayah": "92.01.08.2003"
      }
    },
    {
      "type": "Feature",
      "geometry": {
        "type": "Point",
        "coordinates": [131.49971, -1.1816]
      },
      "properties": {
        "name": "KDMP Klasafet",
        "desa": "Klasafet",
        "kecamatan": "Klamono",
        "kabupaten": "Sorong",
        "provinsi": "Papua Barat Daya",
        "kode_wilayah": "92.01.08.2021"
      }
    },
    {
      "type": "Feature",
      "geometry": {
        "type": "Point",
        "coordinates": [131.69259, -1.08047]
      },
      "properties": {
        "name": "KDMP Klamintu",
        "desa": "Klamintu",
        "kecamatan": "Sayosa",
        "kabupaten": "Sorong",
        "provinsi": "Papua Barat Daya",
        "kode_wilayah": "92.01.10.2012"
      }
    },
    {
      "type": "Feature",
      "geometry": {
        "type": "Point",
        "coordinates": [131.36391, -1.31215]
      },
      "properties": {
        "name": "KDMP Waimlabat",
        "desa": "Waimlabat",
        "kecamatan": "Segun",
        "kabupaten": "Sorong",
        "provinsi": "Papua Barat Daya",
        "kode_wilayah": "92.01.12.2005"
      }
    },
    {
      "type": "Feature",
      "geometry": {
        "type": "Point",
        "coordinates": [131.28637, -1.06987]
      },
      "properties": {
        "name": "KDMP Makbalim",
        "desa": "Makbalim",
        "kecamatan": "Mayamuk",
        "kabupaten": "Sorong",
        "provinsi": "Papua Barat Daya",
        "kode_wilayah": "92.01.13.1002"
      }
    },
    {
      "type": "Feature",
      "geometry": {
        "type": "Point",
        "coordinates": [131.28524, -1.05112]
      },
      "properties": {
        "name": "KDMP Wen",
        "desa": "Wen",
        "kecamatan": "Mayamuk",
        "kabupaten": "Sorong",
        "provinsi": "Papua Barat Daya",
        "kode_wilayah": "92.01.13.2008"
      }
    },
    {
      "type": "Feature",
      "geometry": {
        "type": "Point",
        "coordinates": [130.75703, -1.13059]
      },
      "properties": {
        "name": "KDMP Dulbatan",
        "desa": "Dulbatan",
        "kecamatan": "Salawati Selatan",
        "kabupaten": "Sorong",
        "provinsi": "Papua Barat Daya",
        "kode_wilayah": "92.01.14.2007"
      }
    },
    {
      "type": "Feature",
      "geometry": {
        "type": "Point",
        "coordinates": [131.87802, -1.32139]
      },
      "properties": {
        "name": "KDMP Mlat",
        "desa": "Mlat",
        "kecamatan": "Klabot",
        "kabupaten": "Sorong",
        "provinsi": "Papua Barat Daya",
        "kode_wilayah": "92.01.17.2005"
      }
    },
    {
      "type": "Feature",
      "geometry": {
        "type": "Point",
        "coordinates": [131.842, -1.21491]
      },
      "properties": {
        "name": "KDMP Wilty",
        "desa": "Wilty",
        "kecamatan": "Klawak",
        "kabupaten": "Sorong",
        "provinsi": "Papua Barat Daya",
        "kode_wilayah": "92.01.18.2001"
      }
    },
    {
      "type": "Feature",
      "geometry": {
        "type": "Point",
        "coordinates": [131.82628, -1.21121]
      },
      "properties": {
        "name": "KDMP Kmasen",
        "desa": "Kmasen",
        "kecamatan": "Klawak",
        "kabupaten": "Sorong",
        "provinsi": "Papua Barat Daya",
        "kode_wilayah": "92.01.18.2012"
      }
    },
    {
      "type": "Feature",
      "geometry": {
        "type": "Point",
        "coordinates": [132.00117, -0.90096]
      },
      "properties": {
        "name": "KDMP Klatim",
        "desa": "Klatim",
        "kecamatan": "Maudus",
        "kabupaten": "Sorong",
        "provinsi": "Papua Barat Daya",
        "kode_wilayah": "92.01.20.2003"
      }
    },
    {
      "type": "Feature",
      "geometry": {
        "type": "Point",
        "coordinates": [132.07353, -0.92564]
      },
      "properties": {
        "name": "KDMP Safdesa",
        "desa": "Safdesa",
        "kecamatan": "Maudus",
        "kabupaten": "Sorong",
        "provinsi": "Papua Barat Daya",
        "kode_wilayah": "92.01.20.2012"
      }
    },
    {
      "type": "Feature",
      "geometry": {
        "type": "Point",
        "coordinates": [131.3242, -1.016]
      },
      "properties": {
        "name": "KDMP Maklalut",
        "desa": "Maklalut",
        "kecamatan": "Mariat",
        "kabupaten": "Sorong",
        "provinsi": "Papua Barat Daya",
        "kode_wilayah": "92.01.39.1009"
      }
    },
    {
      "type": "Feature",
      "geometry": {
        "type": "Point",
        "coordinates": [131.37766, -1.00946]
      },
      "properties": {
        "name": "KDMP Kasih",
        "desa": "Kasih",
        "kecamatan": "Mariat",
        "kabupaten": "Sorong",
        "provinsi": "Papua Barat Daya",
        "kode_wilayah": "92.01.39.2012"
      }
    },
    {
      "type": "Feature",
      "geometry": {
        "type": "Point",
        "coordinates": [131.59456, -0.98653]
      },
      "properties": {
        "name": "KDMP Malalilis",
        "desa": "Malalilis",
        "kecamatan": "Klayili",
        "kabupaten": "Sorong",
        "provinsi": "Papua Barat Daya",
        "kode_wilayah": "92.01.40.2006"
      }
    },
    {
      "type": "Feature",
      "geometry": {
        "type": "Point",
        "coordinates": [131.82206, -0.80572]
      },
      "properties": {
        "name": "KDMP Sbaga",
        "desa": "Sbaga",
        "kecamatan": "Klaso",
        "kabupaten": "Sorong",
        "provinsi": "Papua Barat Daya",
        "kode_wilayah": "92.01.41.2006"
      }
    },
    {
      "type": "Feature",
      "geometry": {
        "type": "Point",
        "coordinates": [131.25168, -1.2879]
      },
      "properties": {
        "name": "KDMP Klasof",
        "desa": "Klasof",
        "kecamatan": "Moisegen",
        "kabupaten": "Sorong",
        "provinsi": "Papua Barat Daya",
        "kode_wilayah": "92.01.42.2003"
      }
    },
    {
      "type": "Feature",
      "geometry": {
        "type": "Point",
        "coordinates": [131.33872, -1.2669]
      },
      "properties": {
        "name": "KDMP Masmili",
        "desa": "Masmili",
        "kecamatan": "Moisegen",
        "kabupaten": "Sorong",
        "provinsi": "Papua Barat Daya",
        "kode_wilayah": "92.01.42.2009"
      }
    },
    {
      "type": "Feature",
      "geometry": {
        "type": "Point",
        "coordinates": [131.6407, -1.28421]
      },
      "properties": {
        "name": "KDMP Mode",
        "desa": "Mode",
        "kecamatan": "Bagun",
        "kabupaten": "Sorong",
        "provinsi": "Papua Barat Daya",
        "kode_wilayah": "92.01.44.2006"
      }
    },
    {
      "type": "Feature",
      "geometry": {
        "type": "Point",
        "coordinates": [131.82026, -1.06355]
      },
      "properties": {
        "name": "KDMP Woloin",
        "desa": "Woloin",
        "kecamatan": "Wemak",
        "kabupaten": "Sorong",
        "provinsi": "Papua Barat Daya",
        "kode_wilayah": "92.01.45.2003"
      }
    },
    {
      "type": "Feature",
      "geometry": {
        "type": "Point",
        "coordinates": [132.24682, -0.81575]
      },
      "properties": {
        "name": "KDMP Ketawas",
        "desa": "Ketawas",
        "kecamatan": "Sunook",
        "kabupaten": "Sorong",
        "provinsi": "Papua Barat Daya",
        "kode_wilayah": "92.01.46.2003"
      }
    },
    {
      "type": "Feature",
      "geometry": {
        "type": "Point",
        "coordinates": [131.79716, -1.38717]
      },
      "properties": {
        "name": "KDMP Mlakhan",
        "desa": "Mlakhan",
        "kecamatan": "Buk",
        "kabupaten": "Sorong",
        "provinsi": "Papua Barat Daya",
        "kode_wilayah": "92.01.47.2002"
      }
    },
    {
      "type": "Feature",
      "geometry": {
        "type": "Point",
        "coordinates": [132.12516, -0.78205]
      },
      "properties": {
        "name": "KDMP Saengkeduk",
        "desa": "Saengkeduk",
        "kecamatan": "Saengkeduk",
        "kabupaten": "Sorong",
        "provinsi": "Papua Barat Daya",
        "kode_wilayah": "92.01.48.2001"
      }
    },
    {
      "type": "Feature",
      "geometry": {
        "type": "Point",
        "coordinates": [131.44662, -1.16845]
      },
      "properties": {
        "name": "KDMP Malasigit",
        "desa": "Malasigit",
        "kecamatan": "Malabotom",
        "kabupaten": "Sorong",
        "provinsi": "Papua Barat Daya",
        "kode_wilayah": "92.01.49.2001"
      }
    },
    {
      "type": "Feature",
      "geometry": {
        "type": "Point",
        "coordinates": [131.4609, -1.16785]
      },
      "properties": {
        "name": "KDMP Magatarum",
        "desa": "Magatarum",
        "kecamatan": "Malabotom",
        "kabupaten": "Sorong",
        "provinsi": "Papua Barat Daya",
        "kode_wilayah": "92.01.49.2007"
      }
    },
    {
      "type": "Feature",
      "geometry": {
        "type": "Point",
        "coordinates": [131.76354, -1.13988]
      },
      "properties": {
        "name": "KDMP Klafyo",
        "desa": "Klafyo",
        "kecamatan": "Konhir",
        "kabupaten": "Sorong",
        "provinsi": "Papua Barat Daya",
        "kode_wilayah": "92.01.50.2004"
      }
    },
    {
      "type": "Feature",
      "geometry": {
        "type": "Point",
        "coordinates": [131.50004, -1.13415]
      },
      "properties": {
        "name": "KDMP Keladum/Maladuk",
        "desa": "Keladum/Maladuk",
        "kecamatan": "Klasafet",
        "kabupaten": "Sorong",
        "provinsi": "Papua Barat Daya",
        "kode_wilayah": "92.01.51.2001"
      }
    },
    {
      "type": "Feature",
      "geometry": {
        "type": "Point",
        "coordinates": [131.84993, -1.2799]
      },
      "properties": {
        "name": "KDMP Brianlo",
        "desa": "Brianlo",
        "kecamatan": "Hobard",
        "kabupaten": "Sorong",
        "provinsi": "Papua Barat Daya",
        "kode_wilayah": "92.01.52.2002"
      }
    },
    {
      "type": "Feature",
      "geometry": {
        "type": "Point",
        "coordinates": [130.97, -1.23855]
      },
      "properties": {
        "name": "KDMP Waliam",
        "desa": "Waliam",
        "kecamatan": "Salawati Tengah",
        "kabupaten": "Sorong",
        "provinsi": "Papua Barat Daya",
        "kode_wilayah": "92.01.53.2001"
      }
    },
    {
      "type": "Feature",
      "geometry": {
        "type": "Point",
        "coordinates": [130.88625, -1.31786]
      },
      "properties": {
        "name": "KDMP Batbiro",
        "desa": "Batbiro",
        "kecamatan": "Salawati Tengah",
        "kabupaten": "Sorong",
        "provinsi": "Papua Barat Daya",
        "kode_wilayah": "92.01.53.2007"
      }
    },
    {
      "type": "Feature",
      "geometry": {
        "type": "Point",
        "coordinates": [131.61905, -1.40418]
      },
      "properties": {
        "name": "KDMP Sabake",
        "desa": "Sabake",
        "kecamatan": "Botain",
        "kabupaten": "Sorong",
        "provinsi": "Papua Barat Daya",
        "kode_wilayah": "92.01.54.2003"
      }
    },
    {
      "type": "Feature",
      "geometry": {
        "type": "Point",
        "coordinates": [131.81323, -0.95626]
      },
      "properties": {
        "name": "KDMP Klawon",
        "desa": "Klawon",
        "kecamatan": "Sayosa Timur",
        "kabupaten": "Sorong",
        "provinsi": "Papua Barat Daya",
        "kode_wilayah": "92.01.55.2004"
      }
    },
    {
      "type": "Feature",
      "geometry": {
        "type": "Point",
        "coordinates": [132.12993, -1.36211]
      },
      "properties": {
        "name": "KDMP Wehali",
        "desa": "Wehali",
        "kecamatan": "Teminabuan",
        "kabupaten": "Sorong Selatan",
        "provinsi": "Papua Barat Daya",
        "kode_wilayah": "92.04.01.2009"
      }
    },
    {
      "type": "Feature",
      "geometry": {
        "type": "Point",
        "coordinates": [132.01286, -1.43457]
      },
      "properties": {
        "name": "KDMP Tegirolo",
        "desa": "Tegirolo",
        "kecamatan": "Teminabuan",
        "kabupaten": "Sorong Selatan",
        "provinsi": "Papua Barat Daya",
        "kode_wilayah": "92.04.01.2026"
      }
    },
    {
      "type": "Feature",
      "geometry": {
        "type": "Point",
        "coordinates": [132.09678, -1.47873]
      },
      "properties": {
        "name": "KDMP Ani Sesna",
        "desa": "Ani Sesna",
        "kecamatan": "Teminabuan",
        "kabupaten": "Sorong Selatan",
        "provinsi": "Papua Barat Daya",
        "kode_wilayah": "92.04.01.2045"
      }
    },
    {
      "type": "Feature",
      "geometry": {
        "type": "Point",
        "coordinates": [132.1549, -2.08085]
      },
      "properties": {
        "name": "KDMP Sibae",
        "desa": "Sibae",
        "kecamatan": "Inanwatan",
        "kabupaten": "Sorong Selatan",
        "provinsi": "Papua Barat Daya",
        "kode_wilayah": "92.04.04.2013"
      }
    },
    {
      "type": "Feature",
      "geometry": {
        "type": "Point",
        "coordinates": [132.00415, -1.27769]
      },
      "properties": {
        "name": "KDMP Elles",
        "desa": "Elles",
        "kecamatan": "Sawiat",
        "kabupaten": "Sorong Selatan",
        "provinsi": "Papua Barat Daya",
        "kode_wilayah": "92.04.06.2009"
      }
    },
    {
      "type": "Feature",
      "geometry": {
        "type": "Point",
        "coordinates": [132.47301, -2.18342]
      },
      "properties": {
        "name": "KDMP Tarof",
        "desa": "Tarof",
        "kecamatan": "Kokoda",
        "kabupaten": "Sorong Selatan",
        "provinsi": "Papua Barat Daya",
        "kode_wilayah": "92.04.09.2001"
      }
    },
    {
      "type": "Feature",
      "geometry": {
        "type": "Point",
        "coordinates": [132.43565, -2.1506]
      },
      "properties": {
        "name": "KDMP Daubak",
        "desa": "Daubak",
        "kecamatan": "Kokoda",
        "kabupaten": "Sorong Selatan",
        "provinsi": "Papua Barat Daya",
        "kode_wilayah": "92.04.09.2010"
      }
    },
    {
      "type": "Feature",
      "geometry": {
        "type": "Point",
        "coordinates": [132.37015, -2.21342]
      },
      "properties": {
        "name": "KDMP Tapas",
        "desa": "Tapas",
        "kecamatan": "Kokoda",
        "kabupaten": "Sorong Selatan",
        "provinsi": "Papua Barat Daya",
        "kode_wilayah": "92.04.09.2017"
      }
    },
    {
      "type": "Feature",
      "geometry": {
        "type": "Point",
        "coordinates": [140.53548, -2.54355]
      },
      "properties": {
        "name": "KDMP Sentani Kota",
        "desa": "Sentani Kota",
        "kecamatan": "Sentani",
        "kabupaten": "Jayapura",
        "provinsi": "Papua",
        "kode_wilayah": "91.03.01.1001"
      }
    },
    {
      "type": "Feature",
      "geometry": {
        "type": "Point",
        "coordinates": [140.53541, -2.61081]
      },
      "properties": {
        "name": "KDMP Hobong",
        "desa": "Hobong",
        "kecamatan": "Sentani",
        "kabupaten": "Jayapura",
        "provinsi": "Papua",
        "kode_wilayah": "91.03.01.2011"
      }
    },
    {
      "type": "Feature",
      "geometry": {
        "type": "Point",
        "coordinates": [140.57336, -2.59898]
      },
      "properties": {
        "name": "KDMP Asei Besar",
        "desa": "Asei Besar",
        "kecamatan": "Sentani Timur",
        "kabupaten": "Jayapura",
        "provinsi": "Papua",
        "kode_wilayah": "91.03.02.2004"
      }
    },
    {
      "type": "Feature",
      "geometry": {
        "type": "Point",
        "coordinates": [140.34714, -2.47503]
      },
      "properties": {
        "name": "KDMP Entiyebo",
        "desa": "Entiyebo",
        "kecamatan": "Depapre",
        "kabupaten": "Jayapura",
        "provinsi": "Papua",
        "kode_wilayah": "91.03.03.2002"
      }
    },
    {
      "type": "Feature",
      "geometry": {
        "type": "Point",
        "coordinates": [140.41621, -2.46265]
      },
      "properties": {
        "name": "KDMP Doromena",
        "desa": "Doromena",
        "kecamatan": "Depapre",
        "kabupaten": "Jayapura",
        "provinsi": "Papua",
        "kode_wilayah": "91.03.03.2012"
      }
    },
    {
      "type": "Feature",
      "geometry": {
        "type": "Point",
        "coordinates": [140.35172, -2.61451]
      },
      "properties": {
        "name": "KDMP Sama",
        "desa": "Sama",
        "kecamatan": "Kemtuk",
        "kabupaten": "Jayapura",
        "provinsi": "Papua",
        "kode_wilayah": "91.03.05.2001"
      }
    },
    {
      "type": "Feature",
      "geometry": {
        "type": "Point",
        "coordinates": [140.36219, -2.66023]
      },
      "properties": {
        "name": "KDMP Soaib",
        "desa": "Soaib",
        "kecamatan": "Kemtuk",
        "kabupaten": "Jayapura",
        "provinsi": "Papua",
        "kode_wilayah": "91.03.05.2007"
      }
    },
    {
      "type": "Feature",
      "geometry": {
        "type": "Point",
        "coordinates": [140.26972, -2.63235]
      },
      "properties": {
        "name": "KDMP Hatib",
        "desa": "Hatib",
        "kecamatan": "Kemtuk Gresi",
        "kabupaten": "Jayapura",
        "provinsi": "Papua",
        "kode_wilayah": "91.03.06.1015"
      }
    },
    {
      "type": "Feature",
      "geometry": {
        "type": "Point",
        "coordinates": [140.22824, -2.64446]
      },
      "properties": {
        "name": "KDMP Bring",
        "desa": "Bring",
        "kecamatan": "Kemtuk Gresi",
        "kabupaten": "Jayapura",
        "provinsi": "Papua",
        "kode_wilayah": "91.03.06.2006"
      }
    },
    {
      "type": "Feature",
      "geometry": {
        "type": "Point",
        "coordinates": [140.16683, -2.58966]
      },
      "properties": {
        "name": "KDMP Tabri",
        "desa": "Tabri",
        "kecamatan": "Nimboran",
        "kabupaten": "Jayapura",
        "provinsi": "Papua",
        "kode_wilayah": "91.03.07.1021"
      }
    },
    {
      "type": "Feature",
      "geometry": {
        "type": "Point",
        "coordinates": [140.13332, -2.58929]
      },
      "properties": {
        "name": "KDMP Singgriway",
        "desa": "Singgriway",
        "kecamatan": "Nimboran",
        "kabupaten": "Jayapura",
        "provinsi": "Papua",
        "kode_wilayah": "91.03.07.2006"
      }
    },
    {
      "type": "Feature",
      "geometry": {
        "type": "Point",
        "coordinates": [140.19753, -2.5798]
      },
      "properties": {
        "name": "KDMP Pobaim",
        "desa": "Pobaim",
        "kecamatan": "Nimboran",
        "kabupaten": "Jayapura",
        "provinsi": "Papua",
        "kode_wilayah": "91.03.07.2019"
      }
    },
    {
      "type": "Feature",
      "geometry": {
        "type": "Point",
        "coordinates": [140.2368, -2.55593]
      },
      "properties": {
        "name": "KDMP Hamonggrang",
        "desa": "Hamonggrang",
        "kecamatan": "Nimbokrang",
        "kabupaten": "Jayapura",
        "provinsi": "Papua",
        "kode_wilayah": "91.03.08.2005"
      }
    },
    {
      "type": "Feature",
      "geometry": {
        "type": "Point",
        "coordinates": [139.9715, -2.50915]
      },
      "properties": {
        "name": "KDMP Ganusa",
        "desa": "Ganusa",
        "kecamatan": "Unurum Guay",
        "kabupaten": "Jayapura",
        "provinsi": "Papua",
        "kode_wilayah": "91.03.09.2002"
      }
    },
    {
      "type": "Feature",
      "geometry": {
        "type": "Point",
        "coordinates": [140.11858, -2.40015]
      },
      "properties": {
        "name": "KDMP Ambora",
        "desa": "Ambora",
        "kecamatan": "Demta",
        "kabupaten": "Jayapura",
        "provinsi": "Papua",
        "kode_wilayah": "91.03.10.2002"
      }
    },
    {
      "type": "Feature",
      "geometry": {
        "type": "Point",
        "coordinates": [140.17222, -3.18823]
      },
      "properties": {
        "name": "KDMP Lapua",
        "desa": "Lapua",
        "kecamatan": "Kaureh",
        "kabupaten": "Jayapura",
        "provinsi": "Papua",
        "kode_wilayah": "91.03.11.2001"
      }
    },
    {
      "type": "Feature",
      "geometry": {
        "type": "Point",
        "coordinates": [140.53515, -2.67387]
      },
      "properties": {
        "name": "KDMP Atabar",
        "desa": "Atabar",
        "kecamatan": "Ebungfao",
        "kabupaten": "Jayapura",
        "provinsi": "Papua",
        "kode_wilayah": "91.03.12.2002"
      }
    },
    {
      "type": "Feature",
      "geometry": {
        "type": "Point",
        "coordinates": [140.38296, -2.58422]
      },
      "properties": {
        "name": "KDMP Yakonde",
        "desa": "Yakonde",
        "kecamatan": "Waibu",
        "kabupaten": "Jayapura",
        "provinsi": "Papua",
        "kode_wilayah": "91.03.13.2004"
      }
    },
    {
      "type": "Feature",
      "geometry": {
        "type": "Point",
        "coordinates": [140.19136, -2.60753]
      },
      "properties": {
        "name": "KDMP Sarmai Bawah",
        "desa": "Sarmai Bawah",
        "kecamatan": "Nambluong",
        "kabupaten": "Jayapura",
        "provinsi": "Papua",
        "kode_wilayah": "91.03.14.2002"
      }
    },
    {
      "type": "Feature",
      "geometry": {
        "type": "Point",
        "coordinates": [140.20945, -2.60072]
      },
      "properties": {
        "name": "KDMP Hanggaiy Hamong",
        "desa": "Hanggaiy Hamong",
        "kecamatan": "Nambluong",
        "kabupaten": "Jayapura",
        "provinsi": "Papua",
        "kode_wilayah": "91.03.14.2009"
      }
    },
    {
      "type": "Feature",
      "geometry": {
        "type": "Point",
        "coordinates": [140.12163, -2.94187]
      },
      "properties": {
        "name": "KDMP Nawa Mulya",
        "desa": "Nawa Mulya",
        "kecamatan": "Yapsi",
        "kabupaten": "Jayapura",
        "provinsi": "Papua",
        "kode_wilayah": "91.03.15.2005"
      }
    },
    {
      "type": "Feature",
      "geometry": {
        "type": "Point",
        "coordinates": [140.00838, -3.55674]
      },
      "properties": {
        "name": "KDMP Pagai",
        "desa": "Pagai",
        "kecamatan": "Airu",
        "kabupaten": "Jayapura",
        "provinsi": "Papua",
        "kode_wilayah": "91.03.16.2002"
      }
    },
    {
      "type": "Feature",
      "geometry": {
        "type": "Point",
        "coordinates": [140.50319, -2.47017]
      },
      "properties": {
        "name": "KDMP Yongsu Dosoyo",
        "desa": "Yongsu Dosoyo",
        "kecamatan": "Raveni Rara",
        "kabupaten": "Jayapura",
        "provinsi": "Papua",
        "kode_wilayah": "91.03.17.2002"
      }
    },
    {
      "type": "Feature",
      "geometry": {
        "type": "Point",
        "coordinates": [140.20474, -2.64717]
      },
      "properties": {
        "name": "KDMP Desa Adat Iwon",
        "desa": "Desa Adat Iwon",
        "kecamatan": "Gresi Selatan",
        "kabupaten": "Jayapura",
        "provinsi": "Papua",
        "kode_wilayah": "91.03.18.3002"
      }
    },
    {
      "type": "Feature",
      "geometry": {
        "type": "Point",
        "coordinates": [136.23694, -1.88432]
      },
      "properties": {
        "name": "KDMP Tarau",
        "desa": "Tarau",
        "kecamatan": "Yapen Selatan",
        "kabupaten": "Kepulauan Yapen",
        "provinsi": "Papua",
        "kode_wilayah": "91.05.01.1004"
      }
    },
    {
      "type": "Feature",
      "geometry": {
        "type": "Point",
        "coordinates": [136.23314, -1.88895]
      },
      "properties": {
        "name": "KDMP Pasir Hitam",
        "desa": "Pasir Hitam",
        "kecamatan": "Yapen Selatan",
        "kabupaten": "Kepulauan Yapen",
        "provinsi": "Papua",
        "kode_wilayah": "91.05.01.2019"
      }
    },
    {
      "type": "Feature",
      "geometry": {
        "type": "Point",
        "coordinates": [136.2413, -1.83068]
      },
      "properties": {
        "name": "KDMP Nundawipi",
        "desa": "Nundawipi",
        "kecamatan": "Yapen Selatan",
        "kabupaten": "Kepulauan Yapen",
        "provinsi": "Papua",
        "kode_wilayah": "91.05.01.2028"
      }
    },
    {
      "type": "Feature",
      "geometry": {
        "type": "Point",
        "coordinates": [135.77264, -1.70128]
      },
      "properties": {
        "name": "KDMP Warabori",
        "desa": "Warabori",
        "kecamatan": "Yapen Barat",
        "kabupaten": "Kepulauan Yapen",
        "provinsi": "Papua",
        "kode_wilayah": "91.05.02.2010"
      }
    },
    {
      "type": "Feature",
      "geometry": {
        "type": "Point",
        "coordinates": [135.73262, -1.69838]
      },
      "properties": {
        "name": "KDMP Yenusi Marau",
        "desa": "Yenusi Marau",
        "kecamatan": "Yapen Barat",
        "kabupaten": "Kepulauan Yapen",
        "provinsi": "Papua",
        "kode_wilayah": "91.05.02.2018"
      }
    },
    {
      "type": "Feature",
      "geometry": {
        "type": "Point",
        "coordinates": [136.61726, -1.81034]
      },
      "properties": {
        "name": "KDMP Korombobi",
        "desa": "Korombobi",
        "kecamatan": "Yapen Timur",
        "kabupaten": "Kepulauan Yapen",
        "provinsi": "Papua",
        "kode_wilayah": "91.05.03.2004"
      }
    },
    {
      "type": "Feature",
      "geometry": {
        "type": "Point",
        "coordinates": [136.74964, -1.80994]
      },
      "properties": {
        "name": "KDMP Awunawai",
        "desa": "Awunawai",
        "kecamatan": "Yapen Timur",
        "kabupaten": "Kepulauan Yapen",
        "provinsi": "Papua",
        "kode_wilayah": "91.05.03.2024"
      }
    },
    {
      "type": "Feature",
      "geometry": {
        "type": "Point",
        "coordinates": [136.39531, -1.85719]
      },
      "properties": {
        "name": "KDMP Wadapi",
        "desa": "Wadapi",
        "kecamatan": "Angkaisera",
        "kabupaten": "Kepulauan Yapen",
        "provinsi": "Papua",
        "kode_wilayah": "91.05.04.2004"
      }
    },
    {
      "type": "Feature",
      "geometry": {
        "type": "Point",
        "coordinates": [136.33184, -1.84622]
      },
      "properties": {
        "name": "KDMP Kainui II",
        "desa": "Kainui II",
        "kecamatan": "Angkaisera",
        "kabupaten": "Kepulauan Yapen",
        "provinsi": "Papua",
        "kode_wilayah": "91.05.04.2021"
      }
    },
    {
      "type": "Feature",
      "geometry": {
        "type": "Point",
        "coordinates": [135.58952, -1.62325]
      },
      "properties": {
        "name": "KDMP Poom II",
        "desa": "Poom II",
        "kecamatan": "Poom",
        "kabupaten": "Kepulauan Yapen",
        "provinsi": "Papua",
        "kode_wilayah": "91.05.05.2006"
      }
    },
    {
      "type": "Feature",
      "geometry": {
        "type": "Point",
        "coordinates": [136.04314, -1.75891]
      },
      "properties": {
        "name": "KDMP Kamanap",
        "desa": "Kamanap",
        "kecamatan": "Kosiwo",
        "kabupaten": "Kepulauan Yapen",
        "provinsi": "Papua",
        "kode_wilayah": "91.05.06.2001"
      }
    },
    {
      "type": "Feature",
      "geometry": {
        "type": "Point",
        "coordinates": [136.21378, -1.86171]
      },
      "properties": {
        "name": "KDMP Sarawandori",
        "desa": "Sarawandori",
        "kecamatan": "Kosiwo",
        "kabupaten": "Kepulauan Yapen",
        "provinsi": "Papua",
        "kode_wilayah": "91.05.06.2007"
      }
    },
    {
      "type": "Feature",
      "geometry": {
        "type": "Point",
        "coordinates": [136.19912, -1.82801]
      },
      "properties": {
        "name": "KDMP Sarawandori Dua",
        "desa": "Sarawandori Dua",
        "kecamatan": "Kosiwo",
        "kabupaten": "Kepulauan Yapen",
        "provinsi": "Papua",
        "kode_wilayah": "91.05.06.2013"
      }
    },
    {
      "type": "Feature",
      "geometry": {
        "type": "Point",
        "coordinates": [136.26905, -1.71887]
      },
      "properties": {
        "name": "KDMP Kiriyou",
        "desa": "Kiriyou",
        "kecamatan": "Yapen Utara",
        "kabupaten": "Kepulauan Yapen",
        "provinsi": "Papua",
        "kode_wilayah": "91.05.07.2006"
      }
    },
    {
      "type": "Feature",
      "geometry": {
        "type": "Point",
        "coordinates": [136.81148, -1.77665]
      },
      "properties": {
        "name": "KDMP Woda",
        "desa": "Woda",
        "kecamatan": "Raimbawi",
        "kabupaten": "Kepulauan Yapen",
        "provinsi": "Papua",
        "kode_wilayah": "91.05.08.2009"
      }
    },
    {
      "type": "Feature",
      "geometry": {
        "type": "Point",
        "coordinates": [136.53178, -1.81889]
      },
      "properties": {
        "name": "KDMP Warironi",
        "desa": "Warironi",
        "kecamatan": "Teluk Ampimoi",
        "kabupaten": "Kepulauan Yapen",
        "provinsi": "Papua",
        "kode_wilayah": "91.05.09.2002"
      }
    },
    {
      "type": "Feature",
      "geometry": {
        "type": "Point",
        "coordinates": [136.56254, -1.81046]
      },
      "properties": {
        "name": "KDMP Tarei",
        "desa": "Tarei",
        "kecamatan": "Teluk Ampimoi",
        "kabupaten": "Kepulauan Yapen",
        "provinsi": "Papua",
        "kode_wilayah": "91.05.09.2008"
      }
    },
    {
      "type": "Feature",
      "geometry": {
        "type": "Point",
        "coordinates": [136.35372, -1.9196]
      },
      "properties": {
        "name": "KDMP Wamori",
        "desa": "Wamori",
        "kecamatan": "Kepulauan Ambai",
        "kabupaten": "Kepulauan Yapen",
        "provinsi": "Papua",
        "kode_wilayah": "91.05.10.2005"
      }
    },
    {
      "type": "Feature",
      "geometry": {
        "type": "Point",
        "coordinates": [136.34777, -1.91444]
      },
      "properties": {
        "name": "KDMP Imboriawa",
        "desa": "Imboriawa",
        "kecamatan": "Kepulauan Ambai",
        "kabupaten": "Kepulauan Yapen",
        "provinsi": "Papua",
        "kode_wilayah": "91.05.10.2014"
      }
    },
    {
      "type": "Feature",
      "geometry": {
        "type": "Point",
        "coordinates": [135.45354, -1.62459]
      },
      "properties": {
        "name": "KDMP Woinap",
        "desa": "Woinap",
        "kecamatan": "Wonawa",
        "kabupaten": "Kepulauan Yapen",
        "provinsi": "Papua",
        "kode_wilayah": "91.05.11.2002"
      }
    },
    {
      "type": "Feature",
      "geometry": {
        "type": "Point",
        "coordinates": [135.5003, -1.66705]
      },
      "properties": {
        "name": "KDMP Rembai",
        "desa": "Rembai",
        "kecamatan": "Wonawa",
        "kabupaten": "Kepulauan Yapen",
        "provinsi": "Papua",
        "kode_wilayah": "91.05.11.2009"
      }
    },
    {
      "type": "Feature",
      "geometry": {
        "type": "Point",
        "coordinates": [136.02091, -1.68366]
      },
      "properties": {
        "name": "KDMP Karawi",
        "desa": "Karawi",
        "kecamatan": "Windesi",
        "kabupaten": "Kepulauan Yapen",
        "provinsi": "Papua",
        "kode_wilayah": "91.05.12.2004"
      }
    },
    {
      "type": "Feature",
      "geometry": {
        "type": "Point",
        "coordinates": [136.98843, -1.84021]
      },
      "properties": {
        "name": "KDMP Kaipuri",
        "desa": "Kaipuri",
        "kecamatan": "Pulau Kurudu",
        "kabupaten": "Kepulauan Yapen",
        "provinsi": "Papua",
        "kode_wilayah": "91.05.13.2001"
      }
    },
    {
      "type": "Feature",
      "geometry": {
        "type": "Point",
        "coordinates": [137.0288, -1.85207]
      },
      "properties": {
        "name": "KDMP Mnukwar",
        "desa": "Mnukwar",
        "kecamatan": "Pulau Kurudu",
        "kabupaten": "Kepulauan Yapen",
        "provinsi": "Papua",
        "kode_wilayah": "91.05.13.2007"
      }
    },
    {
      "type": "Feature",
      "geometry": {
        "type": "Point",
        "coordinates": [135.20035, -1.49735]
      },
      "properties": {
        "name": "KDMP Yeituarau",
        "desa": "Yeituarau",
        "kecamatan": "Pulau Yerui",
        "kabupaten": "Kepulauan Yapen",
        "provinsi": "Papua",
        "kode_wilayah": "91.05.14.2005"
      }
    },
    {
      "type": "Feature",
      "geometry": {
        "type": "Point",
        "coordinates": [136.23993, -1.86264]
      },
      "properties": {
        "name": "KDMP Famboaman",
        "desa": "Famboaman",
        "kecamatan": "Anotaurei",
        "kabupaten": "Kepulauan Yapen",
        "provinsi": "Papua",
        "kode_wilayah": "91.05.15.2005"
      }
    },
    {
      "type": "Feature",
      "geometry": {
        "type": "Point",
        "coordinates": [135.48748, -3.38872]
      },
      "properties": {
        "name": "KDMP Wonorejo",
        "desa": "Wonorejo",
        "kecamatan": "Nabire",
        "kabupaten": "Nabire",
        "provinsi": "Papua Tengah",
        "kode_wilayah": "94.01.01.1001"
      }
    },
    {
      "type": "Feature",
      "geometry": {
        "type": "Point",
        "coordinates": [135.50868, -3.36819]
      },
      "properties": {
        "name": "KDMP Karang Mulia",
        "desa": "Karang Mulia",
        "kecamatan": "Nabire",
        "kabupaten": "Nabire",
        "provinsi": "Papua Tengah",
        "kode_wilayah": "94.01.01.1007"
      }
    },
    {
      "type": "Feature",
      "geometry": {
        "type": "Point",
        "coordinates": [136.03398, -3.11697]
      },
      "properties": {
        "name": "KDMP Napan",
        "desa": "Napan",
        "kecamatan": "Napan",
        "kabupaten": "Nabire",
        "provinsi": "Papua Tengah",
        "kode_wilayah": "94.01.02.2001"
      }
    },
    {
      "type": "Feature",
      "geometry": {
        "type": "Point",
        "coordinates": [135.20396, -3.3832]
      },
      "properties": {
        "name": "KDMP Wami",
        "desa": "Wami",
        "kecamatan": "Yaur",
        "kabupaten": "Nabire",
        "provinsi": "Papua Tengah",
        "kode_wilayah": "94.01.03.2004"
      }
    },
    {
      "type": "Feature",
      "geometry": {
        "type": "Point",
        "coordinates": [135.52101, -3.56495]
      },
      "properties": {
        "name": "KDMP Gamei Jaya",
        "desa": "Gamei Jaya",
        "kecamatan": "Uwapa",
        "kabupaten": "Nabire",
        "provinsi": "Papua Tengah",
        "kode_wilayah": "94.01.04.2006"
      }
    },
    {
      "type": "Feature",
      "geometry": {
        "type": "Point",
        "coordinates": [136.09565, -3.406]
      },
      "properties": {
        "name": "KDMP Epomani",
        "desa": "Epomani",
        "kecamatan": "Siriwo",
        "kabupaten": "Nabire",
        "provinsi": "Papua Tengah",
        "kode_wilayah": "94.01.06.2003"
      }
    },
    {
      "type": "Feature",
      "geometry": {
        "type": "Point",
        "coordinates": [135.71026, -3.22677]
      },
      "properties": {
        "name": "KDMP Biha",
        "desa": "Biha",
        "kecamatan": "Makimi",
        "kabupaten": "Nabire",
        "provinsi": "Papua Tengah",
        "kode_wilayah": "94.01.07.2003"
      }
    },
    {
      "type": "Feature",
      "geometry": {
        "type": "Point",
        "coordinates": [134.70564, -3.09171]
      },
      "properties": {
        "name": "KDMP Bawei",
        "desa": "Bawei",
        "kecamatan": "Teluk Umar",
        "kabupaten": "Nabire",
        "provinsi": "Papua Tengah",
        "kode_wilayah": "94.01.08.2003"
      }
    },
    {
      "type": "Feature",
      "geometry": {
        "type": "Point",
        "coordinates": [135.61857, -3.28398]
      },
      "properties": {
        "name": "KDMP Air Mandidi",
        "desa": "Air Mandidi",
        "kecamatan": "Teluk Kimi",
        "kabupaten": "Nabire",
        "provinsi": "Papua Tengah",
        "kode_wilayah": "94.01.09.2005"
      }
    },
    {
      "type": "Feature",
      "geometry": {
        "type": "Point",
        "coordinates": [135.34494, -3.62993]
      },
      "properties": {
        "name": "KDMP Ororodo",
        "desa": "Ororodo",
        "kecamatan": "Yaro",
        "kabupaten": "Nabire",
        "provinsi": "Papua Tengah",
        "kode_wilayah": "94.01.10.2006"
      }
    },
    {
      "type": "Feature",
      "geometry": {
        "type": "Point",
        "coordinates": [136.07814, -2.92354]
      },
      "properties": {
        "name": "KDMP Taumi",
        "desa": "Taumi",
        "kecamatan": "Wapoga",
        "kabupaten": "Nabire",
        "provinsi": "Papua Tengah",
        "kode_wilayah": "94.01.11.2004"
      }
    },
    {
      "type": "Feature",
      "geometry": {
        "type": "Point",
        "coordinates": [135.46896, -3.43249]
      },
      "properties": {
        "name": "KDMP Wadio",
        "desa": "Wadio",
        "kecamatan": "Nabire Barat",
        "kabupaten": "Nabire",
        "provinsi": "Papua Tengah",
        "kode_wilayah": "94.01.12.2005"
      }
    },
    {
      "type": "Feature",
      "geometry": {
        "type": "Point",
        "coordinates": [135.53714, -3.65941]
      },
      "properties": {
        "name": "KDMP Epouwa",
        "desa": "Epouwa",
        "kecamatan": "Dipa",
        "kabupaten": "Nabire",
        "provinsi": "Papua Tengah",
        "kode_wilayah": "94.01.14.2001"
      }
    },
    {
      "type": "Feature",
      "geometry": {
        "type": "Point",
        "coordinates": [135.53032, -3.74805]
      },
      "properties": {
        "name": "KDMP Ogiyai",
        "desa": "Ogiyai",
        "kecamatan": "Menou",
        "kabupaten": "Nabire",
        "provinsi": "Papua Tengah",
        "kode_wilayah": "94.01.15.2002"
      }
    },
    {
      "type": "Feature",
      "geometry": {
        "type": "Point",
        "coordinates": [137.9664, -3.70911]
      },
      "properties": {
        "name": "KDMP Wuyukwi",
        "desa": "Wuyukwi",
        "kecamatan": "Mulia",
        "kabupaten": "Puncak Jaya",
        "provinsi": "Papua Tengah",
        "kode_wilayah": "94.02.01.2002"
      }
    },
    {
      "type": "Feature",
      "geometry": {
        "type": "Point",
        "coordinates": [137.96094, -3.71243]
      },
      "properties": {
        "name": "KDMP Birak Ambut",
        "desa": "Birak Ambut",
        "kecamatan": "Mulia",
        "kabupaten": "Puncak Jaya",
        "provinsi": "Papua Tengah",
        "kode_wilayah": "94.02.01.2008"
      }
    },
    {
      "type": "Feature",
      "geometry": {
        "type": "Point",
        "coordinates": [138.19644, -3.69615]
      },
      "properties": {
        "name": "KDMP Dolinggame",
        "desa": "Dolinggame",
        "kecamatan": "Ilu",
        "kabupaten": "Puncak Jaya",
        "provinsi": "Papua Tengah",
        "kode_wilayah": "94.02.02.2004"
      }
    },
    {
      "type": "Feature",
      "geometry": {
        "type": "Point",
        "coordinates": [138.20476, -3.70065]
      },
      "properties": {
        "name": "KDMP Mobigi",
        "desa": "Mobigi",
        "kecamatan": "Ilu",
        "kabupaten": "Puncak Jaya",
        "provinsi": "Papua Tengah",
        "kode_wilayah": "94.02.02.2010"
      }
    },
    {
      "type": "Feature",
      "geometry": {
        "type": "Point",
        "coordinates": [138.20548, -3.69647]
      },
      "properties": {
        "name": "KDMP Kaninonggo",
        "desa": "Kaninonggo",
        "kecamatan": "Ilu",
        "kabupaten": "Puncak Jaya",
        "provinsi": "Papua Tengah",
        "kode_wilayah": "94.02.02.2016"
      }
    },
    {
      "type": "Feature",
      "geometry": {
        "type": "Point",
        "coordinates": [137.63437, -3.24077]
      },
      "properties": {
        "name": "KDMP Bakusi",
        "desa": "Bakusi",
        "kecamatan": "Fawi",
        "kabupaten": "Puncak Jaya",
        "provinsi": "Papua Tengah",
        "kode_wilayah": "94.02.03.2002"
      }
    },
    {
      "type": "Feature",
      "geometry": {
        "type": "Point",
        "coordinates": [137.57498, -3.2156]
      },
      "properties": {
        "name": "KDMP Evo",
        "desa": "Evo",
        "kecamatan": "Fawi",
        "kabupaten": "Puncak Jaya",
        "provinsi": "Papua Tengah",
        "kode_wilayah": "94.02.03.2008"
      }
    },
    {
      "type": "Feature",
      "geometry": {
        "type": "Point",
        "coordinates": [137.86394, -3.70463]
      },
      "properties": {
        "name": "KDMP Waliba",
        "desa": "Waliba",
        "kecamatan": "Mewoluk",
        "kabupaten": "Puncak Jaya",
        "provinsi": "Papua Tengah",
        "kode_wilayah": "94.02.04.2005"
      }
    },
    {
      "type": "Feature",
      "geometry": {
        "type": "Point",
        "coordinates": [137.83059, -3.51629]
      },
      "properties": {
        "name": "KDMP Wundu",
        "desa": "Wundu",
        "kecamatan": "Yamo",
        "kabupaten": "Puncak Jaya",
        "provinsi": "Papua Tengah",
        "kode_wilayah": "94.02.05.2003"
      }
    },
    {
      "type": "Feature",
      "geometry": {
        "type": "Point",
        "coordinates": [137.963, -3.65755]
      },
      "properties": {
        "name": "KDMP Muara",
        "desa": "Muara",
        "kecamatan": "Yamo",
        "kabupaten": "Puncak Jaya",
        "provinsi": "Papua Tengah",
        "kode_wilayah": "94.02.05.2009"
      }
    },
    {
      "type": "Feature",
      "geometry": {
        "type": "Point",
        "coordinates": [138.30116, -3.70602]
      },
      "properties": {
        "name": "KDMP Mepar",
        "desa": "Mepar",
        "kecamatan": "Nume",
        "kabupaten": "Puncak Jaya",
        "provinsi": "Papua Tengah",
        "kode_wilayah": "94.02.06.2001"
      }
    },
    {
      "type": "Feature",
      "geometry": {
        "type": "Point",
        "coordinates": [138.28343, -3.73374]
      },
      "properties": {
        "name": "KDMP Oum",
        "desa": "Oum",
        "kecamatan": "Nume",
        "kabupaten": "Puncak Jaya",
        "provinsi": "Papua Tengah",
        "kode_wilayah": "94.02.06.2007"
      }
    },
    {
      "type": "Feature",
      "geometry": {
        "type": "Point",
        "coordinates": [138.32885, -3.75262]
      },
      "properties": {
        "name": "KDMP Akwibaga",
        "desa": "Akwibaga",
        "kecamatan": "Nume",
        "kabupaten": "Puncak Jaya",
        "provinsi": "Papua Tengah",
        "kode_wilayah": "94.02.06.2013"
      }
    },
    {
      "type": "Feature",
      "geometry": {
        "type": "Point",
        "coordinates": [138.21639, -3.51591]
      },
      "properties": {
        "name": "KDMP Digi",
        "desa": "Digi",
        "kecamatan": "Torere",
        "kabupaten": "Puncak Jaya",
        "provinsi": "Papua Tengah",
        "kode_wilayah": "94.02.07.2006"
      }
    },
    {
      "type": "Feature",
      "geometry": {
        "type": "Point",
        "coordinates": [138.0588, -3.232]
      },
      "properties": {
        "name": "KDMP Sigou",
        "desa": "Sigou",
        "kecamatan": "Torere",
        "kabupaten": "Puncak Jaya",
        "provinsi": "Papua Tengah",
        "kode_wilayah": "94.02.07.2012"
      }
    },
    {
      "type": "Feature",
      "geometry": {
        "type": "Point",
        "coordinates": [138.07936, -3.72336]
      },
      "properties": {
        "name": "KDMP Gigume",
        "desa": "Gigume",
        "kecamatan": "Tingginambut",
        "kabupaten": "Puncak Jaya",
        "provinsi": "Papua Tengah",
        "kode_wilayah": "94.02.08.2005"
      }
    },
    {
      "type": "Feature",
      "geometry": {
        "type": "Point",
        "coordinates": [138.08483, -3.71191]
      },
      "properties": {
        "name": "KDMP Yamengga",
        "desa": "Yamengga",
        "kecamatan": "Tingginambut",
        "kabupaten": "Puncak Jaya",
        "provinsi": "Papua Tengah",
        "kode_wilayah": "94.02.08.2011"
      }
    },
    {
      "type": "Feature",
      "geometry": {
        "type": "Point",
        "coordinates": [138.0741, -3.73651]
      },
      "properties": {
        "name": "KDMP Lumbuk",
        "desa": "Lumbuk",
        "kecamatan": "Tingginambut",
        "kabupaten": "Puncak Jaya",
        "provinsi": "Papua Tengah",
        "kode_wilayah": "94.02.08.2017"
      }
    },
    {
      "type": "Feature",
      "geometry": {
        "type": "Point",
        "coordinates": [137.98642, -3.73679]
      },
      "properties": {
        "name": "KDMP Pagaleme",
        "desa": "Pagaleme",
        "kecamatan": "Pagaleme",
        "kabupaten": "Puncak Jaya",
        "provinsi": "Papua Tengah",
        "kode_wilayah": "94.02.09.2001"
      }
    },
    {
      "type": "Feature",
      "geometry": {
        "type": "Point",
        "coordinates": [138.03938, -3.74697]
      },
      "properties": {
        "name": "KDMP Pilia",
        "desa": "Pilia",
        "kecamatan": "Gurage",
        "kabupaten": "Puncak Jaya",
        "provinsi": "Papua Tengah",
        "kode_wilayah": "94.02.10.2002"
      }
    },
    {
      "type": "Feature",
      "geometry": {
        "type": "Point",
        "coordinates": [138.05932, -3.71376]
      },
      "properties": {
        "name": "KDMP Nalime",
        "desa": "Nalime",
        "kecamatan": "Gurage",
        "kabupaten": "Puncak Jaya",
        "provinsi": "Papua Tengah",
        "kode_wilayah": "94.02.10.2008"
      }
    },
    {
      "type": "Feature",
      "geometry": {
        "type": "Point",
        "coordinates": [138.02005, -3.71919]
      },
      "properties": {
        "name": "KDMP Puncak Senyum",
        "desa": "Puncak Senyum",
        "kecamatan": "Irimuli",
        "kabupaten": "Puncak Jaya",
        "provinsi": "Papua Tengah",
        "kode_wilayah": "94.02.11.2003"
      }
    },
    {
      "type": "Feature",
      "geometry": {
        "type": "Point",
        "coordinates": [138.01736, -3.75495]
      },
      "properties": {
        "name": "KDMP Yalikambi",
        "desa": "Yalikambi",
        "kecamatan": "Irimuli",
        "kabupaten": "Puncak Jaya",
        "provinsi": "Papua Tengah",
        "kode_wilayah": "94.02.11.2009"
      }
    },
    {
      "type": "Feature",
      "geometry": {
        "type": "Point",
        "coordinates": [137.95238, -3.70062]
      },
      "properties": {
        "name": "KDMP Karubate",
        "desa": "Karubate",
        "kecamatan": "Muara",
        "kabupaten": "Puncak Jaya",
        "provinsi": "Papua Tengah",
        "kode_wilayah": "94.02.12.2006"
      }
    },
    {
      "type": "Feature",
      "geometry": {
        "type": "Point",
        "coordinates": [137.88903, -3.63268]
      },
      "properties": {
        "name": "KDMP Temu",
        "desa": "Temu",
        "kecamatan": "Ilamburawi",
        "kabupaten": "Puncak Jaya",
        "provinsi": "Papua Tengah",
        "kode_wilayah": "94.02.13.2004"
      }
    },
    {
      "type": "Feature",
      "geometry": {
        "type": "Point",
        "coordinates": [137.92353, -3.81047]
      },
      "properties": {
        "name": "KDMP Dangenpaga",
        "desa": "Dangenpaga",
        "kecamatan": "Yambi",
        "kabupaten": "Puncak Jaya",
        "provinsi": "Papua Tengah",
        "kode_wilayah": "94.02.14.2006"
      }
    },
    {
      "type": "Feature",
      "geometry": {
        "type": "Point",
        "coordinates": [137.85305, -3.65448]
      },
      "properties": {
        "name": "KDMP Gilibe",
        "desa": "Gilibe",
        "kecamatan": "Lumo",
        "kabupaten": "Puncak Jaya",
        "provinsi": "Papua Tengah",
        "kode_wilayah": "94.02.15.2003"
      }
    },
    {
      "type": "Feature",
      "geometry": {
        "type": "Point",
        "coordinates": [137.8272, -3.67412]
      },
      "properties": {
        "name": "KDMP Wuramburu",
        "desa": "Wuramburu",
        "kecamatan": "Lumo",
        "kabupaten": "Puncak Jaya",
        "provinsi": "Papua Tengah",
        "kode_wilayah": "94.02.15.2009"
      }
    },
    {
      "type": "Feature",
      "geometry": {
        "type": "Point",
        "coordinates": [137.97434, -3.68255]
      },
      "properties": {
        "name": "KDMP Dokome",
        "desa": "Dokome",
        "kecamatan": "Dokome",
        "kabupaten": "Puncak Jaya",
        "provinsi": "Papua Tengah",
        "kode_wilayah": "94.02.17.2001"
      }
    },
    {
      "type": "Feature",
      "geometry": {
        "type": "Point",
        "coordinates": [137.96588, -3.66842]
      },
      "properties": {
        "name": "KDMP Molobak",
        "desa": "Molobak",
        "kecamatan": "Dokome",
        "kabupaten": "Puncak Jaya",
        "provinsi": "Papua Tengah",
        "kode_wilayah": "94.02.17.2007"
      }
    },
    {
      "type": "Feature",
      "geometry": {
        "type": "Point",
        "coordinates": [138.16986, -3.77583]
      },
      "properties": {
        "name": "KDMP Longgawi",
        "desa": "Longgawi",
        "kecamatan": "Kalome",
        "kabupaten": "Puncak Jaya",
        "provinsi": "Papua Tengah",
        "kode_wilayah": "94.02.18.2004"
      }
    },
    {
      "type": "Feature",
      "geometry": {
        "type": "Point",
        "coordinates": [138.13371, -3.70755]
      },
      "properties": {
        "name": "KDMP Wurabume",
        "desa": "Wurabume",
        "kecamatan": "Kalome",
        "kabupaten": "Puncak Jaya",
        "provinsi": "Papua Tengah",
        "kode_wilayah": "94.02.18.2010"
      }
    },
    {
      "type": "Feature",
      "geometry": {
        "type": "Point",
        "coordinates": [138.14145, -3.77292]
      },
      "properties": {
        "name": "KDMP Pilibur",
        "desa": "Pilibur",
        "kecamatan": "Kalome",
        "kabupaten": "Puncak Jaya",
        "provinsi": "Papua Tengah",
        "kode_wilayah": "94.02.18.2016"
      }
    },
    {
      "type": "Feature",
      "geometry": {
        "type": "Point",
        "coordinates": [138.13529, -3.683]
      },
      "properties": {
        "name": "KDMP Kiburu",
        "desa": "Kiburu",
        "kecamatan": "Wanwi",
        "kabupaten": "Puncak Jaya",
        "provinsi": "Papua Tengah",
        "kode_wilayah": "94.02.19.2006"
      }
    },
    {
      "type": "Feature",
      "geometry": {
        "type": "Point",
        "coordinates": [138.07901, -3.69728]
      },
      "properties": {
        "name": "KDMP Anggagalo",
        "desa": "Anggagalo",
        "kecamatan": "Wanwi",
        "kabupaten": "Puncak Jaya",
        "provinsi": "Papua Tengah",
        "kode_wilayah": "94.02.19.2012"
      }
    },
    {
      "type": "Feature",
      "geometry": {
        "type": "Point",
        "coordinates": [138.17495, -3.73176]
      },
      "properties": {
        "name": "KDMP Kobarak",
        "desa": "Kobarak",
        "kecamatan": "Yamoneri",
        "kabupaten": "Puncak Jaya",
        "provinsi": "Papua Tengah",
        "kode_wilayah": "94.02.20.2002"
      }
    },
    {
      "type": "Feature",
      "geometry": {
        "type": "Point",
        "coordinates": [138.94593, -4.10394]
      },
      "properties": {
        "name": "KDMP Wamena Kota",
        "desa": "Wamena Kota",
        "kecamatan": "Wamena",
        "kabupaten": "Jayawijaya",
        "provinsi": "Papua Pegunungan",
        "kode_wilayah": "95.01.01.1001"
      }
    },
    {
      "type": "Feature",
      "geometry": {
        "type": "Point",
        "coordinates": [138.92622, -4.10315]
      },
      "properties": {
        "name": "KDMP Autakma",
        "desa": "Autakma",
        "kecamatan": "Wamena",
        "kabupaten": "Jayawijaya",
        "provinsi": "Papua Pegunungan",
        "kode_wilayah": "95.01.01.2005"
      }
    },
    {
      "type": "Feature",
      "geometry": {
        "type": "Point",
        "coordinates": [138.90092, -3.96007]
      },
      "properties": {
        "name": "KDMP Mulima",
        "desa": "Mulima",
        "kecamatan": "Kurulu",
        "kabupaten": "Jayawijaya",
        "provinsi": "Papua Pegunungan",
        "kode_wilayah": "95.01.02.2002"
      }
    },
    {
      "type": "Feature",
      "geometry": {
        "type": "Point",
        "coordinates": [138.94574, -3.94997]
      },
      "properties": {
        "name": "KDMP Iyantik",
        "desa": "Iyantik",
        "kecamatan": "Kurulu",
        "kabupaten": "Jayawijaya",
        "provinsi": "Papua Pegunungan",
        "kode_wilayah": "95.01.02.2008"
      }
    },
    {
      "type": "Feature",
      "geometry": {
        "type": "Point",
        "coordinates": [138.78966, -3.95695]
      },
      "properties": {
        "name": "KDMP Walak",
        "desa": "Walak",
        "kecamatan": "Asologaima",
        "kabupaten": "Jayawijaya",
        "provinsi": "Papua Pegunungan",
        "kode_wilayah": "95.01.03.2002"
      }
    },
    {
      "type": "Feature",
      "geometry": {
        "type": "Point",
        "coordinates": [138.75012, -3.97785]
      },
      "properties": {
        "name": "KDMP Tikawo",
        "desa": "Tikawo",
        "kecamatan": "Asologaima",
        "kabupaten": "Jayawijaya",
        "provinsi": "Papua Pegunungan",
        "kode_wilayah": "95.01.03.2008"
      }
    },
    {
      "type": "Feature",
      "geometry": {
        "type": "Point",
        "coordinates": [138.85964, -4.03452]
      },
      "properties": {
        "name": "KDMP Meagama",
        "desa": "Meagama",
        "kecamatan": "Hubikosi",
        "kabupaten": "Jayawijaya",
        "provinsi": "Papua Pegunungan",
        "kode_wilayah": "95.01.04.2004"
      }
    },
    {
      "type": "Feature",
      "geometry": {
        "type": "Point",
        "coordinates": [138.89407, -4.07316]
      },
      "properties": {
        "name": "KDMP Ikilumo",
        "desa": "Ikilumo",
        "kecamatan": "Hubikosi",
        "kabupaten": "Jayawijaya",
        "provinsi": "Papua Pegunungan",
        "kode_wilayah": "95.01.04.2010"
      }
    },
    {
      "type": "Feature",
      "geometry": {
        "type": "Point",
        "coordinates": [138.78843, -3.8519]
      },
      "properties": {
        "name": "KDMP Lani Timur",
        "desa": "Lani Timur",
        "kecamatan": "Bolakme",
        "kabupaten": "Jayawijaya",
        "provinsi": "Papua Pegunungan",
        "kode_wilayah": "95.01.05.2005"
      }
    },
    {
      "type": "Feature",
      "geometry": {
        "type": "Point",
        "coordinates": [138.78114, -3.82636]
      },
      "properties": {
        "name": "KDMP Tekani",
        "desa": "Tekani",
        "kecamatan": "Bolakme",
        "kabupaten": "Jayawijaya",
        "provinsi": "Papua Pegunungan",
        "kode_wilayah": "95.01.05.2011"
      }
    },
    {
      "type": "Feature",
      "geometry": {
        "type": "Point",
        "coordinates": [139.01922, -4.10158]
      },
      "properties": {
        "name": "KDMP Kulaken",
        "desa": "Kulaken",
        "kecamatan": "Walelagama",
        "kabupaten": "Jayawijaya",
        "provinsi": "Papua Pegunungan",
        "kode_wilayah": "95.01.06.2005"
      }
    },
    {
      "type": "Feature",
      "geometry": {
        "type": "Point",
        "coordinates": [138.85553, -3.98988]
      },
      "properties": {
        "name": "KDMP Hamuhi",
        "desa": "Hamuhi",
        "kecamatan": "Musatfak",
        "kabupaten": "Jayawijaya",
        "provinsi": "Papua Pegunungan",
        "kode_wilayah": "95.01.07.2005"
      }
    },
    {
      "type": "Feature",
      "geometry": {
        "type": "Point",
        "coordinates": [138.84238, -3.87444]
      },
      "properties": {
        "name": "KDMP Wolo",
        "desa": "Wolo",
        "kecamatan": "Wolo",
        "kabupaten": "Jayawijaya",
        "provinsi": "Papua Pegunungan",
        "kode_wilayah": "95.01.08.2001"
      }
    },
    {
      "type": "Feature",
      "geometry": {
        "type": "Point",
        "coordinates": [138.8605, -3.8605]
      },
      "properties": {
        "name": "KDMP Wunan",
        "desa": "Wunan",
        "kecamatan": "Wolo",
        "kabupaten": "Jayawijaya",
        "provinsi": "Papua Pegunungan",
        "kode_wilayah": "95.01.08.2007"
      }
    },
    {
      "type": "Feature",
      "geometry": {
        "type": "Point",
        "coordinates": [138.96928, -4.16123]
      },
      "properties": {
        "name": "KDMP Wiaima",
        "desa": "Wiaima",
        "kecamatan": "Asolokobal",
        "kabupaten": "Jayawijaya",
        "provinsi": "Papua Pegunungan",
        "kode_wilayah": "95.01.09.2005"
      }
    },
    {
      "type": "Feature",
      "geometry": {
        "type": "Point",
        "coordinates": [138.84884, -4.11006]
      },
      "properties": {
        "name": "KDMP Wililimo",
        "desa": "Wililimo",
        "kecamatan": "Pelebaga",
        "kabupaten": "Jayawijaya",
        "provinsi": "Papua Pegunungan",
        "kode_wilayah": "95.01.10.2002"
      }
    },
    {
      "type": "Feature",
      "geometry": {
        "type": "Point",
        "coordinates": [138.88728, -4.08794]
      },
      "properties": {
        "name": "KDMP Mulukmo",
        "desa": "Mulukmo",
        "kecamatan": "Pelebaga",
        "kabupaten": "Jayawijaya",
        "provinsi": "Papua Pegunungan",
        "kode_wilayah": "95.01.10.2008"
      }
    },
    {
      "type": "Feature",
      "geometry": {
        "type": "Point",
        "coordinates": [138.80689, -3.8917]
      },
      "properties": {
        "name": "KDMP Yalengga",
        "desa": "Yalengga",
        "kecamatan": "Yalengga",
        "kabupaten": "Jayawijaya",
        "provinsi": "Papua Pegunungan",
        "kode_wilayah": "95.01.11.2001"
      }
    },
    {
      "type": "Feature",
      "geometry": {
        "type": "Point",
        "coordinates": [138.79183, -3.90141]
      },
      "properties": {
        "name": "KDMP Manili",
        "desa": "Manili",
        "kecamatan": "Yalengga",
        "kabupaten": "Jayawijaya",
        "provinsi": "Papua Pegunungan",
        "kode_wilayah": "95.01.11.2007"
      }
    },
    {
      "type": "Feature",
      "geometry": {
        "type": "Point",
        "coordinates": [138.66285, -4.44789]
      },
      "properties": {
        "name": "KDMP Nanggo",
        "desa": "Nanggo",
        "kecamatan": "Trikora",
        "kabupaten": "Jayawijaya",
        "provinsi": "Papua Pegunungan",
        "kode_wilayah": "95.01.12.2002"
      }
    },
    {
      "type": "Feature",
      "geometry": {
        "type": "Point",
        "coordinates": [138.9, -4.10897]
      },
      "properties": {
        "name": "KDMP Holima",
        "desa": "Holima",
        "kecamatan": "Napua",
        "kabupaten": "Jayawijaya",
        "provinsi": "Papua Pegunungan",
        "kode_wilayah": "95.01.13.2002"
      }
    },
    {
      "type": "Feature",
      "geometry": {
        "type": "Point",
        "coordinates": [138.9061, -4.1156]
      },
      "properties": {
        "name": "KDMP Yomaima",
        "desa": "Yomaima",
        "kecamatan": "Napua",
        "kabupaten": "Jayawijaya",
        "provinsi": "Papua Pegunungan",
        "kode_wilayah": "95.01.13.2008"
      }
    },
    {
      "type": "Feature",
      "geometry": {
        "type": "Point",
        "coordinates": [138.70801, -4.14905]
      },
      "properties": {
        "name": "KDMP Welekama",
        "desa": "Welekama",
        "kecamatan": "Walaik",
        "kabupaten": "Jayawijaya",
        "provinsi": "Papua Pegunungan",
        "kode_wilayah": "95.01.14.2005"
      }
    },
    {
      "type": "Feature",
      "geometry": {
        "type": "Point",
        "coordinates": [138.95894, -4.11558]
      },
      "properties": {
        "name": "KDMP Pipitmo",
        "desa": "Pipitmo",
        "kecamatan": "Wouma",
        "kabupaten": "Jayawijaya",
        "provinsi": "Papua Pegunungan",
        "kode_wilayah": "95.01.15.2006"
      }
    },
    {
      "type": "Feature",
      "geometry": {
        "type": "Point",
        "coordinates": [138.91444, -4.05141]
      },
      "properties": {
        "name": "KDMP Musiamia",
        "desa": "Musiamia",
        "kecamatan": "Hubikiak",
        "kabupaten": "Jayawijaya",
        "provinsi": "Papua Pegunungan",
        "kode_wilayah": "95.01.16.2005"
      }
    },
    {
      "type": "Feature",
      "geometry": {
        "type": "Point",
        "coordinates": [138.75319, -4.05065]
      },
      "properties": {
        "name": "KDMP Ayobaibur",
        "desa": "Ayobaibur",
        "kecamatan": "Ibele",
        "kabupaten": "Jayawijaya",
        "provinsi": "Papua Pegunungan",
        "kode_wilayah": "95.01.17.2003"
      }
    },
    {
      "type": "Feature",
      "geometry": {
        "type": "Point",
        "coordinates": [138.70891, -4.04748]
      },
      "properties": {
        "name": "KDMP Yelebarek",
        "desa": "Yelebarek",
        "kecamatan": "Ibele",
        "kabupaten": "Jayawijaya",
        "provinsi": "Papua Pegunungan",
        "kode_wilayah": "95.01.17.2009"
      }
    },
    {
      "type": "Feature",
      "geometry": {
        "type": "Point",
        "coordinates": [138.75705, -4.08482]
      },
      "properties": {
        "name": "KDMP Budliem",
        "desa": "Budliem",
        "kecamatan": "Taelarek",
        "kabupaten": "Jayawijaya",
        "provinsi": "Papua Pegunungan",
        "kode_wilayah": "95.01.18.2005"
      }
    },
    {
      "type": "Feature",
      "geometry": {
        "type": "Point",
        "coordinates": [139.10879, -4.06792]
      },
      "properties": {
        "name": "KDMP Waroba",
        "desa": "Waroba",
        "kecamatan": "Itlay Hisage",
        "kabupaten": "Jayawijaya",
        "provinsi": "Papua Pegunungan",
        "kode_wilayah": "95.01.19.2003"
      }
    },
    {
      "type": "Feature",
      "geometry": {
        "type": "Point",
        "coordinates": [139.14034, -4.05442]
      },
      "properties": {
        "name": "KDMP Kemisake",
        "desa": "Kemisake",
        "kecamatan": "Itlay Hisage",
        "kabupaten": "Jayawijaya",
        "provinsi": "Papua Pegunungan",
        "kode_wilayah": "95.01.19.2009"
      }
    },
    {
      "type": "Feature",
      "geometry": {
        "type": "Point",
        "coordinates": [139.13161, -3.97682]
      },
      "properties": {
        "name": "KDMP Sekan Dalam",
        "desa": "Sekan Dalam",
        "kecamatan": "Siepkosi",
        "kabupaten": "Jayawijaya",
        "provinsi": "Papua Pegunungan",
        "kode_wilayah": "95.01.20.2006"
      }
    },
    {
      "type": "Feature",
      "geometry": {
        "type": "Point",
        "coordinates": [138.88299, -3.93108]
      },
      "properties": {
        "name": "KDMP Wosiala",
        "desa": "Wosiala",
        "kecamatan": "Usilimo",
        "kabupaten": "Jayawijaya",
        "provinsi": "Papua Pegunungan",
        "kode_wilayah": "95.01.21.2003"
      }
    },
    {
      "type": "Feature",
      "geometry": {
        "type": "Point",
        "coordinates": [138.8711, -3.93704]
      },
      "properties": {
        "name": "KDMP Abutpuk",
        "desa": "Abutpuk",
        "kecamatan": "Usilimo",
        "kabupaten": "Jayawijaya",
        "provinsi": "Papua Pegunungan",
        "kode_wilayah": "95.01.21.2009"
      }
    },
    {
      "type": "Feature",
      "geometry": {
        "type": "Point",
        "coordinates": [138.91806, -3.9979]
      },
      "properties": {
        "name": "KDMP Wiligima",
        "desa": "Wiligima",
        "kecamatan": "Wita Waya",
        "kabupaten": "Jayawijaya",
        "provinsi": "Papua Pegunungan",
        "kode_wilayah": "95.01.22.2005"
      }
    },
    {
      "type": "Feature",
      "geometry": {
        "type": "Point",
        "coordinates": [138.99067, -3.95646]
      },
      "properties": {
        "name": "KDMP Wadangku",
        "desa": "Wadangku",
        "kecamatan": "Wadangku",
        "kabupaten": "Jayawijaya",
        "provinsi": "Papua Pegunungan",
        "kode_wilayah": "95.01.24.2001"
      }
    },
    {
      "type": "Feature",
      "geometry": {
        "type": "Point",
        "coordinates": [138.96361, -4.06453]
      },
      "properties": {
        "name": "KDMP Pabuma",
        "desa": "Pabuma",
        "kecamatan": "Pisugi",
        "kabupaten": "Jayawijaya",
        "provinsi": "Papua Pegunungan",
        "kode_wilayah": "95.01.25.2002"
      }
    },
    {
      "type": "Feature",
      "geometry": {
        "type": "Point",
        "coordinates": [138.80474, -3.87147]
      },
      "properties": {
        "name": "KDMP Koragi",
        "desa": "Koragi",
        "kecamatan": "Koragi",
        "kabupaten": "Jayawijaya",
        "provinsi": "Papua Pegunungan",
        "kode_wilayah": "95.01.26.2001"
      }
    },
    {
      "type": "Feature",
      "geometry": {
        "type": "Point",
        "coordinates": [138.70485, -3.78418]
      },
      "properties": {
        "name": "KDMP Porome",
        "desa": "Porome",
        "kecamatan": "Tagime",
        "kabupaten": "Jayawijaya",
        "provinsi": "Papua Pegunungan",
        "kode_wilayah": "95.01.27.2002"
      }
    },
    {
      "type": "Feature",
      "geometry": {
        "type": "Point",
        "coordinates": [138.72315, -3.80208]
      },
      "properties": {
        "name": "KDMP Mulugame",
        "desa": "Mulugame",
        "kecamatan": "Tagime",
        "kabupaten": "Jayawijaya",
        "provinsi": "Papua Pegunungan",
        "kode_wilayah": "95.01.27.2008"
      }
    },
    {
      "type": "Feature",
      "geometry": {
        "type": "Point",
        "coordinates": [138.70157, -3.84468]
      },
      "properties": {
        "name": "KDMP Molagalome",
        "desa": "Molagalome",
        "kecamatan": "Molagalome",
        "kabupaten": "Jayawijaya",
        "provinsi": "Papua Pegunungan",
        "kode_wilayah": "95.01.28.2003"
      }
    },
    {
      "type": "Feature",
      "geometry": {
        "type": "Point",
        "coordinates": [138.65006, -3.81816]
      },
      "properties": {
        "name": "KDMP Binibaga",
        "desa": "Binibaga",
        "kecamatan": "Tagineri",
        "kabupaten": "Jayawijaya",
        "provinsi": "Papua Pegunungan",
        "kode_wilayah": "95.01.29.2003"
      }
    },
    {
      "type": "Feature",
      "geometry": {
        "type": "Point",
        "coordinates": [138.65813, -3.78417]
      },
      "properties": {
        "name": "KDMP Wuragukme",
        "desa": "Wuragukme",
        "kecamatan": "Tagineri",
        "kabupaten": "Jayawijaya",
        "provinsi": "Papua Pegunungan",
        "kode_wilayah": "95.01.29.2009"
      }
    },
    {
      "type": "Feature",
      "geometry": {
        "type": "Point",
        "coordinates": [138.79355, -3.92414]
      },
      "properties": {
        "name": "KDMP Gigilobo",
        "desa": "Gigilobo",
        "kecamatan": "Silo Karno Doga",
        "kabupaten": "Jayawijaya",
        "provinsi": "Papua Pegunungan",
        "kode_wilayah": "95.01.30.2006"
      }
    },
    {
      "type": "Feature",
      "geometry": {
        "type": "Point",
        "coordinates": [138.76149, -3.88085]
      },
      "properties": {
        "name": "KDMP Algonik",
        "desa": "Algonik",
        "kecamatan": "Piramid",
        "kabupaten": "Jayawijaya",
        "provinsi": "Papua Pegunungan",
        "kode_wilayah": "95.01.31.2004"
      }
    },
    {
      "type": "Feature",
      "geometry": {
        "type": "Point",
        "coordinates": [138.77261, -3.89103]
      },
      "properties": {
        "name": "KDMP Beam",
        "desa": "Beam",
        "kecamatan": "Piramid",
        "kabupaten": "Jayawijaya",
        "provinsi": "Papua Pegunungan",
        "kode_wilayah": "95.01.31.2010"
      }
    },
    {
      "type": "Feature",
      "geometry": {
        "type": "Point",
        "coordinates": [138.73619, -3.99756]
      },
      "properties": {
        "name": "KDMP Sekom",
        "desa": "Sekom",
        "kecamatan": "Muliama",
        "kabupaten": "Jayawijaya",
        "provinsi": "Papua Pegunungan",
        "kode_wilayah": "95.01.32.2006"
      }
    },
    {
      "type": "Feature",
      "geometry": {
        "type": "Point",
        "coordinates": [138.74736, -4.02468]
      },
      "properties": {
        "name": "KDMP Hukuragi",
        "desa": "Hukuragi",
        "kecamatan": "Muliama",
        "kabupaten": "Jayawijaya",
        "provinsi": "Papua Pegunungan",
        "kode_wilayah": "95.01.32.2012"
      }
    },
    {
      "type": "Feature",
      "geometry": {
        "type": "Point",
        "coordinates": [138.82754, -3.89033]
      },
      "properties": {
        "name": "KDMP Walak Selatan",
        "desa": "Walak Selatan",
        "kecamatan": "Bugi",
        "kabupaten": "Jayawijaya",
        "provinsi": "Papua Pegunungan",
        "kode_wilayah": "95.01.33.2006"
      }
    },
    {
      "type": "Feature",
      "geometry": {
        "type": "Point",
        "coordinates": [138.83701, -3.85652]
      },
      "properties": {
        "name": "KDMP Ayoma",
        "desa": "Ayoma",
        "kecamatan": "Bpiri",
        "kabupaten": "Jayawijaya",
        "provinsi": "Papua Pegunungan",
        "kode_wilayah": "95.01.34.2004"
      }
    },
    {
      "type": "Feature",
      "geometry": {
        "type": "Point",
        "coordinates": [138.92607, -4.13256]
      },
      "properties": {
        "name": "KDMP Asojelipele",
        "desa": "Asojelipele",
        "kecamatan": "Welesi",
        "kabupaten": "Jayawijaya",
        "provinsi": "Papua Pegunungan",
        "kode_wilayah": "95.01.35.2003"
      }
    },
    {
      "type": "Feature",
      "geometry": {
        "type": "Point",
        "coordinates": [140.3673, -8.48387]
      },
      "properties": {
        "name": "KDMP Samkai",
        "desa": "Samkai",
        "kecamatan": "Merauke",
        "kabupaten": "Merauke",
        "provinsi": "Papua Selatan",
        "kode_wilayah": "93.01.01.1002"
      }
    },
    {
      "type": "Feature",
      "geometry": {
        "type": "Point",
        "coordinates": [140.39488, -8.50368]
      },
      "properties": {
        "name": "KDMP Bambu Pemali",
        "desa": "Bambu Pemali",
        "kecamatan": "Merauke",
        "kabupaten": "Merauke",
        "provinsi": "Papua Selatan",
        "kode_wilayah": "93.01.01.1009"
      }
    },
    {
      "type": "Feature",
      "geometry": {
        "type": "Point",
        "coordinates": [140.59841, -8.47677]
      },
      "properties": {
        "name": "KDMP Wasur",
        "desa": "Wasur",
        "kecamatan": "Merauke",
        "kabupaten": "Merauke",
        "provinsi": "Papua Selatan",
        "kode_wilayah": "93.01.01.2008"
      }
    },
    {
      "type": "Feature",
      "geometry": {
        "type": "Point",
        "coordinates": [140.39163, -7.48171]
      },
      "properties": {
        "name": "KDMP Wan",
        "desa": "Wan",
        "kecamatan": "Muting",
        "kabupaten": "Merauke",
        "provinsi": "Papua Selatan",
        "kode_wilayah": "93.01.02.2003"
      }
    },
    {
      "type": "Feature",
      "geometry": {
        "type": "Point",
        "coordinates": [140.49234, -7.46458]
      },
      "properties": {
        "name": "KDMP Manway Bop",
        "desa": "Manway Bop",
        "kecamatan": "Muting",
        "kabupaten": "Merauke",
        "provinsi": "Papua Selatan",
        "kode_wilayah": "93.01.02.2009"
      }
    },
    {
      "type": "Feature",
      "geometry": {
        "type": "Point",
        "coordinates": [139.64349, -8.01465]
      },
      "properties": {
        "name": "KDMP Makaling",
        "desa": "Makaling",
        "kecamatan": "Okaba",
        "kabupaten": "Merauke",
        "provinsi": "Papua Selatan",
        "kode_wilayah": "93.01.03.2003"
      }
    },
    {
      "type": "Feature",
      "geometry": {
        "type": "Point",
        "coordinates": [139.45828, -8.00815]
      },
      "properties": {
        "name": "KDMP Es Wambi",
        "desa": "Es Wambi",
        "kecamatan": "Okaba",
        "kabupaten": "Merauke",
        "provinsi": "Papua Selatan",
        "kode_wilayah": "93.01.03.2009"
      }
    },
    {
      "type": "Feature",
      "geometry": {
        "type": "Point",
        "coordinates": [138.72003, -7.98117]
      },
      "properties": {
        "name": "KDMP Mambum",
        "desa": "Mambum",
        "kecamatan": "Kimaam",
        "kabupaten": "Merauke",
        "provinsi": "Papua Selatan",
        "kode_wilayah": "93.01.04.2006"
      }
    },
    {
      "type": "Feature",
      "geometry": {
        "type": "Point",
        "coordinates": [138.75903, -8.05226]
      },
      "properties": {
        "name": "KDMP Umanderu",
        "desa": "Umanderu",
        "kecamatan": "Kimaam",
        "kabupaten": "Merauke",
        "provinsi": "Papua Selatan",
        "kode_wilayah": "93.01.04.2012"
      }
    },
    {
      "type": "Feature",
      "geometry": {
        "type": "Point",
        "coordinates": [140.4375, -8.46886]
      },
      "properties": {
        "name": "KDMP Kuprik",
        "desa": "Kuprik",
        "kecamatan": "Semangga",
        "kabupaten": "Merauke",
        "provinsi": "Papua Selatan",
        "kode_wilayah": "93.01.05.2005"
      }
    },
    {
      "type": "Feature",
      "geometry": {
        "type": "Point",
        "coordinates": [140.498, -8.37733]
      },
      "properties": {
        "name": "KDMP Yasa Mulya",
        "desa": "Yasa Mulya",
        "kecamatan": "Tanah Miring",
        "kabupaten": "Merauke",
        "provinsi": "Papua Selatan",
        "kode_wilayah": "93.01.06.2001"
      }
    },
    {
      "type": "Feature",
      "geometry": {
        "type": "Point",
        "coordinates": [140.69661, -8.27755]
      },
      "properties": {
        "name": "KDMP Ngguti Bob",
        "desa": "Ngguti Bob",
        "kecamatan": "Tanah Miring",
        "kabupaten": "Merauke",
        "provinsi": "Papua Selatan",
        "kode_wilayah": "93.01.06.2007"
      }
    },
    {
      "type": "Feature",
      "geometry": {
        "type": "Point",
        "coordinates": [140.78168, -8.28128]
      },
      "properties": {
        "name": "KDMP Bersehati",
        "desa": "Bersehati",
        "kecamatan": "Tanah Miring",
        "kabupaten": "Merauke",
        "provinsi": "Papua Selatan",
        "kode_wilayah": "93.01.06.2013"
      }
    },
    {
      "type": "Feature",
      "geometry": {
        "type": "Point",
        "coordinates": [140.88393, -8.07795]
      },
      "properties": {
        "name": "KDMP Poo",
        "desa": "Poo",
        "kecamatan": "Jagebob",
        "kabupaten": "Merauke",
        "provinsi": "Papua Selatan",
        "kode_wilayah": "93.01.07.2005"
      }
    },
    {
      "type": "Feature",
      "geometry": {
        "type": "Point",
        "coordinates": [140.71712, -8.22424]
      },
      "properties": {
        "name": "KDMP Wenda Asri",
        "desa": "Wenda Asri",
        "kecamatan": "Jagebob",
        "kabupaten": "Merauke",
        "provinsi": "Papua Selatan",
        "kode_wilayah": "93.01.07.2011"
      }
    },
    {
      "type": "Feature",
      "geometry": {
        "type": "Point",
        "coordinates": [140.87487, -8.6371]
      },
      "properties": {
        "name": "KDMP Rawa Biru",
        "desa": "Rawa Biru",
        "kecamatan": "Sota",
        "kabupaten": "Merauke",
        "provinsi": "Papua Selatan",
        "kode_wilayah": "93.01.08.2003"
      }
    },
    {
      "type": "Feature",
      "geometry": {
        "type": "Point",
        "coordinates": [140.66019, -7.29616]
      },
      "properties": {
        "name": "KDMP Nggayu",
        "desa": "Nggayu",
        "kecamatan": "Ulilin",
        "kabupaten": "Merauke",
        "provinsi": "Papua Selatan",
        "kode_wilayah": "93.01.09.2004"
      }
    },
    {
      "type": "Feature",
      "geometry": {
        "type": "Point",
        "coordinates": [140.92941, -7.08877]
      },
      "properties": {
        "name": "KDMP Kandrakay",
        "desa": "Kandrakay",
        "kecamatan": "Ulilin",
        "kabupaten": "Merauke",
        "provinsi": "Papua Selatan",
        "kode_wilayah": "93.01.09.2010"
      }
    },
    {
      "type": "Feature",
      "geometry": {
        "type": "Point",
        "coordinates": [140.81684, -7.44789]
      },
      "properties": {
        "name": "KDMP Metaat Makmur",
        "desa": "Metaat Makmur",
        "kecamatan": "Elikobal",
        "kabupaten": "Merauke",
        "provinsi": "Papua Selatan",
        "kode_wilayah": "93.01.10.2005"
      }
    },
    {
      "type": "Feature",
      "geometry": {
        "type": "Point",
        "coordinates": [140.63035, -7.48944]
      },
      "properties": {
        "name": "KDMP Bouwer",
        "desa": "Bouwer",
        "kecamatan": "Elikobal",
        "kabupaten": "Merauke",
        "provinsi": "Papua Selatan",
        "kode_wilayah": "93.01.10.2011"
      }
    },
    {
      "type": "Feature",
      "geometry": {
        "type": "Point",
        "coordinates": [140.24832, -8.24929]
      },
      "properties": {
        "name": "KDMP Jaya Makmur",
        "desa": "Jaya Makmur",
        "kecamatan": "Kurik",
        "kabupaten": "Merauke",
        "provinsi": "Papua Selatan",
        "kode_wilayah": "93.01.11.2005"
      }
    },
    {
      "type": "Feature",
      "geometry": {
        "type": "Point",
        "coordinates": [140.28086, -8.30679]
      },
      "properties": {
        "name": "KDMP Wonorejo",
        "desa": "Wonorejo",
        "kecamatan": "Kurik",
        "kabupaten": "Merauke",
        "provinsi": "Papua Selatan",
        "kode_wilayah": "93.01.11.2011"
      }
    },
    {
      "type": "Feature",
      "geometry": {
        "type": "Point",
        "coordinates": [140.84286, -8.79613]
      },
      "properties": {
        "name": "KDMP Tomerau",
        "desa": "Tomerau",
        "kecamatan": "Naukenjerai",
        "kabupaten": "Merauke",
        "provinsi": "Papua Selatan",
        "kode_wilayah": "93.01.12.2004"
      }
    },
    {
      "type": "Feature",
      "geometry": {
        "type": "Point",
        "coordinates": [140.38892, -7.80629]
      },
      "properties": {
        "name": "KDMP Kaisah",
        "desa": "Kaisah",
        "kecamatan": "Animha",
        "kabupaten": "Merauke",
        "provinsi": "Papua Selatan",
        "kode_wilayah": "93.01.13.2005"
      }
    },
    {
      "type": "Feature",
      "geometry": {
        "type": "Point",
        "coordinates": [140.05983, -8.15196]
      },
      "properties": {
        "name": "KDMP Domande",
        "desa": "Domande",
        "kecamatan": "Malind",
        "kabupaten": "Merauke",
        "provinsi": "Papua Selatan",
        "kode_wilayah": "93.01.14.2006"
      }
    },
    {
      "type": "Feature",
      "geometry": {
        "type": "Point",
        "coordinates": [139.18667, -7.87203]
      },
      "properties": {
        "name": "KDMP Woboyo",
        "desa": "Woboyo",
        "kecamatan": "Tubang",
        "kabupaten": "Merauke",
        "provinsi": "Papua Selatan",
        "kode_wilayah": "93.01.15.2005"
      }
    },
    {
      "type": "Feature",
      "geometry": {
        "type": "Point",
        "coordinates": [139.47074, -7.43636]
      },
      "properties": {
        "name": "KDMP Salam Epe",
        "desa": "Salam Epe",
        "kecamatan": "Ngguti",
        "kabupaten": "Merauke",
        "provinsi": "Papua Selatan",
        "kode_wilayah": "93.01.16.2005"
      }
    },
    {
      "type": "Feature",
      "geometry": {
        "type": "Point",
        "coordinates": [140.0437, -7.91265]
      },
      "properties": {
        "name": "KDMP Bu Epe",
        "desa": "Bu Epe",
        "kecamatan": "Kaptel",
        "kabupaten": "Merauke",
        "provinsi": "Papua Selatan",
        "kode_wilayah": "93.01.17.2005"
      }
    },
    {
      "type": "Feature",
      "geometry": {
        "type": "Point",
        "coordinates": [138.42784, -7.55664]
      },
      "properties": {
        "name": "KDMP Konjombando",
        "desa": "Konjombando",
        "kecamatan": "Tabonji",
        "kabupaten": "Merauke",
        "provinsi": "Papua Selatan",
        "kode_wilayah": "93.01.18.2006"
      }
    },
    {
      "type": "Feature",
      "geometry": {
        "type": "Point",
        "coordinates": [137.71997, -8.27716]
      },
      "properties": {
        "name": "KDMP Sabon",
        "desa": "Sabon",
        "kecamatan": "Waan",
        "kabupaten": "Merauke",
        "provinsi": "Papua Selatan",
        "kode_wilayah": "93.01.19.2005"
      }
    },
    {
      "type": "Feature",
      "geometry": {
        "type": "Point",
        "coordinates": [138.90276, -7.85092]
      },
      "properties": {
        "name": "KDMP Sabudon",
        "desa": "Sabudon",
        "kecamatan": "Padua",
        "kabupaten": "Merauke",
        "provinsi": "Papua Selatan",
        "kode_wilayah": "93.01.21.2001"
      }
    },
    {
      "type": "Feature",
      "geometry": {
        "type": "Point",
        "coordinates": [137.94049, -7.98938]
      },
      "properties": {
        "name": "KDMP Wetau",
        "desa": "Wetau",
        "kecamatan": "Kontuar",
        "kabupaten": "Merauke",
        "provinsi": "Papua Selatan",
        "kode_wilayah": "93.01.22.2002"
      }
    },
    {
      "type": "Feature",
      "geometry": {
        "type": "Point",
        "coordinates": [140.33905, -6.17774]
      },
      "properties": {
        "name": "KDMP Persatuan",
        "desa": "Persatuan",
        "kecamatan": "Mandobo",
        "kabupaten": "Boven Digoel",
        "provinsi": "Papua Selatan",
        "kode_wilayah": "93.02.01.2003"
      }
    },
    {
      "type": "Feature",
      "geometry": {
        "type": "Point",
        "coordinates": [140.74756, -5.75424]
      },
      "properties": {
        "name": "KDMP Wanggatkibi",
        "desa": "Wanggatkibi",
        "kecamatan": "Mindiptana",
        "kabupaten": "Boven Digoel",
        "provinsi": "Papua Selatan",
        "kode_wilayah": "93.02.02.2004"
      }
    },
    {
      "type": "Feature",
      "geometry": {
        "type": "Point",
        "coordinates": [140.68407, -5.83619]
      },
      "properties": {
        "name": "KDMP Kamka",
        "desa": "Kamka",
        "kecamatan": "Mindiptana",
        "kabupaten": "Boven Digoel",
        "provinsi": "Papua Selatan",
        "kode_wilayah": "93.02.02.2010"
      }
    },
    {
      "type": "Feature",
      "geometry": {
        "type": "Point",
        "coordinates": [140.77371, -5.70143]
      },
      "properties": {
        "name": "KDMP Kanggewot",
        "desa": "Kanggewot",
        "kecamatan": "Waropko",
        "kabupaten": "Boven Digoel",
        "provinsi": "Papua Selatan",
        "kode_wilayah": "93.02.03.2003"
      }
    },
    {
      "type": "Feature",
      "geometry": {
        "type": "Point",
        "coordinates": [140.91551, -5.41405]
      },
      "properties": {
        "name": "KDMP Ikcan",
        "desa": "Ikcan",
        "kecamatan": "Waropko",
        "kabupaten": "Boven Digoel",
        "provinsi": "Papua Selatan",
        "kode_wilayah": "93.02.03.2009"
      }
    },
    {
      "type": "Feature",
      "geometry": {
        "type": "Point",
        "coordinates": [140.68074, -6.48641]
      },
      "properties": {
        "name": "KDMP Butiptiri",
        "desa": "Butiptiri",
        "kecamatan": "Jair",
        "kabupaten": "Boven Digoel",
        "provinsi": "Papua Selatan",
        "kode_wilayah": "93.02.05.2003"
      }
    },
    {
      "type": "Feature",
      "geometry": {
        "type": "Point",
        "coordinates": [139.95168, -5.85476]
      },
      "properties": {
        "name": "KDMP Somi",
        "desa": "Somi",
        "kecamatan": "Bomakia",
        "kabupaten": "Boven Digoel",
        "provinsi": "Papua Selatan",
        "kode_wilayah": "93.02.06.2003"
      }
    },
    {
      "type": "Feature",
      "geometry": {
        "type": "Point",
        "coordinates": [140.7965, -5.79945]
      },
      "properties": {
        "name": "KDMP Amuan",
        "desa": "Amuan",
        "kecamatan": "Kombut",
        "kabupaten": "Boven Digoel",
        "provinsi": "Papua Selatan",
        "kode_wilayah": "93.02.07.2004"
      }
    },
    {
      "type": "Feature",
      "geometry": {
        "type": "Point",
        "coordinates": [140.54527, -5.69195]
      },
      "properties": {
        "name": "KDMP Maju",
        "desa": "Maju",
        "kecamatan": "Arimop",
        "kabupaten": "Boven Digoel",
        "provinsi": "Papua Selatan",
        "kode_wilayah": "93.02.09.2001"
      }
    },
    {
      "type": "Feature",
      "geometry": {
        "type": "Point",
        "coordinates": [140.52585, -5.78444]
      },
      "properties": {
        "name": "KDMP Aroa",
        "desa": "Aroa",
        "kecamatan": "Arimop",
        "kabupaten": "Boven Digoel",
        "provinsi": "Papua Selatan",
        "kode_wilayah": "93.02.09.2007"
      }
    },
    {
      "type": "Feature",
      "geometry": {
        "type": "Point",
        "coordinates": [139.78619, -6.39928]
      },
      "properties": {
        "name": "KDMP Hamkhu",
        "desa": "Hamkhu",
        "kecamatan": "Fofi",
        "kabupaten": "Boven Digoel",
        "provinsi": "Papua Selatan",
        "kode_wilayah": "93.02.10.2006"
      }
    },
    {
      "type": "Feature",
      "geometry": {
        "type": "Point",
        "coordinates": [140.65332, -5.31905]
      },
      "properties": {
        "name": "KDMP Arimbit",
        "desa": "Arimbit",
        "kecamatan": "Ambatkwi",
        "kabupaten": "Boven Digoel",
        "provinsi": "Papua Selatan",
        "kode_wilayah": "93.02.11.2004"
      }
    },
    {
      "type": "Feature",
      "geometry": {
        "type": "Point",
        "coordinates": [140.43742, -5.4243]
      },
      "properties": {
        "name": "KDMP Kewam",
        "desa": "Kewam",
        "kecamatan": "Manggelum",
        "kabupaten": "Boven Digoel",
        "provinsi": "Papua Selatan",
        "kode_wilayah": "93.02.12.2005"
      }
    },
    {
      "type": "Feature",
      "geometry": {
        "type": "Point",
        "coordinates": [139.81723, -5.40227]
      },
      "properties": {
        "name": "KDMP Yaniruma",
        "desa": "Yaniruma",
        "kecamatan": "Yaniruma",
        "kabupaten": "Boven Digoel",
        "provinsi": "Papua Selatan",
        "kode_wilayah": "93.02.14.2001"
      }
    },
    {
      "type": "Feature",
      "geometry": {
        "type": "Point",
        "coordinates": [140.57731, -6.84059]
      },
      "properties": {
        "name": "KDMP Aiwat",
        "desa": "Aiwat",
        "kecamatan": "Subur",
        "kabupaten": "Boven Digoel",
        "provinsi": "Papua Selatan",
        "kode_wilayah": "93.02.15.2004"
      }
    },
    {
      "type": "Feature",
      "geometry": {
        "type": "Point",
        "coordinates": [140.93367, -5.71816]
      },
      "properties": {
        "name": "KDMP Ninati",
        "desa": "Ninati",
        "kecamatan": "Ninati",
        "kabupaten": "Boven Digoel",
        "provinsi": "Papua Selatan",
        "kode_wilayah": "93.02.17.2001"
      }
    },
    {
      "type": "Feature",
      "geometry": {
        "type": "Point",
        "coordinates": [140.71543, -5.99192]
      },
      "properties": {
        "name": "KDMP Anggamburan",
        "desa": "Anggamburan",
        "kecamatan": "Sesnuk",
        "kabupaten": "Boven Digoel",
        "provinsi": "Papua Selatan",
        "kode_wilayah": "93.02.18.2002"
      }
    },
    {
      "type": "Feature",
      "geometry": {
        "type": "Point",
        "coordinates": [140.15562, -6.4867]
      },
      "properties": {
        "name": "KDMP Watemu",
        "desa": "Watemu",
        "kecamatan": "Ki",
        "kabupaten": "Boven Digoel",
        "provinsi": "Papua Selatan",
        "kode_wilayah": "93.02.19.2003"
      }
    }
  ]
}
